2026-01-09T00:01:19.932+08:00  INFO 9772 --- [carpool] [restartedMain] com.example.carpool.CarpoolApplication   : Starting CarpoolApplication using Java 21.0.9 with PID 9772 (C:\Users\HS\Desktop\carpool\carpool-b\build\classes\java\main started by alxy in C:\Users\HS\Desktop\carpool\carpool-b)
2026-01-09T00:01:19.937+08:00 DEBUG 9772 --- [carpool] [restartedMain] com.example.carpool.CarpoolApplication   : Running with Spring Boot v3.5.7, Spring v6.2.12
2026-01-09T00:01:19.938+08:00  INFO 9772 --- [carpool] [restartedMain] com.example.carpool.CarpoolApplication   : No active profile set, falling back to 1 default profile: "default"
2026-01-09T00:01:19.977+08:00  INFO 9772 --- [carpool] [restartedMain] .e.DevToolsPropertyDefaultsPostProcessor : Devtools property defaults active! Set 'spring.devtools.add-properties' to 'false' to disable
2026-01-09T00:01:19.978+08:00  INFO 9772 --- [carpool] [restartedMain] .e.DevToolsPropertyDefaultsPostProcessor : For additional web related logging consider setting the 'logging.level.web' property to 'DEBUG'
2026-01-09T00:01:20.532+08:00  INFO 9772 --- [carpool] [restartedMain] .s.d.r.c.RepositoryConfigurationDelegate : Bootstrapping Spring Data JPA repositories in DEFAULT mode.
2026-01-09T00:01:20.597+08:00  INFO 9772 --- [carpool] [restartedMain] .s.d.r.c.RepositoryConfigurationDelegate : Finished Spring Data repository scanning in 56 ms. Found 7 JPA repository interfaces.
2026-01-09T00:01:21.081+08:00  INFO 9772 --- [carpool] [restartedMain] o.s.b.w.embedded.tomcat.TomcatWebServer  : Tomcat initialized with port 8080 (http)
2026-01-09T00:01:21.096+08:00  INFO 9772 --- [carpool] [restartedMain] o.apache.catalina.core.StandardService   : Starting service [Tomcat]
2026-01-09T00:01:21.097+08:00  INFO 9772 --- [carpool] [restartedMain] o.apache.catalina.core.StandardEngine    : Starting Servlet engine: [Apache Tomcat/10.1.48]
2026-01-09T00:01:21.140+08:00  INFO 9772 --- [carpool] [restartedMain] o.a.c.c.C.[Tomcat].[localhost].[/api]    : Initializing Spring embedded WebApplicationContext
2026-01-09T00:01:21.141+08:00  INFO 9772 --- [carpool] [restartedMain] w.s.c.ServletWebServerApplicationContext : Root WebApplicationContext: initialization completed in 1162 ms
2026-01-09T00:01:21.260+08:00  INFO 9772 --- [carpool] [restartedMain] o.hibernate.jpa.internal.util.LogHelper  : HHH000204: Processing PersistenceUnitInfo [name: default]
2026-01-09T00:01:21.298+08:00  INFO 9772 --- [carpool] [restartedMain] org.hibernate.Version                    : HHH000412: Hibernate ORM core version 6.6.33.Final
2026-01-09T00:01:21.322+08:00  INFO 9772 --- [carpool] [restartedMain] o.h.c.internal.RegionFactoryInitiator    : HHH000026: Second-level cache disabled
2026-01-09T00:01:21.531+08:00  INFO 9772 --- [carpool] [restartedMain] o.s.o.j.p.SpringPersistenceUnitInfo      : No LoadTimeWeaver setup: ignoring JPA class transformer
2026-01-09T00:01:21.554+08:00  INFO 9772 --- [carpool] [restartedMain] com.zaxxer.hikari.HikariDataSource       : HikariPool-1 - Starting...
2026-01-09T00:01:21.674+08:00  INFO 9772 --- [carpool] [restartedMain] com.zaxxer.hikari.pool.HikariPool        : HikariPool-1 - Added connection com.mysql.cj.jdbc.ConnectionImpl@383bada5
2026-01-09T00:01:21.676+08:00  INFO 9772 --- [carpool] [restartedMain] com.zaxxer.hikari.HikariDataSource       : HikariPool-1 - Start completed.
2026-01-09T00:01:21.709+08:00  WARN 9772 --- [carpool] [restartedMain] org.hibernate.orm.deprecation            : HHH90000025: MySQL8Dialect does not need to be specified explicitly using 'hibernate.dialect' (remove the property setting and it will be selected by default)
2026-01-09T00:01:21.709+08:00  WARN 9772 --- [carpool] [restartedMain] org.hibernate.orm.deprecation            : HHH90000026: MySQL8Dialect has been deprecated; use org.hibernate.dialect.MySQLDialect instead
2026-01-09T00:01:21.721+08:00  INFO 9772 --- [carpool] [restartedMain] org.hibernate.orm.connections.pooling    : HHH10001005: Database info:
	Database JDBC URL [Connecting through datasource 'HikariDataSource (HikariPool-1)']
	Database driver: undefined/unknown
	Database version: 8.0
	Autocommit mode: undefined/unknown
	Isolation level: undefined/unknown
	Minimum pool size: undefined/unknown
	Maximum pool size: undefined/unknown
2026-01-09T00:01:22.635+08:00  INFO 9772 --- [carpool] [restartedMain] o.h.e.t.j.p.i.JtaPlatformInitiator       : HHH000489: No JTA platform available (set 'hibernate.transaction.jta.platform' to enable JTA platform integration)
2026-01-09T00:01:22.639+08:00  INFO 9772 --- [carpool] [restartedMain] j.LocalContainerEntityManagerFactoryBean : Initialized JPA EntityManagerFactory for persistence unit 'default'
2026-01-09T00:01:23.175+08:00  INFO 9772 --- [carpool] [restartedMain] o.s.d.j.r.query.QueryEnhancerFactory     : Hibernate is in classpath; If applicable, HQL parser will be used.
2026-01-09T00:01:27.745+08:00  WARN 9772 --- [carpool] [restartedMain] JpaBaseConfiguration$JpaWebConfiguration : spring.jpa.open-in-view is enabled by default. Therefore, database queries may be performed during view rendering. Explicitly configure spring.jpa.open-in-view to disable this warning
2026-01-09T00:01:28.213+08:00  INFO 9772 --- [carpool] [restartedMain] o.s.b.d.a.OptionalLiveReloadServer       : LiveReload server is running on port 35729
2026-01-09T00:01:28.250+08:00  INFO 9772 --- [carpool] [restartedMain] o.s.b.w.embedded.tomcat.TomcatWebServer  : Tomcat started on port 8080 (http) with context path '/api'
2026-01-09T00:01:28.257+08:00  INFO 9772 --- [carpool] [restartedMain] com.example.carpool.CarpoolApplication   : Started CarpoolApplication in 8.68 seconds (process running for 9.064)
2026-01-09T00:06:57.051+08:00  INFO 20948 --- [carpool] [restartedMain] com.example.carpool.CarpoolApplication   : Starting CarpoolApplication using Java 21.0.9 with PID 20948 (C:\Users\HS\Desktop\carpool\carpool-b\build\classes\java\main started by alxy in C:\Users\HS\Desktop\carpool\carpool-b)
2026-01-09T00:06:57.053+08:00 DEBUG 20948 --- [carpool] [restartedMain] com.example.carpool.CarpoolApplication   : Running with Spring Boot v3.5.7, Spring v6.2.12
2026-01-09T00:06:57.053+08:00  INFO 20948 --- [carpool] [restartedMain] com.example.carpool.CarpoolApplication   : No active profile set, falling back to 1 default profile: "default"
2026-01-09T00:06:57.091+08:00  INFO 20948 --- [carpool] [restartedMain] .e.DevToolsPropertyDefaultsPostProcessor : Devtools property defaults active! Set 'spring.devtools.add-properties' to 'false' to disable
2026-01-09T00:06:57.091+08:00  INFO 20948 --- [carpool] [restartedMain] .e.DevToolsPropertyDefaultsPostProcessor : For additional web related logging consider setting the 'logging.level.web' property to 'DEBUG'
2026-01-09T00:06:57.653+08:00  INFO 20948 --- [carpool] [restartedMain] .s.d.r.c.RepositoryConfigurationDelegate : Bootstrapping Spring Data JPA repositories in DEFAULT mode.
2026-01-09T00:06:57.714+08:00  INFO 20948 --- [carpool] [restartedMain] .s.d.r.c.RepositoryConfigurationDelegate : Finished Spring Data repository scanning in 54 ms. Found 7 JPA repository interfaces.
2026-01-09T00:06:58.219+08:00  INFO 20948 --- [carpool] [restartedMain] o.s.b.w.embedded.tomcat.TomcatWebServer  : Tomcat initialized with port 8080 (http)
2026-01-09T00:06:58.234+08:00  INFO 20948 --- [carpool] [restartedMain] o.apache.catalina.core.StandardService   : Starting service [Tomcat]
2026-01-09T00:06:58.235+08:00  INFO 20948 --- [carpool] [restartedMain] o.apache.catalina.core.StandardEngine    : Starting Servlet engine: [Apache Tomcat/10.1.48]
2026-01-09T00:06:58.282+08:00  INFO 20948 --- [carpool] [restartedMain] o.a.c.c.C.[Tomcat].[localhost].[/api]    : Initializing Spring embedded WebApplicationContext
2026-01-09T00:06:58.282+08:00  INFO 20948 --- [carpool] [restartedMain] w.s.c.ServletWebServerApplicationContext : Root WebApplicationContext: initialization completed in 1191 ms
2026-01-09T00:06:58.407+08:00  INFO 20948 --- [carpool] [restartedMain] o.hibernate.jpa.internal.util.LogHelper  : HHH000204: Processing PersistenceUnitInfo [name: default]
2026-01-09T00:06:58.451+08:00  INFO 20948 --- [carpool] [restartedMain] org.hibernate.Version                    : HHH000412: Hibernate ORM core version 6.6.33.Final
2026-01-09T00:06:58.477+08:00  INFO 20948 --- [carpool] [restartedMain] o.h.c.internal.RegionFactoryInitiator    : HHH000026: Second-level cache disabled
2026-01-09T00:06:58.688+08:00  INFO 20948 --- [carpool] [restartedMain] o.s.o.j.p.SpringPersistenceUnitInfo      : No LoadTimeWeaver setup: ignoring JPA class transformer
2026-01-09T00:06:58.709+08:00  INFO 20948 --- [carpool] [restartedMain] com.zaxxer.hikari.HikariDataSource       : HikariPool-1 - Starting...
2026-01-09T00:06:58.834+08:00  INFO 20948 --- [carpool] [restartedMain] com.zaxxer.hikari.pool.HikariPool        : HikariPool-1 - Added connection com.mysql.cj.jdbc.ConnectionImpl@2fb8bf84
2026-01-09T00:06:58.835+08:00  INFO 20948 --- [carpool] [restartedMain] com.zaxxer.hikari.HikariDataSource       : HikariPool-1 - Start completed.
2026-01-09T00:06:58.872+08:00  WARN 20948 --- [carpool] [restartedMain] org.hibernate.orm.deprecation            : HHH90000025: MySQL8Dialect does not need to be specified explicitly using 'hibernate.dialect' (remove the property setting and it will be selected by default)
2026-01-09T00:06:58.873+08:00  WARN 20948 --- [carpool] [restartedMain] org.hibernate.orm.deprecation            : HHH90000026: MySQL8Dialect has been deprecated; use org.hibernate.dialect.MySQLDialect instead
2026-01-09T00:06:58.885+08:00  INFO 20948 --- [carpool] [restartedMain] org.hibernate.orm.connections.pooling    : HHH10001005: Database info:
	Database JDBC URL [Connecting through datasource 'HikariDataSource (HikariPool-1)']
	Database driver: undefined/unknown
	Database version: 8.0
	Autocommit mode: undefined/unknown
	Isolation level: undefined/unknown
	Minimum pool size: undefined/unknown
	Maximum pool size: undefined/unknown
2026-01-09T00:06:59.947+08:00  INFO 20948 --- [carpool] [restartedMain] o.h.e.t.j.p.i.JtaPlatformInitiator       : HHH000489: No JTA platform available (set 'hibernate.transaction.jta.platform' to enable JTA platform integration)
2026-01-09T00:06:59.951+08:00  INFO 20948 --- [carpool] [restartedMain] j.LocalContainerEntityManagerFactoryBean : Initialized JPA EntityManagerFactory for persistence unit 'default'
2026-01-09T00:07:00.469+08:00  INFO 20948 --- [carpool] [restartedMain] o.s.d.j.r.query.QueryEnhancerFactory     : Hibernate is in classpath; If applicable, HQL parser will be used.
2026-01-09T00:07:04.952+08:00  WARN 20948 --- [carpool] [restartedMain] JpaBaseConfiguration$JpaWebConfiguration : spring.jpa.open-in-view is enabled by default. Therefore, database queries may be performed during view rendering. Explicitly configure spring.jpa.open-in-view to disable this warning
2026-01-09T00:07:05.450+08:00  INFO 20948 --- [carpool] [restartedMain] o.s.b.d.a.OptionalLiveReloadServer       : LiveReload server is running on port 35729
2026-01-09T00:07:05.500+08:00  INFO 20948 --- [carpool] [restartedMain] o.s.b.w.embedded.tomcat.TomcatWebServer  : Tomcat started on port 8080 (http) with context path '/api'
2026-01-09T00:07:05.511+08:00  INFO 20948 --- [carpool] [restartedMain] com.example.carpool.CarpoolApplication   : Started CarpoolApplication in 8.846 seconds (process running for 9.22)
2026-01-09T00:07:53.744+08:00  INFO 20948 --- [carpool] [http-nio-8080-exec-3] o.a.c.c.C.[Tomcat].[localhost].[/api]    : Initializing Spring DispatcherServlet 'dispatcherServlet'
2026-01-09T00:07:53.744+08:00  INFO 20948 --- [carpool] [http-nio-8080-exec-3] o.s.web.servlet.DispatcherServlet        : Initializing Servlet 'dispatcherServlet'
2026-01-09T00:07:53.747+08:00  INFO 20948 --- [carpool] [http-nio-8080-exec-3] o.s.web.servlet.DispatcherServlet        : Completed initialization in 3 ms
2026-01-09T00:07:53.951+08:00 DEBUG 20948 --- [carpool] [http-nio-8080-exec-3] org.hibernate.SQL                        : 
    select
        rto1_0.evaluation_status,
        count(rto1_0.id) 
    from
        road_traffic_overall rto1_0 
    where
        rto1_0.request_time>=? 
    group by
        rto1_0.evaluation_status
2026-01-09T00:07:53.951+08:00 DEBUG 20948 --- [carpool] [http-nio-8080-exec-5] org.hibernate.SQL                        : 
    select
        rto1_0.id,
        rto1_0.api_status,
        rto1_0.city,
        rto1_0.created_at,
        rto1_0.description,
        rto1_0.evaluation_status,
        rto1_0.evaluation_status_desc,
        rto1_0.message,
        rto1_0.request_time,
        rto1_0.road_name 
    from
        road_traffic_overall rto1_0 
    where
        rto1_0.id in (select
            max(rto2_0.id) 
        from
            road_traffic_overall rto2_0 
        group by
            rto2_0.road_name, rto2_0.city) 
    order by
        rto1_0.request_time desc,
        rto1_0.request_time desc 
    limit
        ?
2026-01-09T00:07:54.076+08:00 DEBUG 20948 --- [carpool] [http-nio-8080-exec-5] org.hibernate.SQL                        : 
    select
        count(rto1_0.id) 
    from
        road_traffic_overall rto1_0 
    where
        rto1_0.id in (select
            max(rto2_0.id) 
        from
            road_traffic_overall rto2_0 
        group by
            rto2_0.road_name, rto2_0.city)
2026-01-09T00:07:54.119+08:00  WARN 20948 --- [carpool] [http-nio-8080-exec-5] ration$PageModule$WarningLoggingModifier : Serializing PageImpl instances as-is is not supported, meaning that there is no guarantee about the stability of the resulting JSON structure!
	For a stable JSON structure, please use Spring Data's PagedModel (globally via @EnableSpringDataWebSupport(pageSerializationMode = VIA_DTO))
	or Spring HATEOAS and Spring Data's PagedResourcesAssembler as documented in https://docs.spring.io/spring-data/commons/reference/repositories/core-extensions.html#core.web.pageables.

2026-01-09T00:07:54.826+08:00 DEBUG 20948 --- [carpool] [http-nio-8080-exec-4] org.hibernate.SQL                        : 
    select
        rto1_0.id,
        rto1_0.api_status,
        rto1_0.city,
        rto1_0.created_at,
        rto1_0.description,
        rto1_0.evaluation_status,
        rto1_0.evaluation_status_desc,
        rto1_0.message,
        rto1_0.request_time,
        rto1_0.road_name 
    from
        road_traffic_overall rto1_0 
    where
        rto1_0.id in (select
            max(rto2_0.id) 
        from
            road_traffic_overall rto2_0 
        group by
            rto2_0.road_name, rto2_0.city) 
    order by
        rto1_0.request_time desc,
        rto1_0.request_time desc 
    limit
        ?
2026-01-09T00:07:54.826+08:00 DEBUG 20948 --- [carpool] [http-nio-8080-exec-2] org.hibernate.SQL                        : 
    select
        rto1_0.evaluation_status,
        count(rto1_0.id) 
    from
        road_traffic_overall rto1_0 
    where
        rto1_0.request_time>=? 
    group by
        rto1_0.evaluation_status
2026-01-09T00:07:54.835+08:00 DEBUG 20948 --- [carpool] [http-nio-8080-exec-4] org.hibernate.SQL                        : 
    select
        count(rto1_0.id) 
    from
        road_traffic_overall rto1_0 
    where
        rto1_0.id in (select
            max(rto2_0.id) 
        from
            road_traffic_overall rto2_0 
        group by
            rto2_0.road_name, rto2_0.city)
2026-01-09T00:07:55.584+08:00 DEBUG 20948 --- [carpool] [http-nio-8080-exec-7] org.hibernate.SQL                        : 
    select
        rto1_0.evaluation_status,
        count(rto1_0.id) 
    from
        road_traffic_overall rto1_0 
    where
        rto1_0.request_time>=? 
    group by
        rto1_0.evaluation_status
2026-01-09T00:07:55.584+08:00 DEBUG 20948 --- [carpool] [http-nio-8080-exec-6] org.hibernate.SQL                        : 
    select
        rto1_0.id,
        rto1_0.api_status,
        rto1_0.city,
        rto1_0.created_at,
        rto1_0.description,
        rto1_0.evaluation_status,
        rto1_0.evaluation_status_desc,
        rto1_0.message,
        rto1_0.request_time,
        rto1_0.road_name 
    from
        road_traffic_overall rto1_0 
    where
        rto1_0.id in (select
            max(rto2_0.id) 
        from
            road_traffic_overall rto2_0 
        group by
            rto2_0.road_name, rto2_0.city) 
    order by
        rto1_0.request_time desc,
        rto1_0.request_time desc 
    limit
        ?
2026-01-09T00:07:55.592+08:00 DEBUG 20948 --- [carpool] [http-nio-8080-exec-6] org.hibernate.SQL                        : 
    select
        count(rto1_0.id) 
    from
        road_traffic_overall rto1_0 
    where
        rto1_0.id in (select
            max(rto2_0.id) 
        from
            road_traffic_overall rto2_0 
        group by
            rto2_0.road_name, rto2_0.city)
2026-01-09T00:08:00.453+08:00  INFO 20948 --- [carpool] [http-nio-8080-exec-9] c.e.c.controller.TrafficController       : 收到获取支持城市列表请求
2026-01-09T00:08:00.458+08:00 DEBUG 20948 --- [carpool] [http-nio-8080-exec-9] org.hibernate.SQL                        : 
    select
        distinct rto1_0.city 
    from
        road_traffic_overall rto1_0 
    order by
        rto1_0.city
2026-01-09T00:08:00.463+08:00  INFO 20948 --- [carpool] [http-nio-8080-exec-9] c.e.c.controller.TrafficController       : 查询成功 - 找到 1 个城市
2026-01-09T00:08:00.463+08:00 DEBUG 20948 --- [carpool] [http-nio-8080-exec-9] c.e.c.controller.TrafficController       : 城市列表: [上海市]
2026-01-09T00:08:00.480+08:00  INFO 20948 --- [carpool] [http-nio-8080-exec-8] c.e.c.controller.TrafficController       : 收到获取城市道路列表请求 - 城市: [上海市]
2026-01-09T00:08:00.483+08:00 DEBUG 20948 --- [carpool] [http-nio-8080-exec-8] org.hibernate.SQL                        : 
    select
        distinct rto1_0.road_name 
    from
        road_traffic_overall rto1_0 
    where
        rto1_0.city=? 
    order by
        rto1_0.road_name
2026-01-09T00:08:00.488+08:00  INFO 20948 --- [carpool] [http-nio-8080-exec-8] c.e.c.controller.TrafficController       : 查询成功 - 找到 12 条道路
2026-01-09T00:08:00.683+08:00 DEBUG 20948 --- [carpool] [http-nio-8080-exec-10] org.hibernate.SQL                        : 
    select
        rto1_0.id,
        rto1_0.api_status,
        rto1_0.city,
        rto1_0.created_at,
        rto1_0.description,
        rto1_0.evaluation_status,
        rto1_0.evaluation_status_desc,
        rto1_0.message,
        rto1_0.request_time,
        rto1_0.road_name 
    from
        road_traffic_overall rto1_0 
    where
        rto1_0.id in (select
            max(rto2_0.id) 
        from
            road_traffic_overall rto2_0 
        group by
            rto2_0.road_name, rto2_0.city) 
    order by
        rto1_0.request_time desc,
        rto1_0.request_time desc 
    limit
        ?
2026-01-09T00:08:00.683+08:00 DEBUG 20948 --- [carpool] [http-nio-8080-exec-1] org.hibernate.SQL                        : 
    select
        rto1_0.evaluation_status,
        count(rto1_0.id) 
    from
        road_traffic_overall rto1_0 
    where
        rto1_0.request_time>=? 
    group by
        rto1_0.evaluation_status
2026-01-09T00:08:00.688+08:00 DEBUG 20948 --- [carpool] [http-nio-8080-exec-10] org.hibernate.SQL                        : 
    select
        count(rto1_0.id) 
    from
        road_traffic_overall rto1_0 
    where
        rto1_0.id in (select
            max(rto2_0.id) 
        from
            road_traffic_overall rto2_0 
        group by
            rto2_0.road_name, rto2_0.city)
2026-01-09T00:08:00.906+08:00  INFO 20948 --- [carpool] [http-nio-8080-exec-3] c.e.c.controller.TrafficController       : 收到获取支持城市列表请求
2026-01-09T00:08:00.907+08:00 DEBUG 20948 --- [carpool] [http-nio-8080-exec-3] org.hibernate.SQL                        : 
    select
        distinct rto1_0.city 
    from
        road_traffic_overall rto1_0 
    order by
        rto1_0.city
2026-01-09T00:08:00.910+08:00  INFO 20948 --- [carpool] [http-nio-8080-exec-3] c.e.c.controller.TrafficController       : 查询成功 - 找到 1 个城市
2026-01-09T00:08:00.910+08:00 DEBUG 20948 --- [carpool] [http-nio-8080-exec-3] c.e.c.controller.TrafficController       : 城市列表: [上海市]
2026-01-09T00:08:00.928+08:00  INFO 20948 --- [carpool] [http-nio-8080-exec-5] c.e.c.controller.TrafficController       : 收到获取城市道路列表请求 - 城市: [上海市]
2026-01-09T00:08:00.929+08:00 DEBUG 20948 --- [carpool] [http-nio-8080-exec-5] org.hibernate.SQL                        : 
    select
        distinct rto1_0.road_name 
    from
        road_traffic_overall rto1_0 
    where
        rto1_0.city=? 
    order by
        rto1_0.road_name
2026-01-09T00:08:00.932+08:00  INFO 20948 --- [carpool] [http-nio-8080-exec-5] c.e.c.controller.TrafficController       : 查询成功 - 找到 12 条道路
2026-01-09T00:08:01.110+08:00 DEBUG 20948 --- [carpool] [http-nio-8080-exec-4] org.hibernate.SQL                        : 
    select
        rto1_0.evaluation_status,
        count(rto1_0.id) 
    from
        road_traffic_overall rto1_0 
    where
        rto1_0.request_time>=? 
    group by
        rto1_0.evaluation_status
2026-01-09T00:08:01.110+08:00 DEBUG 20948 --- [carpool] [http-nio-8080-exec-2] org.hibernate.SQL                        : 
    select
        rto1_0.id,
        rto1_0.api_status,
        rto1_0.city,
        rto1_0.created_at,
        rto1_0.description,
        rto1_0.evaluation_status,
        rto1_0.evaluation_status_desc,
        rto1_0.message,
        rto1_0.request_time,
        rto1_0.road_name 
    from
        road_traffic_overall rto1_0 
    where
        rto1_0.id in (select
            max(rto2_0.id) 
        from
            road_traffic_overall rto2_0 
        group by
            rto2_0.road_name, rto2_0.city) 
    order by
        rto1_0.request_time desc,
        rto1_0.request_time desc 
    limit
        ?
2026-01-09T00:08:01.114+08:00 DEBUG 20948 --- [carpool] [http-nio-8080-exec-2] org.hibernate.SQL                        : 
    select
        count(rto1_0.id) 
    from
        road_traffic_overall rto1_0 
    where
        rto1_0.id in (select
            max(rto2_0.id) 
        from
            road_traffic_overall rto2_0 
        group by
            rto2_0.road_name, rto2_0.city)
2026-01-09T00:08:01.317+08:00  INFO 20948 --- [carpool] [http-nio-8080-exec-7] c.e.c.controller.TrafficController       : 收到获取支持城市列表请求
2026-01-09T00:08:01.319+08:00 DEBUG 20948 --- [carpool] [http-nio-8080-exec-7] org.hibernate.SQL                        : 
    select
        distinct rto1_0.city 
    from
        road_traffic_overall rto1_0 
    order by
        rto1_0.city
2026-01-09T00:08:01.321+08:00  INFO 20948 --- [carpool] [http-nio-8080-exec-7] c.e.c.controller.TrafficController       : 查询成功 - 找到 1 个城市
2026-01-09T00:08:01.321+08:00 DEBUG 20948 --- [carpool] [http-nio-8080-exec-7] c.e.c.controller.TrafficController       : 城市列表: [上海市]
2026-01-09T00:08:01.335+08:00  INFO 20948 --- [carpool] [http-nio-8080-exec-6] c.e.c.controller.TrafficController       : 收到获取城市道路列表请求 - 城市: [上海市]
2026-01-09T00:08:01.337+08:00 DEBUG 20948 --- [carpool] [http-nio-8080-exec-6] org.hibernate.SQL                        : 
    select
        distinct rto1_0.road_name 
    from
        road_traffic_overall rto1_0 
    where
        rto1_0.city=? 
    order by
        rto1_0.road_name
2026-01-09T00:08:01.339+08:00  INFO 20948 --- [carpool] [http-nio-8080-exec-6] c.e.c.controller.TrafficController       : 查询成功 - 找到 12 条道路
2026-01-09T00:08:02.840+08:00 DEBUG 20948 --- [carpool] [http-nio-8080-exec-8] org.hibernate.SQL                        : 
    select
        rto1_0.evaluation_status,
        count(rto1_0.id) 
    from
        road_traffic_overall rto1_0 
    where
        rto1_0.request_time>=? 
    group by
        rto1_0.evaluation_status
2026-01-09T00:08:02.840+08:00 DEBUG 20948 --- [carpool] [http-nio-8080-exec-9] org.hibernate.SQL                        : 
    select
        rto1_0.id,
        rto1_0.api_status,
        rto1_0.city,
        rto1_0.created_at,
        rto1_0.description,
        rto1_0.evaluation_status,
        rto1_0.evaluation_status_desc,
        rto1_0.message,
        rto1_0.request_time,
        rto1_0.road_name 
    from
        road_traffic_overall rto1_0 
    where
        rto1_0.id in (select
            max(rto2_0.id) 
        from
            road_traffic_overall rto2_0 
        group by
            rto2_0.road_name, rto2_0.city) 
    order by
        rto1_0.request_time desc,
        rto1_0.request_time desc 
    limit
        ?
2026-01-09T00:08:02.844+08:00 DEBUG 20948 --- [carpool] [http-nio-8080-exec-9] org.hibernate.SQL                        : 
    select
        count(rto1_0.id) 
    from
        road_traffic_overall rto1_0 
    where
        rto1_0.id in (select
            max(rto2_0.id) 
        from
            road_traffic_overall rto2_0 
        group by
            rto2_0.road_name, rto2_0.city)
2026-01-09T00:08:03.064+08:00  INFO 20948 --- [carpool] [http-nio-8080-exec-1] c.e.c.controller.TrafficController       : 收到获取支持城市列表请求
2026-01-09T00:08:03.066+08:00 DEBUG 20948 --- [carpool] [http-nio-8080-exec-1] org.hibernate.SQL                        : 
    select
        distinct rto1_0.city 
    from
        road_traffic_overall rto1_0 
    order by
        rto1_0.city
2026-01-09T00:08:03.068+08:00  INFO 20948 --- [carpool] [http-nio-8080-exec-1] c.e.c.controller.TrafficController       : 查询成功 - 找到 1 个城市
2026-01-09T00:08:03.068+08:00 DEBUG 20948 --- [carpool] [http-nio-8080-exec-1] c.e.c.controller.TrafficController       : 城市列表: [上海市]
2026-01-09T00:08:03.077+08:00  INFO 20948 --- [carpool] [http-nio-8080-exec-10] c.e.c.controller.TrafficController       : 收到获取城市道路列表请求 - 城市: [上海市]
2026-01-09T00:08:03.078+08:00 DEBUG 20948 --- [carpool] [http-nio-8080-exec-10] org.hibernate.SQL                        : 
    select
        distinct rto1_0.road_name 
    from
        road_traffic_overall rto1_0 
    where
        rto1_0.city=? 
    order by
        rto1_0.road_name
2026-01-09T00:08:03.080+08:00  INFO 20948 --- [carpool] [http-nio-8080-exec-10] c.e.c.controller.TrafficController       : 查询成功 - 找到 12 条道路
2026-01-09T00:08:03.298+08:00 DEBUG 20948 --- [carpool] [http-nio-8080-exec-5] org.hibernate.SQL                        : 
    select
        rto1_0.evaluation_status,
        count(rto1_0.id) 
    from
        road_traffic_overall rto1_0 
    where
        rto1_0.request_time>=? 
    group by
        rto1_0.evaluation_status
2026-01-09T00:08:03.298+08:00 DEBUG 20948 --- [carpool] [http-nio-8080-exec-3] org.hibernate.SQL                        : 
    select
        rto1_0.id,
        rto1_0.api_status,
        rto1_0.city,
        rto1_0.created_at,
        rto1_0.description,
        rto1_0.evaluation_status,
        rto1_0.evaluation_status_desc,
        rto1_0.message,
        rto1_0.request_time,
        rto1_0.road_name 
    from
        road_traffic_overall rto1_0 
    where
        rto1_0.id in (select
            max(rto2_0.id) 
        from
            road_traffic_overall rto2_0 
        group by
            rto2_0.road_name, rto2_0.city) 
    order by
        rto1_0.request_time desc,
        rto1_0.request_time desc 
    limit
        ?
2026-01-09T00:08:03.303+08:00 DEBUG 20948 --- [carpool] [http-nio-8080-exec-3] org.hibernate.SQL                        : 
    select
        count(rto1_0.id) 
    from
        road_traffic_overall rto1_0 
    where
        rto1_0.id in (select
            max(rto2_0.id) 
        from
            road_traffic_overall rto2_0 
        group by
            rto2_0.road_name, rto2_0.city)
2026-01-09T00:08:03.514+08:00  INFO 20948 --- [carpool] [http-nio-8080-exec-4] c.e.c.controller.TrafficController       : 收到获取支持城市列表请求
2026-01-09T00:08:03.516+08:00 DEBUG 20948 --- [carpool] [http-nio-8080-exec-4] org.hibernate.SQL                        : 
    select
        distinct rto1_0.city 
    from
        road_traffic_overall rto1_0 
    order by
        rto1_0.city
2026-01-09T00:08:03.519+08:00  INFO 20948 --- [carpool] [http-nio-8080-exec-4] c.e.c.controller.TrafficController       : 查询成功 - 找到 1 个城市
2026-01-09T00:08:03.519+08:00 DEBUG 20948 --- [carpool] [http-nio-8080-exec-4] c.e.c.controller.TrafficController       : 城市列表: [上海市]
2026-01-09T00:08:03.528+08:00  INFO 20948 --- [carpool] [http-nio-8080-exec-2] c.e.c.controller.TrafficController       : 收到获取城市道路列表请求 - 城市: [上海市]
2026-01-09T00:08:03.529+08:00 DEBUG 20948 --- [carpool] [http-nio-8080-exec-2] org.hibernate.SQL                        : 
    select
        distinct rto1_0.road_name 
    from
        road_traffic_overall rto1_0 
    where
        rto1_0.city=? 
    order by
        rto1_0.road_name
2026-01-09T00:08:03.532+08:00  INFO 20948 --- [carpool] [http-nio-8080-exec-2] c.e.c.controller.TrafficController       : 查询成功 - 找到 12 条道路
2026-01-09T00:08:03.724+08:00 DEBUG 20948 --- [carpool] [http-nio-8080-exec-7] org.hibernate.SQL                        : 
    select
        rto1_0.id,
        rto1_0.api_status,
        rto1_0.city,
        rto1_0.created_at,
        rto1_0.description,
        rto1_0.evaluation_status,
        rto1_0.evaluation_status_desc,
        rto1_0.message,
        rto1_0.request_time,
        rto1_0.road_name 
    from
        road_traffic_overall rto1_0 
    where
        rto1_0.id in (select
            max(rto2_0.id) 
        from
            road_traffic_overall rto2_0 
        group by
            rto2_0.road_name, rto2_0.city) 
    order by
        rto1_0.request_time desc,
        rto1_0.request_time desc 
    limit
        ?
2026-01-09T00:08:03.724+08:00 DEBUG 20948 --- [carpool] [http-nio-8080-exec-6] org.hibernate.SQL                        : 
    select
        rto1_0.evaluation_status,
        count(rto1_0.id) 
    from
        road_traffic_overall rto1_0 
    where
        rto1_0.request_time>=? 
    group by
        rto1_0.evaluation_status
2026-01-09T00:08:03.729+08:00 DEBUG 20948 --- [carpool] [http-nio-8080-exec-7] org.hibernate.SQL                        : 
    select
        count(rto1_0.id) 
    from
        road_traffic_overall rto1_0 
    where
        rto1_0.id in (select
            max(rto2_0.id) 
        from
            road_traffic_overall rto2_0 
        group by
            rto2_0.road_name, rto2_0.city)
2026-01-09T00:08:03.915+08:00  INFO 20948 --- [carpool] [http-nio-8080-exec-8] c.e.c.controller.TrafficController       : 收到获取支持城市列表请求
2026-01-09T00:08:03.917+08:00 DEBUG 20948 --- [carpool] [http-nio-8080-exec-8] org.hibernate.SQL                        : 
    select
        distinct rto1_0.city 
    from
        road_traffic_overall rto1_0 
    order by
        rto1_0.city
2026-01-09T00:08:03.918+08:00  INFO 20948 --- [carpool] [http-nio-8080-exec-8] c.e.c.controller.TrafficController       : 查询成功 - 找到 1 个城市
2026-01-09T00:08:03.919+08:00 DEBUG 20948 --- [carpool] [http-nio-8080-exec-8] c.e.c.controller.TrafficController       : 城市列表: [上海市]
2026-01-09T00:08:03.930+08:00  INFO 20948 --- [carpool] [http-nio-8080-exec-9] c.e.c.controller.TrafficController       : 收到获取城市道路列表请求 - 城市: [上海市]
2026-01-09T00:08:03.931+08:00 DEBUG 20948 --- [carpool] [http-nio-8080-exec-9] org.hibernate.SQL                        : 
    select
        distinct rto1_0.road_name 
    from
        road_traffic_overall rto1_0 
    where
        rto1_0.city=? 
    order by
        rto1_0.road_name
2026-01-09T00:08:03.933+08:00  INFO 20948 --- [carpool] [http-nio-8080-exec-9] c.e.c.controller.TrafficController       : 查询成功 - 找到 12 条道路
2026-01-09T00:08:04.112+08:00 DEBUG 20948 --- [carpool] [http-nio-8080-exec-10] org.hibernate.SQL                        : 
    select
        rto1_0.evaluation_status,
        count(rto1_0.id) 
    from
        road_traffic_overall rto1_0 
    where
        rto1_0.request_time>=? 
    group by
        rto1_0.evaluation_status
2026-01-09T00:08:04.112+08:00 DEBUG 20948 --- [carpool] [http-nio-8080-exec-1] org.hibernate.SQL                        : 
    select
        rto1_0.id,
        rto1_0.api_status,
        rto1_0.city,
        rto1_0.created_at,
        rto1_0.description,
        rto1_0.evaluation_status,
        rto1_0.evaluation_status_desc,
        rto1_0.message,
        rto1_0.request_time,
        rto1_0.road_name 
    from
        road_traffic_overall rto1_0 
    where
        rto1_0.id in (select
            max(rto2_0.id) 
        from
            road_traffic_overall rto2_0 
        group by
            rto2_0.road_name, rto2_0.city) 
    order by
        rto1_0.request_time desc,
        rto1_0.request_time desc 
    limit
        ?
2026-01-09T00:08:04.117+08:00 DEBUG 20948 --- [carpool] [http-nio-8080-exec-1] org.hibernate.SQL                        : 
    select
        count(rto1_0.id) 
    from
        road_traffic_overall rto1_0 
    where
        rto1_0.id in (select
            max(rto2_0.id) 
        from
            road_traffic_overall rto2_0 
        group by
            rto2_0.road_name, rto2_0.city)
2026-01-09T00:08:04.308+08:00  INFO 20948 --- [carpool] [http-nio-8080-exec-5] c.e.c.controller.TrafficController       : 收到获取支持城市列表请求
2026-01-09T00:08:04.309+08:00 DEBUG 20948 --- [carpool] [http-nio-8080-exec-5] org.hibernate.SQL                        : 
    select
        distinct rto1_0.city 
    from
        road_traffic_overall rto1_0 
    order by
        rto1_0.city
2026-01-09T00:08:04.311+08:00  INFO 20948 --- [carpool] [http-nio-8080-exec-5] c.e.c.controller.TrafficController       : 查询成功 - 找到 1 个城市
2026-01-09T00:08:04.311+08:00 DEBUG 20948 --- [carpool] [http-nio-8080-exec-5] c.e.c.controller.TrafficController       : 城市列表: [上海市]
2026-01-09T00:08:04.320+08:00  INFO 20948 --- [carpool] [http-nio-8080-exec-3] c.e.c.controller.TrafficController       : 收到获取城市道路列表请求 - 城市: [上海市]
2026-01-09T00:08:04.322+08:00 DEBUG 20948 --- [carpool] [http-nio-8080-exec-3] org.hibernate.SQL                        : 
    select
        distinct rto1_0.road_name 
    from
        road_traffic_overall rto1_0 
    where
        rto1_0.city=? 
    order by
        rto1_0.road_name
2026-01-09T00:08:04.323+08:00  INFO 20948 --- [carpool] [http-nio-8080-exec-3] c.e.c.controller.TrafficController       : 查询成功 - 找到 12 条道路
2026-01-09T00:08:04.589+08:00 DEBUG 20948 --- [carpool] [http-nio-8080-exec-2] org.hibernate.SQL                        : 
    select
        rto1_0.evaluation_status,
        count(rto1_0.id) 
    from
        road_traffic_overall rto1_0 
    where
        rto1_0.request_time>=? 
    group by
        rto1_0.evaluation_status
2026-01-09T00:08:04.590+08:00 DEBUG 20948 --- [carpool] [http-nio-8080-exec-4] org.hibernate.SQL                        : 
    select
        rto1_0.id,
        rto1_0.api_status,
        rto1_0.city,
        rto1_0.created_at,
        rto1_0.description,
        rto1_0.evaluation_status,
        rto1_0.evaluation_status_desc,
        rto1_0.message,
        rto1_0.request_time,
        rto1_0.road_name 
    from
        road_traffic_overall rto1_0 
    where
        rto1_0.id in (select
            max(rto2_0.id) 
        from
            road_traffic_overall rto2_0 
        group by
            rto2_0.road_name, rto2_0.city) 
    order by
        rto1_0.request_time desc,
        rto1_0.request_time desc 
    limit
        ?
2026-01-09T00:08:04.595+08:00 DEBUG 20948 --- [carpool] [http-nio-8080-exec-4] org.hibernate.SQL                        : 
    select
        count(rto1_0.id) 
    from
        road_traffic_overall rto1_0 
    where
        rto1_0.id in (select
            max(rto2_0.id) 
        from
            road_traffic_overall rto2_0 
        group by
            rto2_0.road_name, rto2_0.city)
2026-01-09T00:08:07.690+08:00  INFO 20948 --- [carpool] [http-nio-8080-exec-6] c.e.c.controller.TrafficController       : 收到获取支持城市列表请求
2026-01-09T00:08:07.691+08:00 DEBUG 20948 --- [carpool] [http-nio-8080-exec-6] org.hibernate.SQL                        : 
    select
        distinct rto1_0.city 
    from
        road_traffic_overall rto1_0 
    order by
        rto1_0.city
2026-01-09T00:08:07.693+08:00  INFO 20948 --- [carpool] [http-nio-8080-exec-6] c.e.c.controller.TrafficController       : 查询成功 - 找到 1 个城市
2026-01-09T00:08:07.693+08:00 DEBUG 20948 --- [carpool] [http-nio-8080-exec-6] c.e.c.controller.TrafficController       : 城市列表: [上海市]
2026-01-09T00:08:07.702+08:00  INFO 20948 --- [carpool] [http-nio-8080-exec-7] c.e.c.controller.TrafficController       : 收到获取城市道路列表请求 - 城市: [上海市]
2026-01-09T00:08:07.704+08:00 DEBUG 20948 --- [carpool] [http-nio-8080-exec-7] org.hibernate.SQL                        : 
    select
        distinct rto1_0.road_name 
    from
        road_traffic_overall rto1_0 
    where
        rto1_0.city=? 
    order by
        rto1_0.road_name
2026-01-09T00:08:07.706+08:00  INFO 20948 --- [carpool] [http-nio-8080-exec-7] c.e.c.controller.TrafficController       : 查询成功 - 找到 12 条道路
2026-01-09T00:08:07.928+08:00 DEBUG 20948 --- [carpool] [http-nio-8080-exec-8] org.hibernate.SQL                        : 
    select
        rto1_0.id,
        rto1_0.api_status,
        rto1_0.city,
        rto1_0.created_at,
        rto1_0.description,
        rto1_0.evaluation_status,
        rto1_0.evaluation_status_desc,
        rto1_0.message,
        rto1_0.request_time,
        rto1_0.road_name 
    from
        road_traffic_overall rto1_0 
    where
        rto1_0.id in (select
            max(rto2_0.id) 
        from
            road_traffic_overall rto2_0 
        group by
            rto2_0.road_name, rto2_0.city) 
    order by
        rto1_0.request_time desc,
        rto1_0.request_time desc 
    limit
        ?
2026-01-09T00:08:07.928+08:00 DEBUG 20948 --- [carpool] [http-nio-8080-exec-9] org.hibernate.SQL                        : 
    select
        rto1_0.evaluation_status,
        count(rto1_0.id) 
    from
        road_traffic_overall rto1_0 
    where
        rto1_0.request_time>=? 
    group by
        rto1_0.evaluation_status
2026-01-09T00:08:07.934+08:00 DEBUG 20948 --- [carpool] [http-nio-8080-exec-8] org.hibernate.SQL                        : 
    select
        count(rto1_0.id) 
    from
        road_traffic_overall rto1_0 
    where
        rto1_0.id in (select
            max(rto2_0.id) 
        from
            road_traffic_overall rto2_0 
        group by
            rto2_0.road_name, rto2_0.city)
2026-01-09T00:08:08.148+08:00  INFO 20948 --- [carpool] [http-nio-8080-exec-10] c.e.c.controller.TrafficController       : 收到获取支持城市列表请求
2026-01-09T00:08:08.150+08:00 DEBUG 20948 --- [carpool] [http-nio-8080-exec-10] org.hibernate.SQL                        : 
    select
        distinct rto1_0.city 
    from
        road_traffic_overall rto1_0 
    order by
        rto1_0.city
2026-01-09T00:08:08.152+08:00  INFO 20948 --- [carpool] [http-nio-8080-exec-10] c.e.c.controller.TrafficController       : 查询成功 - 找到 1 个城市
2026-01-09T00:08:08.152+08:00 DEBUG 20948 --- [carpool] [http-nio-8080-exec-10] c.e.c.controller.TrafficController       : 城市列表: [上海市]
2026-01-09T00:08:08.161+08:00  INFO 20948 --- [carpool] [http-nio-8080-exec-1] c.e.c.controller.TrafficController       : 收到获取城市道路列表请求 - 城市: [上海市]
2026-01-09T00:08:08.163+08:00 DEBUG 20948 --- [carpool] [http-nio-8080-exec-1] org.hibernate.SQL                        : 
    select
        distinct rto1_0.road_name 
    from
        road_traffic_overall rto1_0 
    where
        rto1_0.city=? 
    order by
        rto1_0.road_name
2026-01-09T00:08:08.165+08:00  INFO 20948 --- [carpool] [http-nio-8080-exec-1] c.e.c.controller.TrafficController       : 查询成功 - 找到 12 条道路
2026-01-09T00:08:08.378+08:00 DEBUG 20948 --- [carpool] [http-nio-8080-exec-5] org.hibernate.SQL                        : 
    select
        rto1_0.id,
        rto1_0.api_status,
        rto1_0.city,
        rto1_0.created_at,
        rto1_0.description,
        rto1_0.evaluation_status,
        rto1_0.evaluation_status_desc,
        rto1_0.message,
        rto1_0.request_time,
        rto1_0.road_name 
    from
        road_traffic_overall rto1_0 
    where
        rto1_0.id in (select
            max(rto2_0.id) 
        from
            road_traffic_overall rto2_0 
        group by
            rto2_0.road_name, rto2_0.city) 
    order by
        rto1_0.request_time desc,
        rto1_0.request_time desc 
    limit
        ?
2026-01-09T00:08:08.378+08:00 DEBUG 20948 --- [carpool] [http-nio-8080-exec-3] org.hibernate.SQL                        : 
    select
        rto1_0.evaluation_status,
        count(rto1_0.id) 
    from
        road_traffic_overall rto1_0 
    where
        rto1_0.request_time>=? 
    group by
        rto1_0.evaluation_status
2026-01-09T00:08:08.381+08:00 DEBUG 20948 --- [carpool] [http-nio-8080-exec-5] org.hibernate.SQL                        : 
    select
        count(rto1_0.id) 
    from
        road_traffic_overall rto1_0 
    where
        rto1_0.id in (select
            max(rto2_0.id) 
        from
            road_traffic_overall rto2_0 
        group by
            rto2_0.road_name, rto2_0.city)
2026-01-09T00:10:37.275+08:00 DEBUG 20948 --- [carpool] [http-nio-8080-exec-6] org.hibernate.SQL                        : 
    select
        rto1_0.id,
        rto1_0.api_status,
        rto1_0.city,
        rto1_0.created_at,
        rto1_0.description,
        rto1_0.evaluation_status,
        rto1_0.evaluation_status_desc,
        rto1_0.message,
        rto1_0.request_time,
        rto1_0.road_name 
    from
        road_traffic_overall rto1_0 
    where
        rto1_0.id in (select
            max(rto2_0.id) 
        from
            road_traffic_overall rto2_0 
        group by
            rto2_0.road_name, rto2_0.city) 
    order by
        rto1_0.request_time desc,
        rto1_0.request_time desc 
    limit
        ?
2026-01-09T00:10:37.278+08:00 DEBUG 20948 --- [carpool] [http-nio-8080-exec-7] org.hibernate.SQL                        : 
    select
        rto1_0.evaluation_status,
        count(rto1_0.id) 
    from
        road_traffic_overall rto1_0 
    where
        rto1_0.request_time>=? 
    group by
        rto1_0.evaluation_status
2026-01-09T00:10:37.281+08:00 DEBUG 20948 --- [carpool] [http-nio-8080-exec-6] org.hibernate.SQL                        : 
    select
        count(rto1_0.id) 
    from
        road_traffic_overall rto1_0 
    where
        rto1_0.id in (select
            max(rto2_0.id) 
        from
            road_traffic_overall rto2_0 
        group by
            rto2_0.road_name, rto2_0.city)
2026-01-09T00:10:37.725+08:00 DEBUG 20948 --- [carpool] [http-nio-8080-exec-9] org.hibernate.SQL                        : 
    select
        rto1_0.id,
        rto1_0.api_status,
        rto1_0.city,
        rto1_0.created_at,
        rto1_0.description,
        rto1_0.evaluation_status,
        rto1_0.evaluation_status_desc,
        rto1_0.message,
        rto1_0.request_time,
        rto1_0.road_name 
    from
        road_traffic_overall rto1_0 
    where
        rto1_0.id in (select
            max(rto2_0.id) 
        from
            road_traffic_overall rto2_0 
        group by
            rto2_0.road_name, rto2_0.city) 
    order by
        rto1_0.request_time desc,
        rto1_0.request_time desc 
    limit
        ?
2026-01-09T00:10:37.727+08:00 DEBUG 20948 --- [carpool] [http-nio-8080-exec-8] org.hibernate.SQL                        : 
    select
        rto1_0.evaluation_status,
        count(rto1_0.id) 
    from
        road_traffic_overall rto1_0 
    where
        rto1_0.request_time>=? 
    group by
        rto1_0.evaluation_status
2026-01-09T00:10:37.729+08:00 DEBUG 20948 --- [carpool] [http-nio-8080-exec-9] org.hibernate.SQL                        : 
    select
        count(rto1_0.id) 
    from
        road_traffic_overall rto1_0 
    where
        rto1_0.id in (select
            max(rto2_0.id) 
        from
            road_traffic_overall rto2_0 
        group by
            rto2_0.road_name, rto2_0.city)
2026-01-09T00:10:38.185+08:00 DEBUG 20948 --- [carpool] [http-nio-8080-exec-10] org.hibernate.SQL                        : 
    select
        rto1_0.id,
        rto1_0.api_status,
        rto1_0.city,
        rto1_0.created_at,
        rto1_0.description,
        rto1_0.evaluation_status,
        rto1_0.evaluation_status_desc,
        rto1_0.message,
        rto1_0.request_time,
        rto1_0.road_name 
    from
        road_traffic_overall rto1_0 
    where
        rto1_0.id in (select
            max(rto2_0.id) 
        from
            road_traffic_overall rto2_0 
        group by
            rto2_0.road_name, rto2_0.city) 
    order by
        rto1_0.request_time desc,
        rto1_0.request_time desc 
    limit
        ?
2026-01-09T00:10:38.185+08:00 DEBUG 20948 --- [carpool] [http-nio-8080-exec-1] org.hibernate.SQL                        : 
    select
        rto1_0.evaluation_status,
        count(rto1_0.id) 
    from
        road_traffic_overall rto1_0 
    where
        rto1_0.request_time>=? 
    group by
        rto1_0.evaluation_status
2026-01-09T00:10:38.190+08:00 DEBUG 20948 --- [carpool] [http-nio-8080-exec-10] org.hibernate.SQL                        : 
    select
        count(rto1_0.id) 
    from
        road_traffic_overall rto1_0 
    where
        rto1_0.id in (select
            max(rto2_0.id) 
        from
            road_traffic_overall rto2_0 
        group by
            rto2_0.road_name, rto2_0.city)
2026-01-09T00:10:38.604+08:00 DEBUG 20948 --- [carpool] [http-nio-8080-exec-3] org.hibernate.SQL                        : 
    select
        rto1_0.id,
        rto1_0.api_status,
        rto1_0.city,
        rto1_0.created_at,
        rto1_0.description,
        rto1_0.evaluation_status,
        rto1_0.evaluation_status_desc,
        rto1_0.message,
        rto1_0.request_time,
        rto1_0.road_name 
    from
        road_traffic_overall rto1_0 
    where
        rto1_0.id in (select
            max(rto2_0.id) 
        from
            road_traffic_overall rto2_0 
        group by
            rto2_0.road_name, rto2_0.city) 
    order by
        rto1_0.request_time desc,
        rto1_0.request_time desc 
    limit
        ?
2026-01-09T00:10:38.604+08:00 DEBUG 20948 --- [carpool] [http-nio-8080-exec-5] org.hibernate.SQL                        : 
    select
        rto1_0.evaluation_status,
        count(rto1_0.id) 
    from
        road_traffic_overall rto1_0 
    where
        rto1_0.request_time>=? 
    group by
        rto1_0.evaluation_status
2026-01-09T00:10:38.613+08:00 DEBUG 20948 --- [carpool] [http-nio-8080-exec-3] org.hibernate.SQL                        : 
    select
        count(rto1_0.id) 
    from
        road_traffic_overall rto1_0 
    where
        rto1_0.id in (select
            max(rto2_0.id) 
        from
            road_traffic_overall rto2_0 
        group by
            rto2_0.road_name, rto2_0.city)
2026-01-09T00:10:39.073+08:00 DEBUG 20948 --- [carpool] [http-nio-8080-exec-2] org.hibernate.SQL                        : 
    select
        rto1_0.id,
        rto1_0.api_status,
        rto1_0.city,
        rto1_0.created_at,
        rto1_0.description,
        rto1_0.evaluation_status,
        rto1_0.evaluation_status_desc,
        rto1_0.message,
        rto1_0.request_time,
        rto1_0.road_name 
    from
        road_traffic_overall rto1_0 
    where
        rto1_0.id in (select
            max(rto2_0.id) 
        from
            road_traffic_overall rto2_0 
        group by
            rto2_0.road_name, rto2_0.city) 
    order by
        rto1_0.request_time desc,
        rto1_0.request_time desc 
    limit
        ?
2026-01-09T00:10:39.078+08:00 DEBUG 20948 --- [carpool] [http-nio-8080-exec-4] org.hibernate.SQL                        : 
    select
        rto1_0.evaluation_status,
        count(rto1_0.id) 
    from
        road_traffic_overall rto1_0 
    where
        rto1_0.request_time>=? 
    group by
        rto1_0.evaluation_status
2026-01-09T00:10:39.081+08:00 DEBUG 20948 --- [carpool] [http-nio-8080-exec-2] org.hibernate.SQL                        : 
    select
        count(rto1_0.id) 
    from
        road_traffic_overall rto1_0 
    where
        rto1_0.id in (select
            max(rto2_0.id) 
        from
            road_traffic_overall rto2_0 
        group by
            rto2_0.road_name, rto2_0.city)
2026-01-09T00:10:39.450+08:00 DEBUG 20948 --- [carpool] [http-nio-8080-exec-7] org.hibernate.SQL                        : 
    select
        rto1_0.id,
        rto1_0.api_status,
        rto1_0.city,
        rto1_0.created_at,
        rto1_0.description,
        rto1_0.evaluation_status,
        rto1_0.evaluation_status_desc,
        rto1_0.message,
        rto1_0.request_time,
        rto1_0.road_name 
    from
        road_traffic_overall rto1_0 
    where
        rto1_0.id in (select
            max(rto2_0.id) 
        from
            road_traffic_overall rto2_0 
        group by
            rto2_0.road_name, rto2_0.city) 
    order by
        rto1_0.request_time desc,
        rto1_0.request_time desc 
    limit
        ?
2026-01-09T00:10:39.450+08:00 DEBUG 20948 --- [carpool] [http-nio-8080-exec-6] org.hibernate.SQL                        : 
    select
        rto1_0.evaluation_status,
        count(rto1_0.id) 
    from
        road_traffic_overall rto1_0 
    where
        rto1_0.request_time>=? 
    group by
        rto1_0.evaluation_status
2026-01-09T00:10:39.455+08:00 DEBUG 20948 --- [carpool] [http-nio-8080-exec-7] org.hibernate.SQL                        : 
    select
        count(rto1_0.id) 
    from
        road_traffic_overall rto1_0 
    where
        rto1_0.id in (select
            max(rto2_0.id) 
        from
            road_traffic_overall rto2_0 
        group by
            rto2_0.road_name, rto2_0.city)
2026-01-09T00:10:39.801+08:00 DEBUG 20948 --- [carpool] [http-nio-8080-exec-8] org.hibernate.SQL                        : 
    select
        rto1_0.id,
        rto1_0.api_status,
        rto1_0.city,
        rto1_0.created_at,
        rto1_0.description,
        rto1_0.evaluation_status,
        rto1_0.evaluation_status_desc,
        rto1_0.message,
        rto1_0.request_time,
        rto1_0.road_name 
    from
        road_traffic_overall rto1_0 
    where
        rto1_0.id in (select
            max(rto2_0.id) 
        from
            road_traffic_overall rto2_0 
        group by
            rto2_0.road_name, rto2_0.city) 
    order by
        rto1_0.request_time desc,
        rto1_0.request_time desc 
    limit
        ?
2026-01-09T00:10:39.803+08:00 DEBUG 20948 --- [carpool] [http-nio-8080-exec-9] org.hibernate.SQL                        : 
    select
        rto1_0.evaluation_status,
        count(rto1_0.id) 
    from
        road_traffic_overall rto1_0 
    where
        rto1_0.request_time>=? 
    group by
        rto1_0.evaluation_status
2026-01-09T00:10:39.808+08:00 DEBUG 20948 --- [carpool] [http-nio-8080-exec-8] org.hibernate.SQL                        : 
    select
        count(rto1_0.id) 
    from
        road_traffic_overall rto1_0 
    where
        rto1_0.id in (select
            max(rto2_0.id) 
        from
            road_traffic_overall rto2_0 
        group by
            rto2_0.road_name, rto2_0.city)
2026-01-09T00:10:44.037+08:00  INFO 20948 --- [carpool] [http-nio-8080-exec-5] c.e.c.controller.TrafficController       : 收到获取支持城市列表请求
2026-01-09T00:10:44.040+08:00 DEBUG 20948 --- [carpool] [http-nio-8080-exec-5] org.hibernate.SQL                        : 
    select
        distinct rto1_0.city 
    from
        road_traffic_overall rto1_0 
    order by
        rto1_0.city
2026-01-09T00:10:44.045+08:00  INFO 20948 --- [carpool] [http-nio-8080-exec-5] c.e.c.controller.TrafficController       : 查询成功 - 找到 1 个城市
2026-01-09T00:10:44.045+08:00 DEBUG 20948 --- [carpool] [http-nio-8080-exec-5] c.e.c.controller.TrafficController       : 城市列表: [上海市]
2026-01-09T00:10:44.165+08:00  INFO 20948 --- [carpool] [http-nio-8080-exec-3] c.e.c.controller.TrafficController       : 收到获取城市道路列表请求 - 城市: [上海市]
2026-01-09T00:10:44.169+08:00 DEBUG 20948 --- [carpool] [http-nio-8080-exec-3] org.hibernate.SQL                        : 
    select
        distinct rto1_0.road_name 
    from
        road_traffic_overall rto1_0 
    where
        rto1_0.city=? 
    order by
        rto1_0.road_name
2026-01-09T00:10:44.175+08:00  INFO 20948 --- [carpool] [http-nio-8080-exec-3] c.e.c.controller.TrafficController       : 查询成功 - 找到 12 条道路
2026-01-09T00:10:56.380+08:00  INFO 1912 --- [carpool] [restartedMain] com.example.carpool.CarpoolApplication   : Starting CarpoolApplication using Java 21.0.9 with PID 1912 (C:\Users\HS\Desktop\carpool\carpool-b\build\classes\java\main started by alxy in C:\Users\HS\Desktop\carpool\carpool-b)
2026-01-09T00:10:56.381+08:00 DEBUG 1912 --- [carpool] [restartedMain] com.example.carpool.CarpoolApplication   : Running with Spring Boot v3.5.7, Spring v6.2.12
2026-01-09T00:10:56.382+08:00  INFO 1912 --- [carpool] [restartedMain] com.example.carpool.CarpoolApplication   : No active profile set, falling back to 1 default profile: "default"
2026-01-09T00:10:56.425+08:00  INFO 1912 --- [carpool] [restartedMain] .e.DevToolsPropertyDefaultsPostProcessor : Devtools property defaults active! Set 'spring.devtools.add-properties' to 'false' to disable
2026-01-09T00:10:56.425+08:00  INFO 1912 --- [carpool] [restartedMain] .e.DevToolsPropertyDefaultsPostProcessor : For additional web related logging consider setting the 'logging.level.web' property to 'DEBUG'
2026-01-09T00:10:57.029+08:00  INFO 1912 --- [carpool] [restartedMain] .s.d.r.c.RepositoryConfigurationDelegate : Bootstrapping Spring Data JPA repositories in DEFAULT mode.
2026-01-09T00:10:57.106+08:00  INFO 1912 --- [carpool] [restartedMain] .s.d.r.c.RepositoryConfigurationDelegate : Finished Spring Data repository scanning in 66 ms. Found 7 JPA repository interfaces.
2026-01-09T00:10:57.730+08:00  INFO 1912 --- [carpool] [restartedMain] o.s.b.w.embedded.tomcat.TomcatWebServer  : Tomcat initialized with port 8080 (http)
2026-01-09T00:10:57.746+08:00  INFO 1912 --- [carpool] [restartedMain] o.apache.catalina.core.StandardService   : Starting service [Tomcat]
2026-01-09T00:10:57.747+08:00  INFO 1912 --- [carpool] [restartedMain] o.apache.catalina.core.StandardEngine    : Starting Servlet engine: [Apache Tomcat/10.1.48]
2026-01-09T00:10:57.804+08:00  INFO 1912 --- [carpool] [restartedMain] o.a.c.c.C.[Tomcat].[localhost].[/api]    : Initializing Spring embedded WebApplicationContext
2026-01-09T00:10:57.805+08:00  INFO 1912 --- [carpool] [restartedMain] w.s.c.ServletWebServerApplicationContext : Root WebApplicationContext: initialization completed in 1380 ms
2026-01-09T00:10:57.979+08:00  INFO 1912 --- [carpool] [restartedMain] o.hibernate.jpa.internal.util.LogHelper  : HHH000204: Processing PersistenceUnitInfo [name: default]
2026-01-09T00:10:58.065+08:00  INFO 1912 --- [carpool] [restartedMain] org.hibernate.Version                    : HHH000412: Hibernate ORM core version 6.6.33.Final
2026-01-09T00:10:58.105+08:00  INFO 1912 --- [carpool] [restartedMain] o.h.c.internal.RegionFactoryInitiator    : HHH000026: Second-level cache disabled
2026-01-09T00:10:58.425+08:00  INFO 1912 --- [carpool] [restartedMain] o.s.o.j.p.SpringPersistenceUnitInfo      : No LoadTimeWeaver setup: ignoring JPA class transformer
2026-01-09T00:10:58.462+08:00  INFO 1912 --- [carpool] [restartedMain] com.zaxxer.hikari.HikariDataSource       : HikariPool-1 - Starting...
2026-01-09T00:10:58.744+08:00  INFO 1912 --- [carpool] [restartedMain] com.zaxxer.hikari.pool.HikariPool        : HikariPool-1 - Added connection com.mysql.cj.jdbc.ConnectionImpl@13ac6f05
2026-01-09T00:10:58.748+08:00  INFO 1912 --- [carpool] [restartedMain] com.zaxxer.hikari.HikariDataSource       : HikariPool-1 - Start completed.
2026-01-09T00:10:58.832+08:00  WARN 1912 --- [carpool] [restartedMain] org.hibernate.orm.deprecation            : HHH90000025: MySQL8Dialect does not need to be specified explicitly using 'hibernate.dialect' (remove the property setting and it will be selected by default)
2026-01-09T00:10:58.835+08:00  WARN 1912 --- [carpool] [restartedMain] org.hibernate.orm.deprecation            : HHH90000026: MySQL8Dialect has been deprecated; use org.hibernate.dialect.MySQLDialect instead
2026-01-09T00:10:58.870+08:00  INFO 1912 --- [carpool] [restartedMain] org.hibernate.orm.connections.pooling    : HHH10001005: Database info:
	Database JDBC URL [Connecting through datasource 'HikariDataSource (HikariPool-1)']
	Database driver: undefined/unknown
	Database version: 8.0
	Autocommit mode: undefined/unknown
	Isolation level: undefined/unknown
	Minimum pool size: undefined/unknown
	Maximum pool size: undefined/unknown
2026-01-09T00:11:00.641+08:00  INFO 1912 --- [carpool] [restartedMain] o.h.e.t.j.p.i.JtaPlatformInitiator       : HHH000489: No JTA platform available (set 'hibernate.transaction.jta.platform' to enable JTA platform integration)
2026-01-09T00:11:00.646+08:00  INFO 1912 --- [carpool] [restartedMain] j.LocalContainerEntityManagerFactoryBean : Initialized JPA EntityManagerFactory for persistence unit 'default'
2026-01-09T00:11:01.287+08:00  INFO 1912 --- [carpool] [restartedMain] o.s.d.j.r.query.QueryEnhancerFactory     : Hibernate is in classpath; If applicable, HQL parser will be used.
2026-01-09T00:11:07.013+08:00  WARN 1912 --- [carpool] [restartedMain] JpaBaseConfiguration$JpaWebConfiguration : spring.jpa.open-in-view is enabled by default. Therefore, database queries may be performed during view rendering. Explicitly configure spring.jpa.open-in-view to disable this warning
2026-01-09T00:11:07.900+08:00  INFO 1912 --- [carpool] [restartedMain] o.s.b.d.a.OptionalLiveReloadServer       : LiveReload server is running on port 35729
2026-01-09T00:11:07.971+08:00  INFO 1912 --- [carpool] [restartedMain] o.s.b.w.embedded.tomcat.TomcatWebServer  : Tomcat started on port 8080 (http) with context path '/api'
2026-01-09T00:11:07.983+08:00  INFO 1912 --- [carpool] [restartedMain] com.example.carpool.CarpoolApplication   : Started CarpoolApplication in 12.021 seconds (process running for 12.417)
2026-01-09T00:11:08.183+08:00  INFO 1912 --- [carpool] [http-nio-8080-exec-1] o.a.c.c.C.[Tomcat].[localhost].[/api]    : Initializing Spring DispatcherServlet 'dispatcherServlet'
2026-01-09T00:11:08.183+08:00  INFO 1912 --- [carpool] [http-nio-8080-exec-1] o.s.web.servlet.DispatcherServlet        : Initializing Servlet 'dispatcherServlet'
2026-01-09T00:11:08.184+08:00  INFO 1912 --- [carpool] [http-nio-8080-exec-1] o.s.web.servlet.DispatcherServlet        : Completed initialization in 1 ms
2026-01-09T00:11:08.292+08:00  INFO 1912 --- [carpool] [http-nio-8080-exec-2] c.e.c.controller.TrafficController       : 收到获取支持城市列表请求
2026-01-09T00:11:08.405+08:00 DEBUG 1912 --- [carpool] [http-nio-8080-exec-3] org.hibernate.SQL                        : 
    select
        rto1_0.evaluation_status,
        count(rto1_0.id) 
    from
        road_traffic_overall rto1_0 
    where
        rto1_0.request_time>=? 
    group by
        rto1_0.evaluation_status
2026-01-09T00:11:08.405+08:00 DEBUG 1912 --- [carpool] [http-nio-8080-exec-1] org.hibernate.SQL                        : 
    select
        rto1_0.id,
        rto1_0.api_status,
        rto1_0.city,
        rto1_0.created_at,
        rto1_0.description,
        rto1_0.evaluation_status,
        rto1_0.evaluation_status_desc,
        rto1_0.message,
        rto1_0.request_time,
        rto1_0.road_name 
    from
        road_traffic_overall rto1_0 
    where
        rto1_0.id in (select
            max(rto2_0.id) 
        from
            road_traffic_overall rto2_0 
        group by
            rto2_0.road_name, rto2_0.city) 
    order by
        rto1_0.request_time desc,
        rto1_0.request_time desc 
    limit
        ?
2026-01-09T00:11:08.405+08:00 DEBUG 1912 --- [carpool] [http-nio-8080-exec-2] org.hibernate.SQL                        : 
    select
        distinct rto1_0.city 
    from
        road_traffic_overall rto1_0 
    order by
        rto1_0.city
2026-01-09T00:11:08.470+08:00  INFO 1912 --- [carpool] [http-nio-8080-exec-2] c.e.c.controller.TrafficController       : 查询成功 - 找到 1 个城市
2026-01-09T00:11:08.470+08:00 DEBUG 1912 --- [carpool] [http-nio-8080-exec-2] c.e.c.controller.TrafficController       : 城市列表: [上海市]
2026-01-09T00:11:08.494+08:00 DEBUG 1912 --- [carpool] [http-nio-8080-exec-1] org.hibernate.SQL                        : 
    select
        count(rto1_0.id) 
    from
        road_traffic_overall rto1_0 
    where
        rto1_0.id in (select
            max(rto2_0.id) 
        from
            road_traffic_overall rto2_0 
        group by
            rto2_0.road_name, rto2_0.city)
2026-01-09T00:11:08.519+08:00  INFO 1912 --- [carpool] [http-nio-8080-exec-4] c.e.c.controller.TrafficController       : 收到获取支持城市列表请求
2026-01-09T00:11:08.522+08:00 DEBUG 1912 --- [carpool] [http-nio-8080-exec-4] org.hibernate.SQL                        : 
    select
        distinct rto1_0.city 
    from
        road_traffic_overall rto1_0 
    order by
        rto1_0.city
2026-01-09T00:11:08.527+08:00  INFO 1912 --- [carpool] [http-nio-8080-exec-4] c.e.c.controller.TrafficController       : 查询成功 - 找到 1 个城市
2026-01-09T00:11:08.528+08:00 DEBUG 1912 --- [carpool] [http-nio-8080-exec-4] c.e.c.controller.TrafficController       : 城市列表: [上海市]
2026-01-09T00:11:08.530+08:00  WARN 1912 --- [carpool] [http-nio-8080-exec-1] ration$PageModule$WarningLoggingModifier : Serializing PageImpl instances as-is is not supported, meaning that there is no guarantee about the stability of the resulting JSON structure!
	For a stable JSON structure, please use Spring Data's PagedModel (globally via @EnableSpringDataWebSupport(pageSerializationMode = VIA_DTO))
	or Spring HATEOAS and Spring Data's PagedResourcesAssembler as documented in https://docs.spring.io/spring-data/commons/reference/repositories/core-extensions.html#core.web.pageables.

2026-01-09T00:11:08.533+08:00  INFO 1912 --- [carpool] [http-nio-8080-exec-4] c.e.c.controller.TrafficController       : 收到获取支持城市列表请求
2026-01-09T00:11:08.536+08:00 DEBUG 1912 --- [carpool] [http-nio-8080-exec-4] org.hibernate.SQL                        : 
    select
        distinct rto1_0.city 
    from
        road_traffic_overall rto1_0 
    order by
        rto1_0.city
2026-01-09T00:11:08.541+08:00  INFO 1912 --- [carpool] [http-nio-8080-exec-4] c.e.c.controller.TrafficController       : 查询成功 - 找到 1 个城市
2026-01-09T00:11:08.542+08:00 DEBUG 1912 --- [carpool] [http-nio-8080-exec-4] c.e.c.controller.TrafficController       : 城市列表: [上海市]
2026-01-09T00:11:08.556+08:00  INFO 1912 --- [carpool] [http-nio-8080-exec-7] c.e.c.controller.TrafficController       : 收到获取支持城市列表请求
2026-01-09T00:11:08.559+08:00 DEBUG 1912 --- [carpool] [http-nio-8080-exec-7] org.hibernate.SQL                        : 
    select
        distinct rto1_0.city 
    from
        road_traffic_overall rto1_0 
    order by
        rto1_0.city
2026-01-09T00:11:08.559+08:00  INFO 1912 --- [carpool] [http-nio-8080-exec-6] c.e.c.controller.TrafficController       : 收到获取城市道路列表请求 - 城市: [上海市]
2026-01-09T00:11:08.561+08:00  INFO 1912 --- [carpool] [http-nio-8080-exec-7] c.e.c.controller.TrafficController       : 查询成功 - 找到 1 个城市
2026-01-09T00:11:08.562+08:00 DEBUG 1912 --- [carpool] [http-nio-8080-exec-7] c.e.c.controller.TrafficController       : 城市列表: [上海市]
2026-01-09T00:11:08.565+08:00 DEBUG 1912 --- [carpool] [http-nio-8080-exec-6] org.hibernate.SQL                        : 
    select
        distinct rto1_0.road_name 
    from
        road_traffic_overall rto1_0 
    where
        rto1_0.city=? 
    order by
        rto1_0.road_name
2026-01-09T00:11:08.576+08:00  INFO 1912 --- [carpool] [http-nio-8080-exec-8] c.e.c.controller.TrafficController       : 收到获取支持城市列表请求
2026-01-09T00:11:08.579+08:00 DEBUG 1912 --- [carpool] [http-nio-8080-exec-8] org.hibernate.SQL                        : 
    select
        distinct rto1_0.city 
    from
        road_traffic_overall rto1_0 
    order by
        rto1_0.city
2026-01-09T00:11:08.580+08:00  INFO 1912 --- [carpool] [http-nio-8080-exec-6] c.e.c.controller.TrafficController       : 查询成功 - 找到 12 条道路
2026-01-09T00:11:08.585+08:00  INFO 1912 --- [carpool] [http-nio-8080-exec-8] c.e.c.controller.TrafficController       : 查询成功 - 找到 1 个城市
2026-01-09T00:11:08.587+08:00 DEBUG 1912 --- [carpool] [http-nio-8080-exec-8] c.e.c.controller.TrafficController       : 城市列表: [上海市]
2026-01-09T00:11:08.595+08:00 DEBUG 1912 --- [carpool] [http-nio-8080-exec-9] org.hibernate.SQL                        : 
    select
        rto1_0.evaluation_status,
        count(rto1_0.id) 
    from
        road_traffic_overall rto1_0 
    where
        rto1_0.request_time>=? 
    group by
        rto1_0.evaluation_status
2026-01-09T00:11:08.616+08:00  INFO 1912 --- [carpool] [http-nio-8080-exec-10] c.e.c.controller.TrafficController       : 收到获取支持城市列表请求
2026-01-09T00:11:08.622+08:00  INFO 1912 --- [carpool] [http-nio-8080-exec-8] c.e.c.controller.TrafficController       : 收到获取城市道路列表请求 - 城市: [上海市]
2026-01-09T00:11:08.624+08:00 DEBUG 1912 --- [carpool] [http-nio-8080-exec-10] org.hibernate.SQL                        : 
    select
        distinct rto1_0.city 
    from
        road_traffic_overall rto1_0 
    order by
        rto1_0.city
2026-01-09T00:11:08.629+08:00 DEBUG 1912 --- [carpool] [http-nio-8080-exec-8] org.hibernate.SQL                        : 
    select
        distinct rto1_0.road_name 
    from
        road_traffic_overall rto1_0 
    where
        rto1_0.city=? 
    order by
        rto1_0.road_name
2026-01-09T00:11:08.634+08:00 DEBUG 1912 --- [carpool] [http-nio-8080-exec-5] org.hibernate.SQL                        : 
    select
        rto1_0.evaluation_status,
        count(rto1_0.id) 
    from
        road_traffic_overall rto1_0 
    where
        rto1_0.request_time>=? 
    group by
        rto1_0.evaluation_status
2026-01-09T00:11:08.634+08:00  INFO 1912 --- [carpool] [http-nio-8080-exec-8] c.e.c.controller.TrafficController       : 查询成功 - 找到 12 条道路
2026-01-09T00:11:08.634+08:00  INFO 1912 --- [carpool] [http-nio-8080-exec-10] c.e.c.controller.TrafficController       : 查询成功 - 找到 1 个城市
2026-01-09T00:11:08.634+08:00 DEBUG 1912 --- [carpool] [http-nio-8080-exec-10] c.e.c.controller.TrafficController       : 城市列表: [上海市]
2026-01-09T00:11:08.647+08:00 DEBUG 1912 --- [carpool] [http-nio-8080-exec-4] org.hibernate.SQL                        : 
    select
        rto1_0.id,
        rto1_0.api_status,
        rto1_0.city,
        rto1_0.created_at,
        rto1_0.description,
        rto1_0.evaluation_status,
        rto1_0.evaluation_status_desc,
        rto1_0.message,
        rto1_0.request_time,
        rto1_0.road_name 
    from
        road_traffic_overall rto1_0 
    where
        rto1_0.id in (select
            max(rto2_0.id) 
        from
            road_traffic_overall rto2_0 
        group by
            rto2_0.road_name, rto2_0.city) 
    order by
        rto1_0.request_time desc,
        rto1_0.request_time desc 
    limit
        ?
2026-01-09T00:11:08.647+08:00  INFO 1912 --- [carpool] [http-nio-8080-exec-7] c.e.c.controller.TrafficController       : 收到获取支持城市列表请求
2026-01-09T00:11:08.652+08:00  INFO 1912 --- [carpool] [http-nio-8080-exec-3] c.e.c.controller.TrafficController       : 收到获取城市道路列表请求 - 城市: [上海市]
2026-01-09T00:11:08.652+08:00 DEBUG 1912 --- [carpool] [http-nio-8080-exec-7] org.hibernate.SQL                        : 
    select
        distinct rto1_0.city 
    from
        road_traffic_overall rto1_0 
    order by
        rto1_0.city
2026-01-09T00:11:08.652+08:00 DEBUG 1912 --- [carpool] [http-nio-8080-exec-6] org.hibernate.SQL                        : 
    select
        rto1_0.evaluation_status,
        count(rto1_0.id) 
    from
        road_traffic_overall rto1_0 
    where
        rto1_0.request_time>=? 
    group by
        rto1_0.evaluation_status
2026-01-09T00:11:08.656+08:00  INFO 1912 --- [carpool] [http-nio-8080-exec-7] c.e.c.controller.TrafficController       : 查询成功 - 找到 1 个城市
2026-01-09T00:11:08.657+08:00 DEBUG 1912 --- [carpool] [http-nio-8080-exec-7] c.e.c.controller.TrafficController       : 城市列表: [上海市]
2026-01-09T00:11:08.658+08:00 DEBUG 1912 --- [carpool] [http-nio-8080-exec-3] org.hibernate.SQL                        : 
    select
        distinct rto1_0.road_name 
    from
        road_traffic_overall rto1_0 
    where
        rto1_0.city=? 
    order by
        rto1_0.road_name
2026-01-09T00:11:08.660+08:00 DEBUG 1912 --- [carpool] [http-nio-8080-exec-4] org.hibernate.SQL                        : 
    select
        count(rto1_0.id) 
    from
        road_traffic_overall rto1_0 
    where
        rto1_0.id in (select
            max(rto2_0.id) 
        from
            road_traffic_overall rto2_0 
        group by
            rto2_0.road_name, rto2_0.city)
2026-01-09T00:11:08.664+08:00  INFO 1912 --- [carpool] [http-nio-8080-exec-3] c.e.c.controller.TrafficController       : 查询成功 - 找到 12 条道路
2026-01-09T00:11:08.667+08:00 DEBUG 1912 --- [carpool] [http-nio-8080-exec-2] org.hibernate.SQL                        : 
    select
        rto1_0.evaluation_status,
        count(rto1_0.id) 
    from
        road_traffic_overall rto1_0 
    where
        rto1_0.request_time>=? 
    group by
        rto1_0.evaluation_status
2026-01-09T00:11:08.680+08:00 DEBUG 1912 --- [carpool] [http-nio-8080-exec-9] org.hibernate.SQL                        : 
    select
        rto1_0.evaluation_status,
        count(rto1_0.id) 
    from
        road_traffic_overall rto1_0 
    where
        rto1_0.request_time>=? 
    group by
        rto1_0.evaluation_status
2026-01-09T00:11:08.692+08:00  INFO 1912 --- [carpool] [http-nio-8080-exec-5] c.e.c.controller.TrafficController       : 收到获取城市道路列表请求 - 城市: [上海市]
2026-01-09T00:11:08.693+08:00 DEBUG 1912 --- [carpool] [http-nio-8080-exec-1] org.hibernate.SQL                        : 
    select
        rto1_0.evaluation_status,
        count(rto1_0.id) 
    from
        road_traffic_overall rto1_0 
    where
        rto1_0.request_time>=? 
    group by
        rto1_0.evaluation_status
2026-01-09T00:11:08.693+08:00 DEBUG 1912 --- [carpool] [http-nio-8080-exec-10] org.hibernate.SQL                        : 
    select
        rto1_0.evaluation_status,
        count(rto1_0.id) 
    from
        road_traffic_overall rto1_0 
    where
        rto1_0.request_time>=? 
    group by
        rto1_0.evaluation_status
2026-01-09T00:11:08.693+08:00 DEBUG 1912 --- [carpool] [http-nio-8080-exec-8] org.hibernate.SQL                        : 
    select
        rto1_0.evaluation_status,
        count(rto1_0.id) 
    from
        road_traffic_overall rto1_0 
    where
        rto1_0.request_time>=? 
    group by
        rto1_0.evaluation_status
2026-01-09T00:11:08.693+08:00 DEBUG 1912 --- [carpool] [http-nio-8080-exec-5] org.hibernate.SQL                        : 
    select
        distinct rto1_0.road_name 
    from
        road_traffic_overall rto1_0 
    where
        rto1_0.city=? 
    order by
        rto1_0.road_name
2026-01-09T00:11:08.694+08:00 DEBUG 1912 --- [carpool] [http-nio-8080-exec-6] org.hibernate.SQL                        : 
    select
        rto1_0.id,
        rto1_0.api_status,
        rto1_0.city,
        rto1_0.created_at,
        rto1_0.description,
        rto1_0.evaluation_status,
        rto1_0.evaluation_status_desc,
        rto1_0.message,
        rto1_0.request_time,
        rto1_0.road_name 
    from
        road_traffic_overall rto1_0 
    where
        rto1_0.id in (select
            max(rto2_0.id) 
        from
            road_traffic_overall rto2_0 
        group by
            rto2_0.road_name, rto2_0.city) 
    order by
        rto1_0.request_time desc,
        rto1_0.request_time desc 
    limit
        ?
2026-01-09T00:11:08.696+08:00  INFO 1912 --- [carpool] [http-nio-8080-exec-5] c.e.c.controller.TrafficController       : 查询成功 - 找到 12 条道路
2026-01-09T00:11:08.703+08:00 DEBUG 1912 --- [carpool] [http-nio-8080-exec-6] org.hibernate.SQL                        : 
    select
        count(rto1_0.id) 
    from
        road_traffic_overall rto1_0 
    where
        rto1_0.id in (select
            max(rto2_0.id) 
        from
            road_traffic_overall rto2_0 
        group by
            rto2_0.road_name, rto2_0.city)
2026-01-09T00:11:08.706+08:00  INFO 1912 --- [carpool] [http-nio-8080-exec-7] c.e.c.controller.TrafficController       : 收到获取城市道路列表请求 - 城市: [上海市]
2026-01-09T00:11:08.708+08:00 DEBUG 1912 --- [carpool] [http-nio-8080-exec-7] org.hibernate.SQL                        : 
    select
        distinct rto1_0.road_name 
    from
        road_traffic_overall rto1_0 
    where
        rto1_0.city=? 
    order by
        rto1_0.road_name
2026-01-09T00:11:08.713+08:00  INFO 1912 --- [carpool] [http-nio-8080-exec-7] c.e.c.controller.TrafficController       : 查询成功 - 找到 12 条道路
2026-01-09T00:11:08.716+08:00 DEBUG 1912 --- [carpool] [http-nio-8080-exec-3] org.hibernate.SQL                        : 
    select
        rto1_0.id,
        rto1_0.api_status,
        rto1_0.city,
        rto1_0.created_at,
        rto1_0.description,
        rto1_0.evaluation_status,
        rto1_0.evaluation_status_desc,
        rto1_0.message,
        rto1_0.request_time,
        rto1_0.road_name 
    from
        road_traffic_overall rto1_0 
    where
        rto1_0.id in (select
            max(rto2_0.id) 
        from
            road_traffic_overall rto2_0 
        group by
            rto2_0.road_name, rto2_0.city) 
    order by
        rto1_0.request_time desc,
        rto1_0.request_time desc 
    limit
        ?
2026-01-09T00:11:08.723+08:00 DEBUG 1912 --- [carpool] [http-nio-8080-exec-3] org.hibernate.SQL                        : 
    select
        count(rto1_0.id) 
    from
        road_traffic_overall rto1_0 
    where
        rto1_0.id in (select
            max(rto2_0.id) 
        from
            road_traffic_overall rto2_0 
        group by
            rto2_0.road_name, rto2_0.city)
2026-01-09T00:11:08.725+08:00 DEBUG 1912 --- [carpool] [http-nio-8080-exec-4] org.hibernate.SQL                        : 
    select
        rto1_0.evaluation_status,
        count(rto1_0.id) 
    from
        road_traffic_overall rto1_0 
    where
        rto1_0.request_time>=? 
    group by
        rto1_0.evaluation_status
2026-01-09T00:11:08.730+08:00  INFO 1912 --- [carpool] [http-nio-8080-exec-2] c.e.c.controller.TrafficController       : 收到获取城市道路列表请求 - 城市: [上海市]
2026-01-09T00:11:08.732+08:00 DEBUG 1912 --- [carpool] [http-nio-8080-exec-2] org.hibernate.SQL                        : 
    select
        distinct rto1_0.road_name 
    from
        road_traffic_overall rto1_0 
    where
        rto1_0.city=? 
    order by
        rto1_0.road_name
2026-01-09T00:11:08.733+08:00 DEBUG 1912 --- [carpool] [http-nio-8080-exec-3] org.hibernate.SQL                        : 
    select
        rto1_0.id,
        rto1_0.api_status,
        rto1_0.city,
        rto1_0.created_at,
        rto1_0.description,
        rto1_0.evaluation_status,
        rto1_0.evaluation_status_desc,
        rto1_0.message,
        rto1_0.request_time,
        rto1_0.road_name 
    from
        road_traffic_overall rto1_0 
    where
        rto1_0.id in (select
            max(rto2_0.id) 
        from
            road_traffic_overall rto2_0 
        group by
            rto2_0.road_name, rto2_0.city) 
    order by
        rto1_0.request_time desc,
        rto1_0.request_time desc 
    limit
        ?
2026-01-09T00:11:08.735+08:00  INFO 1912 --- [carpool] [http-nio-8080-exec-2] c.e.c.controller.TrafficController       : 查询成功 - 找到 12 条道路
2026-01-09T00:11:08.739+08:00 DEBUG 1912 --- [carpool] [http-nio-8080-exec-3] org.hibernate.SQL                        : 
    select
        count(rto1_0.id) 
    from
        road_traffic_overall rto1_0 
    where
        rto1_0.id in (select
            max(rto2_0.id) 
        from
            road_traffic_overall rto2_0 
        group by
            rto2_0.road_name, rto2_0.city)
2026-01-09T00:11:08.740+08:00  INFO 1912 --- [carpool] [http-nio-8080-exec-8] c.e.c.controller.TrafficController       : 收到获取城市道路列表请求 - 城市: [上海市]
2026-01-09T00:11:08.742+08:00 DEBUG 1912 --- [carpool] [http-nio-8080-exec-8] org.hibernate.SQL                        : 
    select
        distinct rto1_0.road_name 
    from
        road_traffic_overall rto1_0 
    where
        rto1_0.city=? 
    order by
        rto1_0.road_name
2026-01-09T00:11:08.745+08:00  INFO 1912 --- [carpool] [http-nio-8080-exec-8] c.e.c.controller.TrafficController       : 查询成功 - 找到 12 条道路
2026-01-09T00:11:08.747+08:00 DEBUG 1912 --- [carpool] [http-nio-8080-exec-1] org.hibernate.SQL                        : 
    select
        rto1_0.id,
        rto1_0.api_status,
        rto1_0.city,
        rto1_0.created_at,
        rto1_0.description,
        rto1_0.evaluation_status,
        rto1_0.evaluation_status_desc,
        rto1_0.message,
        rto1_0.request_time,
        rto1_0.road_name 
    from
        road_traffic_overall rto1_0 
    where
        rto1_0.id in (select
            max(rto2_0.id) 
        from
            road_traffic_overall rto2_0 
        group by
            rto2_0.road_name, rto2_0.city) 
    order by
        rto1_0.request_time desc,
        rto1_0.request_time desc 
    limit
        ?
2026-01-09T00:11:08.754+08:00 DEBUG 1912 --- [carpool] [http-nio-8080-exec-1] org.hibernate.SQL                        : 
    select
        count(rto1_0.id) 
    from
        road_traffic_overall rto1_0 
    where
        rto1_0.id in (select
            max(rto2_0.id) 
        from
            road_traffic_overall rto2_0 
        group by
            rto2_0.road_name, rto2_0.city)
2026-01-09T00:11:08.763+08:00 DEBUG 1912 --- [carpool] [http-nio-8080-exec-1] org.hibernate.SQL                        : 
    select
        rto1_0.id,
        rto1_0.api_status,
        rto1_0.city,
        rto1_0.created_at,
        rto1_0.description,
        rto1_0.evaluation_status,
        rto1_0.evaluation_status_desc,
        rto1_0.message,
        rto1_0.request_time,
        rto1_0.road_name 
    from
        road_traffic_overall rto1_0 
    where
        rto1_0.id in (select
            max(rto2_0.id) 
        from
            road_traffic_overall rto2_0 
        group by
            rto2_0.road_name, rto2_0.city) 
    order by
        rto1_0.request_time desc,
        rto1_0.request_time desc 
    limit
        ?
2026-01-09T00:11:08.768+08:00 DEBUG 1912 --- [carpool] [http-nio-8080-exec-1] org.hibernate.SQL                        : 
    select
        count(rto1_0.id) 
    from
        road_traffic_overall rto1_0 
    where
        rto1_0.id in (select
            max(rto2_0.id) 
        from
            road_traffic_overall rto2_0 
        group by
            rto2_0.road_name, rto2_0.city)
2026-01-09T00:11:08.777+08:00 DEBUG 1912 --- [carpool] [http-nio-8080-exec-10] org.hibernate.SQL                        : 
    select
        rto1_0.id,
        rto1_0.api_status,
        rto1_0.city,
        rto1_0.created_at,
        rto1_0.description,
        rto1_0.evaluation_status,
        rto1_0.evaluation_status_desc,
        rto1_0.message,
        rto1_0.request_time,
        rto1_0.road_name 
    from
        road_traffic_overall rto1_0 
    where
        rto1_0.id in (select
            max(rto2_0.id) 
        from
            road_traffic_overall rto2_0 
        group by
            rto2_0.road_name, rto2_0.city) 
    order by
        rto1_0.request_time desc,
        rto1_0.request_time desc 
    limit
        ?
2026-01-09T00:11:08.781+08:00 DEBUG 1912 --- [carpool] [http-nio-8080-exec-10] org.hibernate.SQL                        : 
    select
        count(rto1_0.id) 
    from
        road_traffic_overall rto1_0 
    where
        rto1_0.id in (select
            max(rto2_0.id) 
        from
            road_traffic_overall rto2_0 
        group by
            rto2_0.road_name, rto2_0.city)
2026-01-09T00:11:08.788+08:00 DEBUG 1912 --- [carpool] [http-nio-8080-exec-6] org.hibernate.SQL                        : 
    select
        rto1_0.id,
        rto1_0.api_status,
        rto1_0.city,
        rto1_0.created_at,
        rto1_0.description,
        rto1_0.evaluation_status,
        rto1_0.evaluation_status_desc,
        rto1_0.message,
        rto1_0.request_time,
        rto1_0.road_name 
    from
        road_traffic_overall rto1_0 
    where
        rto1_0.id in (select
            max(rto2_0.id) 
        from
            road_traffic_overall rto2_0 
        group by
            rto2_0.road_name, rto2_0.city) 
    order by
        rto1_0.request_time desc,
        rto1_0.request_time desc 
    limit
        ?
2026-01-09T00:11:08.795+08:00 DEBUG 1912 --- [carpool] [http-nio-8080-exec-6] org.hibernate.SQL                        : 
    select
        count(rto1_0.id) 
    from
        road_traffic_overall rto1_0 
    where
        rto1_0.id in (select
            max(rto2_0.id) 
        from
            road_traffic_overall rto2_0 
        group by
            rto2_0.road_name, rto2_0.city)
2026-01-09T00:11:08.804+08:00 DEBUG 1912 --- [carpool] [http-nio-8080-exec-7] org.hibernate.SQL                        : 
    select
        rto1_0.id,
        rto1_0.api_status,
        rto1_0.city,
        rto1_0.created_at,
        rto1_0.description,
        rto1_0.evaluation_status,
        rto1_0.evaluation_status_desc,
        rto1_0.message,
        rto1_0.request_time,
        rto1_0.road_name 
    from
        road_traffic_overall rto1_0 
    where
        rto1_0.id in (select
            max(rto2_0.id) 
        from
            road_traffic_overall rto2_0 
        group by
            rto2_0.road_name, rto2_0.city) 
    order by
        rto1_0.request_time desc,
        rto1_0.request_time desc 
    limit
        ?
2026-01-09T00:11:08.810+08:00 DEBUG 1912 --- [carpool] [http-nio-8080-exec-7] org.hibernate.SQL                        : 
    select
        count(rto1_0.id) 
    from
        road_traffic_overall rto1_0 
    where
        rto1_0.id in (select
            max(rto2_0.id) 
        from
            road_traffic_overall rto2_0 
        group by
            rto2_0.road_name, rto2_0.city)
2026-01-09T00:11:10.684+08:00  INFO 1912 --- [carpool] [http-nio-8080-exec-1] c.e.c.controller.TrafficController       : 收到获取支持城市列表请求
2026-01-09T00:11:10.687+08:00 DEBUG 1912 --- [carpool] [http-nio-8080-exec-1] org.hibernate.SQL                        : 
    select
        distinct rto1_0.city 
    from
        road_traffic_overall rto1_0 
    order by
        rto1_0.city
2026-01-09T00:11:10.690+08:00  INFO 1912 --- [carpool] [http-nio-8080-exec-1] c.e.c.controller.TrafficController       : 查询成功 - 找到 1 个城市
2026-01-09T00:11:10.690+08:00 DEBUG 1912 --- [carpool] [http-nio-8080-exec-1] c.e.c.controller.TrafficController       : 城市列表: [上海市]
2026-01-09T00:11:10.699+08:00  INFO 1912 --- [carpool] [http-nio-8080-exec-10] c.e.c.controller.TrafficController       : 收到获取城市道路列表请求 - 城市: [上海市]
2026-01-09T00:11:10.700+08:00 DEBUG 1912 --- [carpool] [http-nio-8080-exec-10] org.hibernate.SQL                        : 
    select
        distinct rto1_0.road_name 
    from
        road_traffic_overall rto1_0 
    where
        rto1_0.city=? 
    order by
        rto1_0.road_name
2026-01-09T00:11:10.702+08:00  INFO 1912 --- [carpool] [http-nio-8080-exec-10] c.e.c.controller.TrafficController       : 查询成功 - 找到 12 条道路
2026-01-09T00:11:11.496+08:00 DEBUG 1912 --- [carpool] [http-nio-8080-exec-6] org.hibernate.SQL                        : 
    select
        rto1_0.id,
        rto1_0.api_status,
        rto1_0.city,
        rto1_0.created_at,
        rto1_0.description,
        rto1_0.evaluation_status,
        rto1_0.evaluation_status_desc,
        rto1_0.message,
        rto1_0.request_time,
        rto1_0.road_name 
    from
        road_traffic_overall rto1_0 
    where
        rto1_0.id in (select
            max(rto2_0.id) 
        from
            road_traffic_overall rto2_0 
        group by
            rto2_0.road_name, rto2_0.city) 
    order by
        rto1_0.request_time desc,
        rto1_0.request_time desc 
    limit
        ?
2026-01-09T00:11:11.497+08:00 DEBUG 1912 --- [carpool] [http-nio-8080-exec-7] org.hibernate.SQL                        : 
    select
        rto1_0.evaluation_status,
        count(rto1_0.id) 
    from
        road_traffic_overall rto1_0 
    where
        rto1_0.request_time>=? 
    group by
        rto1_0.evaluation_status
2026-01-09T00:11:11.508+08:00 DEBUG 1912 --- [carpool] [http-nio-8080-exec-6] org.hibernate.SQL                        : 
    select
        count(rto1_0.id) 
    from
        road_traffic_overall rto1_0 
    where
        rto1_0.id in (select
            max(rto2_0.id) 
        from
            road_traffic_overall rto2_0 
        group by
            rto2_0.road_name, rto2_0.city)
2026-01-09T00:11:37.094+08:00  INFO 1912 --- [carpool] [http-nio-8080-exec-5] c.e.c.controller.TrafficController       : 收到获取支持城市列表请求
2026-01-09T00:11:37.096+08:00 DEBUG 1912 --- [carpool] [http-nio-8080-exec-5] org.hibernate.SQL                        : 
    select
        distinct rto1_0.city 
    from
        road_traffic_overall rto1_0 
    order by
        rto1_0.city
2026-01-09T00:11:37.098+08:00  INFO 1912 --- [carpool] [http-nio-8080-exec-5] c.e.c.controller.TrafficController       : 查询成功 - 找到 1 个城市
2026-01-09T00:11:37.099+08:00 DEBUG 1912 --- [carpool] [http-nio-8080-exec-5] c.e.c.controller.TrafficController       : 城市列表: [上海市]
2026-01-09T00:11:37.110+08:00  INFO 1912 --- [carpool] [http-nio-8080-exec-3] c.e.c.controller.TrafficController       : 收到获取城市道路列表请求 - 城市: [上海市]
2026-01-09T00:11:37.112+08:00 DEBUG 1912 --- [carpool] [http-nio-8080-exec-3] org.hibernate.SQL                        : 
    select
        distinct rto1_0.road_name 
    from
        road_traffic_overall rto1_0 
    where
        rto1_0.city=? 
    order by
        rto1_0.road_name
2026-01-09T00:11:37.114+08:00  INFO 1912 --- [carpool] [http-nio-8080-exec-3] c.e.c.controller.TrafficController       : 查询成功 - 找到 12 条道路
2026-01-09T00:11:37.377+08:00 DEBUG 1912 --- [carpool] [http-nio-8080-exec-8] org.hibernate.SQL                        : 
    select
        rto1_0.id,
        rto1_0.api_status,
        rto1_0.city,
        rto1_0.created_at,
        rto1_0.description,
        rto1_0.evaluation_status,
        rto1_0.evaluation_status_desc,
        rto1_0.message,
        rto1_0.request_time,
        rto1_0.road_name 
    from
        road_traffic_overall rto1_0 
    where
        rto1_0.id in (select
            max(rto2_0.id) 
        from
            road_traffic_overall rto2_0 
        group by
            rto2_0.road_name, rto2_0.city) 
    order by
        rto1_0.request_time desc,
        rto1_0.request_time desc 
    limit
        ?
2026-01-09T00:11:37.381+08:00 DEBUG 1912 --- [carpool] [http-nio-8080-exec-9] org.hibernate.SQL                        : 
    select
        rto1_0.evaluation_status,
        count(rto1_0.id) 
    from
        road_traffic_overall rto1_0 
    where
        rto1_0.request_time>=? 
    group by
        rto1_0.evaluation_status
2026-01-09T00:11:37.382+08:00 DEBUG 1912 --- [carpool] [http-nio-8080-exec-8] org.hibernate.SQL                        : 
    select
        count(rto1_0.id) 
    from
        road_traffic_overall rto1_0 
    where
        rto1_0.id in (select
            max(rto2_0.id) 
        from
            road_traffic_overall rto2_0 
        group by
            rto2_0.road_name, rto2_0.city)
2026-01-09T00:11:37.632+08:00  INFO 1912 --- [carpool] [http-nio-8080-exec-1] c.e.c.controller.TrafficController       : 收到获取支持城市列表请求
2026-01-09T00:11:37.634+08:00 DEBUG 1912 --- [carpool] [http-nio-8080-exec-1] org.hibernate.SQL                        : 
    select
        distinct rto1_0.city 
    from
        road_traffic_overall rto1_0 
    order by
        rto1_0.city
2026-01-09T00:11:37.638+08:00  INFO 1912 --- [carpool] [http-nio-8080-exec-1] c.e.c.controller.TrafficController       : 查询成功 - 找到 1 个城市
2026-01-09T00:11:37.638+08:00 DEBUG 1912 --- [carpool] [http-nio-8080-exec-1] c.e.c.controller.TrafficController       : 城市列表: [上海市]
2026-01-09T00:11:37.647+08:00  INFO 1912 --- [carpool] [http-nio-8080-exec-10] c.e.c.controller.TrafficController       : 收到获取城市道路列表请求 - 城市: [上海市]
2026-01-09T00:11:37.648+08:00 DEBUG 1912 --- [carpool] [http-nio-8080-exec-10] org.hibernate.SQL                        : 
    select
        distinct rto1_0.road_name 
    from
        road_traffic_overall rto1_0 
    where
        rto1_0.city=? 
    order by
        rto1_0.road_name
2026-01-09T00:11:37.651+08:00  INFO 1912 --- [carpool] [http-nio-8080-exec-10] c.e.c.controller.TrafficController       : 查询成功 - 找到 12 条道路
2026-01-09T00:11:37.920+08:00 DEBUG 1912 --- [carpool] [http-nio-8080-exec-7] org.hibernate.SQL                        : 
    select
        rto1_0.id,
        rto1_0.api_status,
        rto1_0.city,
        rto1_0.created_at,
        rto1_0.description,
        rto1_0.evaluation_status,
        rto1_0.evaluation_status_desc,
        rto1_0.message,
        rto1_0.request_time,
        rto1_0.road_name 
    from
        road_traffic_overall rto1_0 
    where
        rto1_0.id in (select
            max(rto2_0.id) 
        from
            road_traffic_overall rto2_0 
        group by
            rto2_0.road_name, rto2_0.city) 
    order by
        rto1_0.request_time desc,
        rto1_0.request_time desc 
    limit
        ?
2026-01-09T00:11:37.920+08:00 DEBUG 1912 --- [carpool] [http-nio-8080-exec-6] org.hibernate.SQL                        : 
    select
        rto1_0.evaluation_status,
        count(rto1_0.id) 
    from
        road_traffic_overall rto1_0 
    where
        rto1_0.request_time>=? 
    group by
        rto1_0.evaluation_status
2026-01-09T00:11:37.924+08:00 DEBUG 1912 --- [carpool] [http-nio-8080-exec-7] org.hibernate.SQL                        : 
    select
        count(rto1_0.id) 
    from
        road_traffic_overall rto1_0 
    where
        rto1_0.id in (select
            max(rto2_0.id) 
        from
            road_traffic_overall rto2_0 
        group by
            rto2_0.road_name, rto2_0.city)
2026-01-09T00:11:38.184+08:00  INFO 1912 --- [carpool] [http-nio-8080-exec-2] c.e.c.controller.TrafficController       : 收到获取支持城市列表请求
2026-01-09T00:11:38.185+08:00 DEBUG 1912 --- [carpool] [http-nio-8080-exec-2] org.hibernate.SQL                        : 
    select
        distinct rto1_0.city 
    from
        road_traffic_overall rto1_0 
    order by
        rto1_0.city
2026-01-09T00:11:38.187+08:00  INFO 1912 --- [carpool] [http-nio-8080-exec-2] c.e.c.controller.TrafficController       : 查询成功 - 找到 1 个城市
2026-01-09T00:11:38.188+08:00 DEBUG 1912 --- [carpool] [http-nio-8080-exec-2] c.e.c.controller.TrafficController       : 城市列表: [上海市]
2026-01-09T00:11:38.197+08:00  INFO 1912 --- [carpool] [http-nio-8080-exec-4] c.e.c.controller.TrafficController       : 收到获取城市道路列表请求 - 城市: [上海市]
2026-01-09T00:11:38.199+08:00 DEBUG 1912 --- [carpool] [http-nio-8080-exec-4] org.hibernate.SQL                        : 
    select
        distinct rto1_0.road_name 
    from
        road_traffic_overall rto1_0 
    where
        rto1_0.city=? 
    order by
        rto1_0.road_name
2026-01-09T00:11:38.200+08:00  INFO 1912 --- [carpool] [http-nio-8080-exec-4] c.e.c.controller.TrafficController       : 查询成功 - 找到 12 条道路
2026-01-09T00:11:38.466+08:00 DEBUG 1912 --- [carpool] [http-nio-8080-exec-5] org.hibernate.SQL                        : 
    select
        rto1_0.id,
        rto1_0.api_status,
        rto1_0.city,
        rto1_0.created_at,
        rto1_0.description,
        rto1_0.evaluation_status,
        rto1_0.evaluation_status_desc,
        rto1_0.message,
        rto1_0.request_time,
        rto1_0.road_name 
    from
        road_traffic_overall rto1_0 
    where
        rto1_0.id in (select
            max(rto2_0.id) 
        from
            road_traffic_overall rto2_0 
        group by
            rto2_0.road_name, rto2_0.city) 
    order by
        rto1_0.request_time desc,
        rto1_0.request_time desc 
    limit
        ?
2026-01-09T00:11:38.466+08:00 DEBUG 1912 --- [carpool] [http-nio-8080-exec-3] org.hibernate.SQL                        : 
    select
        rto1_0.evaluation_status,
        count(rto1_0.id) 
    from
        road_traffic_overall rto1_0 
    where
        rto1_0.request_time>=? 
    group by
        rto1_0.evaluation_status
2026-01-09T00:11:38.470+08:00 DEBUG 1912 --- [carpool] [http-nio-8080-exec-5] org.hibernate.SQL                        : 
    select
        count(rto1_0.id) 
    from
        road_traffic_overall rto1_0 
    where
        rto1_0.id in (select
            max(rto2_0.id) 
        from
            road_traffic_overall rto2_0 
        group by
            rto2_0.road_name, rto2_0.city)
2026-01-09T00:11:39.074+08:00 DEBUG 1912 --- [carpool] [http-nio-8080-exec-8] org.hibernate.SQL                        : 
    select
        rto1_0.evaluation_status,
        count(rto1_0.id) 
    from
        road_traffic_overall rto1_0 
    where
        rto1_0.request_time>=? 
    group by
        rto1_0.evaluation_status
2026-01-09T00:11:39.074+08:00 DEBUG 1912 --- [carpool] [http-nio-8080-exec-9] org.hibernate.SQL                        : 
    select
        rto1_0.id,
        rto1_0.api_status,
        rto1_0.city,
        rto1_0.created_at,
        rto1_0.description,
        rto1_0.evaluation_status,
        rto1_0.evaluation_status_desc,
        rto1_0.message,
        rto1_0.request_time,
        rto1_0.road_name 
    from
        road_traffic_overall rto1_0 
    where
        rto1_0.id in (select
            max(rto2_0.id) 
        from
            road_traffic_overall rto2_0 
        group by
            rto2_0.road_name, rto2_0.city) 
    order by
        rto1_0.request_time desc,
        rto1_0.request_time desc 
    limit
        ?
2026-01-09T00:11:39.077+08:00 DEBUG 1912 --- [carpool] [http-nio-8080-exec-9] org.hibernate.SQL                        : 
    select
        count(rto1_0.id) 
    from
        road_traffic_overall rto1_0 
    where
        rto1_0.id in (select
            max(rto2_0.id) 
        from
            road_traffic_overall rto2_0 
        group by
            rto2_0.road_name, rto2_0.city)
2026-01-09T00:11:39.708+08:00 DEBUG 1912 --- [carpool] [http-nio-8080-exec-1] org.hibernate.SQL                        : 
    select
        rto1_0.id,
        rto1_0.api_status,
        rto1_0.city,
        rto1_0.created_at,
        rto1_0.description,
        rto1_0.evaluation_status,
        rto1_0.evaluation_status_desc,
        rto1_0.message,
        rto1_0.request_time,
        rto1_0.road_name 
    from
        road_traffic_overall rto1_0 
    where
        rto1_0.id in (select
            max(rto2_0.id) 
        from
            road_traffic_overall rto2_0 
        group by
            rto2_0.road_name, rto2_0.city) 
    order by
        rto1_0.request_time desc,
        rto1_0.request_time desc 
    limit
        ?
2026-01-09T00:11:39.708+08:00 DEBUG 1912 --- [carpool] [http-nio-8080-exec-10] org.hibernate.SQL                        : 
    select
        rto1_0.evaluation_status,
        count(rto1_0.id) 
    from
        road_traffic_overall rto1_0 
    where
        rto1_0.request_time>=? 
    group by
        rto1_0.evaluation_status
2026-01-09T00:11:39.712+08:00 DEBUG 1912 --- [carpool] [http-nio-8080-exec-1] org.hibernate.SQL                        : 
    select
        count(rto1_0.id) 
    from
        road_traffic_overall rto1_0 
    where
        rto1_0.id in (select
            max(rto2_0.id) 
        from
            road_traffic_overall rto2_0 
        group by
            rto2_0.road_name, rto2_0.city)
2026-01-09T00:18:08.697+08:00  INFO 22388 --- [carpool] [restartedMain] com.example.carpool.CarpoolApplication   : Starting CarpoolApplication using Java 21.0.9 with PID 22388 (C:\Users\HS\Desktop\carpool\carpool-b\build\classes\java\main started by alxy in C:\Users\HS\Desktop\carpool\carpool-b)
2026-01-09T00:18:08.699+08:00 DEBUG 22388 --- [carpool] [restartedMain] com.example.carpool.CarpoolApplication   : Running with Spring Boot v3.5.7, Spring v6.2.12
2026-01-09T00:18:08.699+08:00  INFO 22388 --- [carpool] [restartedMain] com.example.carpool.CarpoolApplication   : No active profile set, falling back to 1 default profile: "default"
2026-01-09T00:18:08.742+08:00  INFO 22388 --- [carpool] [restartedMain] .e.DevToolsPropertyDefaultsPostProcessor : Devtools property defaults active! Set 'spring.devtools.add-properties' to 'false' to disable
2026-01-09T00:18:08.742+08:00  INFO 22388 --- [carpool] [restartedMain] .e.DevToolsPropertyDefaultsPostProcessor : For additional web related logging consider setting the 'logging.level.web' property to 'DEBUG'
2026-01-09T00:18:09.321+08:00  INFO 22388 --- [carpool] [restartedMain] .s.d.r.c.RepositoryConfigurationDelegate : Bootstrapping Spring Data JPA repositories in DEFAULT mode.
2026-01-09T00:18:09.385+08:00  INFO 22388 --- [carpool] [restartedMain] .s.d.r.c.RepositoryConfigurationDelegate : Finished Spring Data repository scanning in 56 ms. Found 7 JPA repository interfaces.
2026-01-09T00:18:09.957+08:00  INFO 22388 --- [carpool] [restartedMain] o.s.b.w.embedded.tomcat.TomcatWebServer  : Tomcat initialized with port 8080 (http)
2026-01-09T00:18:09.973+08:00  INFO 22388 --- [carpool] [restartedMain] o.apache.catalina.core.StandardService   : Starting service [Tomcat]
2026-01-09T00:18:09.973+08:00  INFO 22388 --- [carpool] [restartedMain] o.apache.catalina.core.StandardEngine    : Starting Servlet engine: [Apache Tomcat/10.1.48]
2026-01-09T00:18:10.021+08:00  INFO 22388 --- [carpool] [restartedMain] o.a.c.c.C.[Tomcat].[localhost].[/api]    : Initializing Spring embedded WebApplicationContext
2026-01-09T00:18:10.022+08:00  INFO 22388 --- [carpool] [restartedMain] w.s.c.ServletWebServerApplicationContext : Root WebApplicationContext: initialization completed in 1280 ms
2026-01-09T00:18:10.170+08:00  INFO 22388 --- [carpool] [restartedMain] o.hibernate.jpa.internal.util.LogHelper  : HHH000204: Processing PersistenceUnitInfo [name: default]
2026-01-09T00:18:10.230+08:00  INFO 22388 --- [carpool] [restartedMain] org.hibernate.Version                    : HHH000412: Hibernate ORM core version 6.6.33.Final
2026-01-09T00:18:10.269+08:00  INFO 22388 --- [carpool] [restartedMain] o.h.c.internal.RegionFactoryInitiator    : HHH000026: Second-level cache disabled
2026-01-09T00:18:10.539+08:00  INFO 22388 --- [carpool] [restartedMain] o.s.o.j.p.SpringPersistenceUnitInfo      : No LoadTimeWeaver setup: ignoring JPA class transformer
2026-01-09T00:18:10.570+08:00  INFO 22388 --- [carpool] [restartedMain] com.zaxxer.hikari.HikariDataSource       : HikariPool-1 - Starting...
2026-01-09T00:18:10.710+08:00  INFO 22388 --- [carpool] [restartedMain] com.zaxxer.hikari.pool.HikariPool        : HikariPool-1 - Added connection com.mysql.cj.jdbc.ConnectionImpl@332f3fab
2026-01-09T00:18:10.712+08:00  INFO 22388 --- [carpool] [restartedMain] com.zaxxer.hikari.HikariDataSource       : HikariPool-1 - Start completed.
2026-01-09T00:18:10.757+08:00  WARN 22388 --- [carpool] [restartedMain] org.hibernate.orm.deprecation            : HHH90000025: MySQL8Dialect does not need to be specified explicitly using 'hibernate.dialect' (remove the property setting and it will be selected by default)
2026-01-09T00:18:10.758+08:00  WARN 22388 --- [carpool] [restartedMain] org.hibernate.orm.deprecation            : HHH90000026: MySQL8Dialect has been deprecated; use org.hibernate.dialect.MySQLDialect instead
2026-01-09T00:18:10.774+08:00  INFO 22388 --- [carpool] [restartedMain] org.hibernate.orm.connections.pooling    : HHH10001005: Database info:
	Database JDBC URL [Connecting through datasource 'HikariDataSource (HikariPool-1)']
	Database driver: undefined/unknown
	Database version: 8.0
	Autocommit mode: undefined/unknown
	Isolation level: undefined/unknown
	Minimum pool size: undefined/unknown
	Maximum pool size: undefined/unknown
2026-01-09T00:18:12.331+08:00  INFO 22388 --- [carpool] [restartedMain] o.h.e.t.j.p.i.JtaPlatformInitiator       : HHH000489: No JTA platform available (set 'hibernate.transaction.jta.platform' to enable JTA platform integration)
2026-01-09T00:18:12.337+08:00  INFO 22388 --- [carpool] [restartedMain] j.LocalContainerEntityManagerFactoryBean : Initialized JPA EntityManagerFactory for persistence unit 'default'
2026-01-09T00:18:12.847+08:00  INFO 22388 --- [carpool] [restartedMain] o.s.d.j.r.query.QueryEnhancerFactory     : Hibernate is in classpath; If applicable, HQL parser will be used.
2026-01-09T00:18:17.712+08:00  WARN 22388 --- [carpool] [restartedMain] JpaBaseConfiguration$JpaWebConfiguration : spring.jpa.open-in-view is enabled by default. Therefore, database queries may be performed during view rendering. Explicitly configure spring.jpa.open-in-view to disable this warning
2026-01-09T00:18:18.236+08:00  INFO 22388 --- [carpool] [restartedMain] o.s.b.d.a.OptionalLiveReloadServer       : LiveReload server is running on port 35729
2026-01-09T00:18:18.279+08:00  INFO 22388 --- [carpool] [restartedMain] o.s.b.w.embedded.tomcat.TomcatWebServer  : Tomcat started on port 8080 (http) with context path '/api'
2026-01-09T00:18:18.289+08:00  INFO 22388 --- [carpool] [restartedMain] com.example.carpool.CarpoolApplication   : Started CarpoolApplication in 9.993 seconds (process running for 10.381)
2026-01-09T00:18:37.765+08:00  INFO 22388 --- [carpool] [http-nio-8080-exec-3] o.a.c.c.C.[Tomcat].[localhost].[/api]    : Initializing Spring DispatcherServlet 'dispatcherServlet'
2026-01-09T00:18:37.766+08:00  INFO 22388 --- [carpool] [http-nio-8080-exec-3] o.s.web.servlet.DispatcherServlet        : Initializing Servlet 'dispatcherServlet'
2026-01-09T00:18:37.768+08:00  INFO 22388 --- [carpool] [http-nio-8080-exec-3] o.s.web.servlet.DispatcherServlet        : Completed initialization in 2 ms
2026-01-09T00:18:37.874+08:00  INFO 22388 --- [carpool] [http-nio-8080-exec-3] c.e.c.c.LogLevelCountController          : 尝试读取日志统计文件...
2026-01-09T00:18:37.877+08:00  INFO 22388 --- [carpool] [http-nio-8080-exec-3] c.e.c.c.LogLevelCountController          : 找到日志统计文件: C:\Users\HS\Desktop\carpool\carpool-b\log_level_count.txt
2026-01-09T00:18:37.879+08:00  INFO 22388 --- [carpool] [http-nio-8080-exec-3] c.e.c.c.LogLevelCountController          : 成功读取日志统计文件，内容长度: 1746
2026-01-09T00:23:22.554+08:00  INFO 22388 --- [carpool] [http-nio-8080-exec-6] c.e.c.c.LogLevelCountController          : 尝试读取日志统计文件...
2026-01-09T00:23:22.555+08:00  INFO 22388 --- [carpool] [http-nio-8080-exec-6] c.e.c.c.LogLevelCountController          : 找到日志统计文件: C:\Users\HS\Desktop\carpool\carpool-b\log_level_count.txt
2026-01-09T00:23:22.555+08:00  INFO 22388 --- [carpool] [http-nio-8080-exec-6] c.e.c.c.LogLevelCountController          : 成功读取日志统计文件，内容长度: 1781
2026-01-09T00:23:34.412+08:00  INFO 22388 --- [carpool] [http-nio-8080-exec-7] c.e.c.c.LogLevelCountController          : 尝试读取日志统计文件...
2026-01-09T00:23:34.412+08:00  INFO 22388 --- [carpool] [http-nio-8080-exec-7] c.e.c.c.LogLevelCountController          : 找到日志统计文件: C:\Users\HS\Desktop\carpool\carpool-b\log_level_count.txt
2026-01-09T00:23:34.413+08:00  INFO 22388 --- [carpool] [http-nio-8080-exec-7] c.e.c.c.LogLevelCountController          : 成功读取日志统计文件，内容长度: 1781
2026-01-09T00:23:48.272+08:00  INFO 22388 --- [carpool] [http-nio-8080-exec-9] c.e.c.c.LogLevelCountController          : 尝试读取日志统计文件...
2026-01-09T00:23:48.273+08:00  INFO 22388 --- [carpool] [http-nio-8080-exec-9] c.e.c.c.LogLevelCountController          : 找到日志统计文件: C:\Users\HS\Desktop\carpool\carpool-b\log_level_count.txt
2026-01-09T00:23:48.274+08:00  INFO 22388 --- [carpool] [http-nio-8080-exec-9] c.e.c.c.LogLevelCountController          : 成功读取日志统计文件，内容长度: 1781
2026-01-09T00:24:49.128+08:00  INFO 22388 --- [carpool] [http-nio-8080-exec-10] c.e.c.c.LogLevelCountController          : 尝试读取日志统计文件...
2026-01-09T00:24:49.129+08:00  INFO 22388 --- [carpool] [http-nio-8080-exec-10] c.e.c.c.LogLevelCountController          : 找到日志统计文件: C:\Users\HS\Desktop\carpool\carpool-b\log_level_count.txt
2026-01-09T00:24:49.130+08:00  INFO 22388 --- [carpool] [http-nio-8080-exec-10] c.e.c.c.LogLevelCountController          : 成功读取日志统计文件，内容长度: 1782
2026-01-09T00:24:52.826+08:00  INFO 22388 --- [carpool] [http-nio-8080-exec-3] c.e.c.c.LogLevelCountController          : 尝试读取日志统计文件...
2026-01-09T00:24:52.827+08:00  INFO 22388 --- [carpool] [http-nio-8080-exec-3] c.e.c.c.LogLevelCountController          : 找到日志统计文件: C:\Users\HS\Desktop\carpool\carpool-b\log_level_count.txt
2026-01-09T00:24:52.829+08:00  INFO 22388 --- [carpool] [http-nio-8080-exec-3] c.e.c.c.LogLevelCountController          : 成功读取日志统计文件，内容长度: 1782
2026-01-09T00:29:22.778+08:00  INFO 22388 --- [carpool] [http-nio-8080-exec-6] c.e.c.c.LogLevelCountController          : 尝试读取日志统计文件...
2026-01-09T00:29:22.778+08:00  INFO 22388 --- [carpool] [http-nio-8080-exec-6] c.e.c.c.LogLevelCountController          : 找到日志统计文件: C:\Users\HS\Desktop\carpool\carpool-b\log_level_count.txt
2026-01-09T00:29:22.778+08:00  INFO 22388 --- [carpool] [http-nio-8080-exec-6] c.e.c.c.LogLevelCountController          : 成功读取日志统计文件，内容长度: 1782
2026-01-09T00:29:37.895+08:00  INFO 22388 --- [carpool] [http-nio-8080-exec-7] c.e.c.c.LogLevelCountController          : 尝试读取日志统计文件...
2026-01-09T00:29:37.895+08:00  INFO 22388 --- [carpool] [http-nio-8080-exec-7] c.e.c.c.LogLevelCountController          : 找到日志统计文件: C:\Users\HS\Desktop\carpool\carpool-b\log_level_count.txt
2026-01-09T00:29:37.896+08:00  INFO 22388 --- [carpool] [http-nio-8080-exec-7] c.e.c.c.LogLevelCountController          : 成功读取日志统计文件，内容长度: 1782
2026-01-09T00:30:57.060+08:00  INFO 29480 --- [carpool] [restartedMain] com.example.carpool.CarpoolApplication   : Starting CarpoolApplication using Java 21.0.9 with PID 29480 (C:\Users\HS\Desktop\carpool\carpool-b\build\classes\java\main started by alxy in C:\Users\HS\Desktop\carpool\carpool-b)
2026-01-09T00:30:57.062+08:00 DEBUG 29480 --- [carpool] [restartedMain] com.example.carpool.CarpoolApplication   : Running with Spring Boot v3.5.7, Spring v6.2.12
2026-01-09T00:30:57.062+08:00  INFO 29480 --- [carpool] [restartedMain] com.example.carpool.CarpoolApplication   : No active profile set, falling back to 1 default profile: "default"
2026-01-09T00:30:57.100+08:00  INFO 29480 --- [carpool] [restartedMain] .e.DevToolsPropertyDefaultsPostProcessor : Devtools property defaults active! Set 'spring.devtools.add-properties' to 'false' to disable
2026-01-09T00:30:57.100+08:00  INFO 29480 --- [carpool] [restartedMain] .e.DevToolsPropertyDefaultsPostProcessor : For additional web related logging consider setting the 'logging.level.web' property to 'DEBUG'
2026-01-09T00:30:57.647+08:00  INFO 29480 --- [carpool] [restartedMain] .s.d.r.c.RepositoryConfigurationDelegate : Bootstrapping Spring Data JPA repositories in DEFAULT mode.
2026-01-09T00:30:57.707+08:00  INFO 29480 --- [carpool] [restartedMain] .s.d.r.c.RepositoryConfigurationDelegate : Finished Spring Data repository scanning in 52 ms. Found 7 JPA repository interfaces.
2026-01-09T00:30:58.215+08:00  INFO 29480 --- [carpool] [restartedMain] o.s.b.w.embedded.tomcat.TomcatWebServer  : Tomcat initialized with port 8080 (http)
2026-01-09T00:30:58.228+08:00  INFO 29480 --- [carpool] [restartedMain] o.apache.catalina.core.StandardService   : Starting service [Tomcat]
2026-01-09T00:30:58.229+08:00  INFO 29480 --- [carpool] [restartedMain] o.apache.catalina.core.StandardEngine    : Starting Servlet engine: [Apache Tomcat/10.1.48]
2026-01-09T00:30:58.274+08:00  INFO 29480 --- [carpool] [restartedMain] o.a.c.c.C.[Tomcat].[localhost].[/api]    : Initializing Spring embedded WebApplicationContext
2026-01-09T00:30:58.274+08:00  INFO 29480 --- [carpool] [restartedMain] w.s.c.ServletWebServerApplicationContext : Root WebApplicationContext: initialization completed in 1173 ms
2026-01-09T00:30:58.394+08:00  INFO 29480 --- [carpool] [restartedMain] o.hibernate.jpa.internal.util.LogHelper  : HHH000204: Processing PersistenceUnitInfo [name: default]
2026-01-09T00:30:58.437+08:00  INFO 29480 --- [carpool] [restartedMain] org.hibernate.Version                    : HHH000412: Hibernate ORM core version 6.6.33.Final
2026-01-09T00:30:58.462+08:00  INFO 29480 --- [carpool] [restartedMain] o.h.c.internal.RegionFactoryInitiator    : HHH000026: Second-level cache disabled
2026-01-09T00:30:58.687+08:00  INFO 29480 --- [carpool] [restartedMain] o.s.o.j.p.SpringPersistenceUnitInfo      : No LoadTimeWeaver setup: ignoring JPA class transformer
2026-01-09T00:30:58.713+08:00  INFO 29480 --- [carpool] [restartedMain] com.zaxxer.hikari.HikariDataSource       : HikariPool-1 - Starting...
2026-01-09T00:30:58.842+08:00  INFO 29480 --- [carpool] [restartedMain] com.zaxxer.hikari.pool.HikariPool        : HikariPool-1 - Added connection com.mysql.cj.jdbc.ConnectionImpl@489a799a
2026-01-09T00:30:58.843+08:00  INFO 29480 --- [carpool] [restartedMain] com.zaxxer.hikari.HikariDataSource       : HikariPool-1 - Start completed.
2026-01-09T00:30:58.881+08:00  WARN 29480 --- [carpool] [restartedMain] org.hibernate.orm.deprecation            : HHH90000025: MySQL8Dialect does not need to be specified explicitly using 'hibernate.dialect' (remove the property setting and it will be selected by default)
2026-01-09T00:30:58.882+08:00  WARN 29480 --- [carpool] [restartedMain] org.hibernate.orm.deprecation            : HHH90000026: MySQL8Dialect has been deprecated; use org.hibernate.dialect.MySQLDialect instead
2026-01-09T00:30:58.896+08:00  INFO 29480 --- [carpool] [restartedMain] org.hibernate.orm.connections.pooling    : HHH10001005: Database info:
	Database JDBC URL [Connecting through datasource 'HikariDataSource (HikariPool-1)']
	Database driver: undefined/unknown
	Database version: 8.0
	Autocommit mode: undefined/unknown
	Isolation level: undefined/unknown
	Minimum pool size: undefined/unknown
	Maximum pool size: undefined/unknown
2026-01-09T00:30:59.902+08:00  INFO 29480 --- [carpool] [restartedMain] o.h.e.t.j.p.i.JtaPlatformInitiator       : HHH000489: No JTA platform available (set 'hibernate.transaction.jta.platform' to enable JTA platform integration)
2026-01-09T00:30:59.908+08:00  INFO 29480 --- [carpool] [restartedMain] j.LocalContainerEntityManagerFactoryBean : Initialized JPA EntityManagerFactory for persistence unit 'default'
2026-01-09T00:31:00.460+08:00  INFO 29480 --- [carpool] [restartedMain] o.s.d.j.r.query.QueryEnhancerFactory     : Hibernate is in classpath; If applicable, HQL parser will be used.
2026-01-09T00:31:05.294+08:00  WARN 29480 --- [carpool] [restartedMain] JpaBaseConfiguration$JpaWebConfiguration : spring.jpa.open-in-view is enabled by default. Therefore, database queries may be performed during view rendering. Explicitly configure spring.jpa.open-in-view to disable this warning
2026-01-09T00:31:05.850+08:00  INFO 29480 --- [carpool] [restartedMain] o.s.b.d.a.OptionalLiveReloadServer       : LiveReload server is running on port 35729
2026-01-09T00:31:05.897+08:00  INFO 29480 --- [carpool] [restartedMain] o.s.b.w.embedded.tomcat.TomcatWebServer  : Tomcat started on port 8080 (http) with context path '/api'
2026-01-09T00:31:05.909+08:00  INFO 29480 --- [carpool] [restartedMain] com.example.carpool.CarpoolApplication   : Started CarpoolApplication in 9.217 seconds (process running for 9.587)
2026-01-09T00:31:09.141+08:00  INFO 29480 --- [carpool] [http-nio-8080-exec-2] o.a.c.c.C.[Tomcat].[localhost].[/api]    : Initializing Spring DispatcherServlet 'dispatcherServlet'
2026-01-09T00:31:09.142+08:00  INFO 29480 --- [carpool] [http-nio-8080-exec-2] o.s.web.servlet.DispatcherServlet        : Initializing Servlet 'dispatcherServlet'
2026-01-09T00:31:09.143+08:00  INFO 29480 --- [carpool] [http-nio-8080-exec-2] o.s.web.servlet.DispatcherServlet        : Completed initialization in 1 ms
2026-01-09T00:31:09.210+08:00  INFO 29480 --- [carpool] [http-nio-8080-exec-2] c.e.c.c.LogLevelCountController          : 尝试读取日志统计文件...
2026-01-09T00:31:09.211+08:00  INFO 29480 --- [carpool] [http-nio-8080-exec-2] c.e.c.c.LogLevelCountController          : 找到日志统计文件: C:\Users\HS\Desktop\carpool\carpool-b\log_level_count.txt
2026-01-09T00:31:09.227+08:00  INFO 29480 --- [carpool] [http-nio-8080-exec-2] c.e.c.c.LogLevelCountController          : 成功读取日志统计文件，内容长度: 1787
2026-01-09T00:31:11.328+08:00  INFO 29480 --- [carpool] [http-nio-8080-exec-4] c.e.c.c.LogLevelCountController          : 尝试读取日志统计文件...
2026-01-09T00:31:11.328+08:00  INFO 29480 --- [carpool] [http-nio-8080-exec-4] c.e.c.c.LogLevelCountController          : 找到日志统计文件: C:\Users\HS\Desktop\carpool\carpool-b\log_level_count.txt
2026-01-09T00:31:11.342+08:00  INFO 29480 --- [carpool] [http-nio-8080-exec-4] c.e.c.c.LogLevelCountController          : 成功读取日志统计文件，内容长度: 1787
2026-01-09T00:31:12.375+08:00  INFO 29480 --- [carpool] [http-nio-8080-exec-3] c.e.c.c.LogLevelCountController          : 尝试读取日志统计文件...
2026-01-09T00:31:12.376+08:00  INFO 29480 --- [carpool] [http-nio-8080-exec-3] c.e.c.c.LogLevelCountController          : 找到日志统计文件: C:\Users\HS\Desktop\carpool\carpool-b\log_level_count.txt
2026-01-09T00:31:12.391+08:00  INFO 29480 --- [carpool] [http-nio-8080-exec-3] c.e.c.c.LogLevelCountController          : 成功读取日志统计文件，内容长度: 1789
2026-01-09T00:31:13.382+08:00  INFO 29480 --- [carpool] [http-nio-8080-exec-5] c.e.c.c.LogLevelCountController          : 尝试读取日志统计文件...
2026-01-09T00:31:13.383+08:00  INFO 29480 --- [carpool] [http-nio-8080-exec-5] c.e.c.c.LogLevelCountController          : 找到日志统计文件: C:\Users\HS\Desktop\carpool\carpool-b\log_level_count.txt
2026-01-09T00:31:13.394+08:00  INFO 29480 --- [carpool] [http-nio-8080-exec-5] c.e.c.c.LogLevelCountController          : 成功读取日志统计文件，内容长度: 1789
2026-01-09T00:31:14.385+08:00  INFO 29480 --- [carpool] [http-nio-8080-exec-6] c.e.c.c.LogLevelCountController          : 尝试读取日志统计文件...
2026-01-09T00:31:14.385+08:00  INFO 29480 --- [carpool] [http-nio-8080-exec-6] c.e.c.c.LogLevelCountController          : 找到日志统计文件: C:\Users\HS\Desktop\carpool\carpool-b\log_level_count.txt
2026-01-09T00:31:14.398+08:00  INFO 29480 --- [carpool] [http-nio-8080-exec-6] c.e.c.c.LogLevelCountController          : 成功读取日志统计文件，内容长度: 1789
2026-01-09T00:31:15.377+08:00  INFO 29480 --- [carpool] [http-nio-8080-exec-7] c.e.c.c.LogLevelCountController          : 尝试读取日志统计文件...
2026-01-09T00:31:15.377+08:00  INFO 29480 --- [carpool] [http-nio-8080-exec-7] c.e.c.c.LogLevelCountController          : 找到日志统计文件: C:\Users\HS\Desktop\carpool\carpool-b\log_level_count.txt
2026-01-09T00:31:15.387+08:00  INFO 29480 --- [carpool] [http-nio-8080-exec-7] c.e.c.c.LogLevelCountController          : 成功读取日志统计文件，内容长度: 1789
2026-01-09T00:31:16.379+08:00  INFO 29480 --- [carpool] [http-nio-8080-exec-8] c.e.c.c.LogLevelCountController          : 尝试读取日志统计文件...
2026-01-09T00:31:16.381+08:00  INFO 29480 --- [carpool] [http-nio-8080-exec-8] c.e.c.c.LogLevelCountController          : 找到日志统计文件: C:\Users\HS\Desktop\carpool\carpool-b\log_level_count.txt
2026-01-09T00:31:16.392+08:00  INFO 29480 --- [carpool] [http-nio-8080-exec-8] c.e.c.c.LogLevelCountController          : 成功读取日志统计文件，内容长度: 1789
2026-01-09T00:31:17.378+08:00  INFO 29480 --- [carpool] [http-nio-8080-exec-10] c.e.c.c.LogLevelCountController          : 尝试读取日志统计文件...
2026-01-09T00:31:17.378+08:00  INFO 29480 --- [carpool] [http-nio-8080-exec-10] c.e.c.c.LogLevelCountController          : 找到日志统计文件: C:\Users\HS\Desktop\carpool\carpool-b\log_level_count.txt
2026-01-09T00:31:17.393+08:00  INFO 29480 --- [carpool] [http-nio-8080-exec-10] c.e.c.c.LogLevelCountController          : 成功读取日志统计文件，内容长度: 1789
2026-01-09T00:31:18.386+08:00  INFO 29480 --- [carpool] [http-nio-8080-exec-9] c.e.c.c.LogLevelCountController          : 尝试读取日志统计文件...
2026-01-09T00:31:18.386+08:00  INFO 29480 --- [carpool] [http-nio-8080-exec-9] c.e.c.c.LogLevelCountController          : 找到日志统计文件: C:\Users\HS\Desktop\carpool\carpool-b\log_level_count.txt
2026-01-09T00:31:18.401+08:00  INFO 29480 --- [carpool] [http-nio-8080-exec-9] c.e.c.c.LogLevelCountController          : 成功读取日志统计文件，内容长度: 1790
2026-01-09T00:31:19.378+08:00  INFO 29480 --- [carpool] [http-nio-8080-exec-1] c.e.c.c.LogLevelCountController          : 尝试读取日志统计文件...
2026-01-09T00:31:19.378+08:00  INFO 29480 --- [carpool] [http-nio-8080-exec-1] c.e.c.c.LogLevelCountController          : 找到日志统计文件: C:\Users\HS\Desktop\carpool\carpool-b\log_level_count.txt
2026-01-09T00:31:19.390+08:00  INFO 29480 --- [carpool] [http-nio-8080-exec-1] c.e.c.c.LogLevelCountController          : 成功读取日志统计文件，内容长度: 1789
2026-01-09T00:31:20.375+08:00  INFO 29480 --- [carpool] [http-nio-8080-exec-2] c.e.c.c.LogLevelCountController          : 尝试读取日志统计文件...
2026-01-09T00:31:20.376+08:00  INFO 29480 --- [carpool] [http-nio-8080-exec-2] c.e.c.c.LogLevelCountController          : 找到日志统计文件: C:\Users\HS\Desktop\carpool\carpool-b\log_level_count.txt
2026-01-09T00:31:20.387+08:00  INFO 29480 --- [carpool] [http-nio-8080-exec-2] c.e.c.c.LogLevelCountController          : 成功读取日志统计文件，内容长度: 1789
2026-01-09T00:31:22.083+08:00  INFO 29480 --- [carpool] [http-nio-8080-exec-4] c.e.c.c.LogLevelCountController          : 尝试读取日志统计文件...
2026-01-09T00:31:22.083+08:00  INFO 29480 --- [carpool] [http-nio-8080-exec-4] c.e.c.c.LogLevelCountController          : 找到日志统计文件: C:\Users\HS\Desktop\carpool\carpool-b\log_level_count.txt
2026-01-09T00:31:22.097+08:00  INFO 29480 --- [carpool] [http-nio-8080-exec-4] c.e.c.c.LogLevelCountController          : 成功读取日志统计文件，内容长度: 1789
2026-01-09T00:31:23.075+08:00  INFO 29480 --- [carpool] [http-nio-8080-exec-3] c.e.c.c.LogLevelCountController          : 尝试读取日志统计文件...
2026-01-09T00:31:23.076+08:00  INFO 29480 --- [carpool] [http-nio-8080-exec-3] c.e.c.c.LogLevelCountController          : 找到日志统计文件: C:\Users\HS\Desktop\carpool\carpool-b\log_level_count.txt
2026-01-09T00:31:23.087+08:00  INFO 29480 --- [carpool] [http-nio-8080-exec-3] c.e.c.c.LogLevelCountController          : 成功读取日志统计文件，内容长度: 1789
2026-01-09T00:31:24.075+08:00  INFO 29480 --- [carpool] [http-nio-8080-exec-5] c.e.c.c.LogLevelCountController          : 尝试读取日志统计文件...
2026-01-09T00:31:24.076+08:00  INFO 29480 --- [carpool] [http-nio-8080-exec-5] c.e.c.c.LogLevelCountController          : 找到日志统计文件: C:\Users\HS\Desktop\carpool\carpool-b\log_level_count.txt
2026-01-09T00:31:24.088+08:00  INFO 29480 --- [carpool] [http-nio-8080-exec-5] c.e.c.c.LogLevelCountController          : 成功读取日志统计文件，内容长度: 1789
2026-01-09T00:31:25.084+08:00  INFO 29480 --- [carpool] [http-nio-8080-exec-6] c.e.c.c.LogLevelCountController          : 尝试读取日志统计文件...
2026-01-09T00:31:25.084+08:00  INFO 29480 --- [carpool] [http-nio-8080-exec-6] c.e.c.c.LogLevelCountController          : 找到日志统计文件: C:\Users\HS\Desktop\carpool\carpool-b\log_level_count.txt
2026-01-09T00:31:25.094+08:00  INFO 29480 --- [carpool] [http-nio-8080-exec-6] c.e.c.c.LogLevelCountController          : 成功读取日志统计文件，内容长度: 1789
2026-01-09T00:31:25.377+08:00  INFO 29480 --- [carpool] [http-nio-8080-exec-7] c.e.c.c.LogLevelCountController          : 尝试读取日志统计文件...
2026-01-09T00:31:25.377+08:00  INFO 29480 --- [carpool] [http-nio-8080-exec-7] c.e.c.c.LogLevelCountController          : 找到日志统计文件: C:\Users\HS\Desktop\carpool\carpool-b\log_level_count.txt
2026-01-09T00:31:25.377+08:00  INFO 29480 --- [carpool] [http-nio-8080-exec-7] c.e.c.c.LogLevelCountController          : 成功读取日志统计文件，内容长度: 1789
2026-01-09T00:31:26.373+08:00  INFO 29480 --- [carpool] [http-nio-8080-exec-8] c.e.c.c.LogLevelCountController          : 尝试读取日志统计文件...
2026-01-09T00:31:26.373+08:00  INFO 29480 --- [carpool] [http-nio-8080-exec-8] c.e.c.c.LogLevelCountController          : 找到日志统计文件: C:\Users\HS\Desktop\carpool\carpool-b\log_level_count.txt
2026-01-09T00:31:26.385+08:00  INFO 29480 --- [carpool] [http-nio-8080-exec-8] c.e.c.c.LogLevelCountController          : 成功读取日志统计文件，内容长度: 1790
2026-01-09T00:31:27.373+08:00  INFO 29480 --- [carpool] [http-nio-8080-exec-10] c.e.c.c.LogLevelCountController          : 尝试读取日志统计文件...
2026-01-09T00:31:27.374+08:00  INFO 29480 --- [carpool] [http-nio-8080-exec-10] c.e.c.c.LogLevelCountController          : 找到日志统计文件: C:\Users\HS\Desktop\carpool\carpool-b\log_level_count.txt
2026-01-09T00:31:27.385+08:00  INFO 29480 --- [carpool] [http-nio-8080-exec-10] c.e.c.c.LogLevelCountController          : 成功读取日志统计文件，内容长度: 1789
2026-01-09T00:31:28.372+08:00  INFO 29480 --- [carpool] [http-nio-8080-exec-9] c.e.c.c.LogLevelCountController          : 尝试读取日志统计文件...
2026-01-09T00:31:28.372+08:00  INFO 29480 --- [carpool] [http-nio-8080-exec-9] c.e.c.c.LogLevelCountController          : 找到日志统计文件: C:\Users\HS\Desktop\carpool\carpool-b\log_level_count.txt
2026-01-09T00:31:28.383+08:00  INFO 29480 --- [carpool] [http-nio-8080-exec-9] c.e.c.c.LogLevelCountController          : 成功读取日志统计文件，内容长度: 1789
2026-01-09T00:31:29.371+08:00  INFO 29480 --- [carpool] [http-nio-8080-exec-1] c.e.c.c.LogLevelCountController          : 尝试读取日志统计文件...
2026-01-09T00:31:29.372+08:00  INFO 29480 --- [carpool] [http-nio-8080-exec-1] c.e.c.c.LogLevelCountController          : 找到日志统计文件: C:\Users\HS\Desktop\carpool\carpool-b\log_level_count.txt
2026-01-09T00:31:29.384+08:00  INFO 29480 --- [carpool] [http-nio-8080-exec-1] c.e.c.c.LogLevelCountController          : 成功读取日志统计文件，内容长度: 1789
2026-01-09T00:31:30.372+08:00  INFO 29480 --- [carpool] [http-nio-8080-exec-2] c.e.c.c.LogLevelCountController          : 尝试读取日志统计文件...
2026-01-09T00:31:30.372+08:00  INFO 29480 --- [carpool] [http-nio-8080-exec-2] c.e.c.c.LogLevelCountController          : 找到日志统计文件: C:\Users\HS\Desktop\carpool\carpool-b\log_level_count.txt
2026-01-09T00:31:30.387+08:00  INFO 29480 --- [carpool] [http-nio-8080-exec-2] c.e.c.c.LogLevelCountController          : 成功读取日志统计文件，内容长度: 1789
2026-01-09T00:31:31.372+08:00  INFO 29480 --- [carpool] [http-nio-8080-exec-4] c.e.c.c.LogLevelCountController          : 尝试读取日志统计文件...
2026-01-09T00:31:31.372+08:00  INFO 29480 --- [carpool] [http-nio-8080-exec-4] c.e.c.c.LogLevelCountController          : 找到日志统计文件: C:\Users\HS\Desktop\carpool\carpool-b\log_level_count.txt
2026-01-09T00:31:31.384+08:00  INFO 29480 --- [carpool] [http-nio-8080-exec-4] c.e.c.c.LogLevelCountController          : 成功读取日志统计文件，内容长度: 1789
2026-01-09T00:31:33.075+08:00  INFO 29480 --- [carpool] [http-nio-8080-exec-3] c.e.c.c.LogLevelCountController          : 尝试读取日志统计文件...
2026-01-09T00:31:33.076+08:00  INFO 29480 --- [carpool] [http-nio-8080-exec-3] c.e.c.c.LogLevelCountController          : 找到日志统计文件: C:\Users\HS\Desktop\carpool\carpool-b\log_level_count.txt
2026-01-09T00:31:33.086+08:00  INFO 29480 --- [carpool] [http-nio-8080-exec-3] c.e.c.c.LogLevelCountController          : 成功读取日志统计文件，内容长度: 1787
2026-01-09T00:31:34.083+08:00  INFO 29480 --- [carpool] [http-nio-8080-exec-5] c.e.c.c.LogLevelCountController          : 尝试读取日志统计文件...
2026-01-09T00:31:34.084+08:00  INFO 29480 --- [carpool] [http-nio-8080-exec-5] c.e.c.c.LogLevelCountController          : 找到日志统计文件: C:\Users\HS\Desktop\carpool\carpool-b\log_level_count.txt
2026-01-09T00:31:34.094+08:00  INFO 29480 --- [carpool] [http-nio-8080-exec-5] c.e.c.c.LogLevelCountController          : 成功读取日志统计文件，内容长度: 1789
2026-01-09T00:31:34.373+08:00  INFO 29480 --- [carpool] [http-nio-8080-exec-6] c.e.c.c.LogLevelCountController          : 尝试读取日志统计文件...
2026-01-09T00:31:34.373+08:00  INFO 29480 --- [carpool] [http-nio-8080-exec-6] c.e.c.c.LogLevelCountController          : 找到日志统计文件: C:\Users\HS\Desktop\carpool\carpool-b\log_level_count.txt
2026-01-09T00:31:34.374+08:00  INFO 29480 --- [carpool] [http-nio-8080-exec-6] c.e.c.c.LogLevelCountController          : 成功读取日志统计文件，内容长度: 1789
2026-01-09T00:31:35.376+08:00  INFO 29480 --- [carpool] [http-nio-8080-exec-7] c.e.c.c.LogLevelCountController          : 尝试读取日志统计文件...
2026-01-09T00:31:35.377+08:00  INFO 29480 --- [carpool] [http-nio-8080-exec-7] c.e.c.c.LogLevelCountController          : 找到日志统计文件: C:\Users\HS\Desktop\carpool\carpool-b\log_level_count.txt
2026-01-09T00:31:35.390+08:00  INFO 29480 --- [carpool] [http-nio-8080-exec-7] c.e.c.c.LogLevelCountController          : 成功读取日志统计文件，内容长度: 1790
2026-01-09T00:31:36.375+08:00  INFO 29480 --- [carpool] [http-nio-8080-exec-8] c.e.c.c.LogLevelCountController          : 尝试读取日志统计文件...
2026-01-09T00:31:36.375+08:00  INFO 29480 --- [carpool] [http-nio-8080-exec-8] c.e.c.c.LogLevelCountController          : 找到日志统计文件: C:\Users\HS\Desktop\carpool\carpool-b\log_level_count.txt
2026-01-09T00:31:36.390+08:00  INFO 29480 --- [carpool] [http-nio-8080-exec-8] c.e.c.c.LogLevelCountController          : 成功读取日志统计文件，内容长度: 1790
2026-01-09T00:31:38.073+08:00  INFO 29480 --- [carpool] [http-nio-8080-exec-10] c.e.c.c.LogLevelCountController          : 尝试读取日志统计文件...
2026-01-09T00:31:38.073+08:00  INFO 29480 --- [carpool] [http-nio-8080-exec-10] c.e.c.c.LogLevelCountController          : 找到日志统计文件: C:\Users\HS\Desktop\carpool\carpool-b\log_level_count.txt
2026-01-09T00:31:38.085+08:00  INFO 29480 --- [carpool] [http-nio-8080-exec-10] c.e.c.c.LogLevelCountController          : 成功读取日志统计文件，内容长度: 1790
2026-01-09T00:31:39.072+08:00  INFO 29480 --- [carpool] [http-nio-8080-exec-9] c.e.c.c.LogLevelCountController          : 尝试读取日志统计文件...
2026-01-09T00:31:39.072+08:00  INFO 29480 --- [carpool] [http-nio-8080-exec-9] c.e.c.c.LogLevelCountController          : 找到日志统计文件: C:\Users\HS\Desktop\carpool\carpool-b\log_level_count.txt
2026-01-09T00:31:39.083+08:00  INFO 29480 --- [carpool] [http-nio-8080-exec-9] c.e.c.c.LogLevelCountController          : 成功读取日志统计文件，内容长度: 1790
2026-01-09T00:31:40.083+08:00  INFO 29480 --- [carpool] [http-nio-8080-exec-1] c.e.c.c.LogLevelCountController          : 尝试读取日志统计文件...
2026-01-09T00:31:40.083+08:00  INFO 29480 --- [carpool] [http-nio-8080-exec-1] c.e.c.c.LogLevelCountController          : 找到日志统计文件: C:\Users\HS\Desktop\carpool\carpool-b\log_level_count.txt
2026-01-09T00:31:40.095+08:00  INFO 29480 --- [carpool] [http-nio-8080-exec-1] c.e.c.c.LogLevelCountController          : 成功读取日志统计文件，内容长度: 1790
2026-01-09T00:31:41.078+08:00  INFO 29480 --- [carpool] [http-nio-8080-exec-2] c.e.c.c.LogLevelCountController          : 尝试读取日志统计文件...
2026-01-09T00:31:41.078+08:00  INFO 29480 --- [carpool] [http-nio-8080-exec-2] c.e.c.c.LogLevelCountController          : 找到日志统计文件: C:\Users\HS\Desktop\carpool\carpool-b\log_level_count.txt
2026-01-09T00:31:41.089+08:00  INFO 29480 --- [carpool] [http-nio-8080-exec-2] c.e.c.c.LogLevelCountController          : 成功读取日志统计文件，内容长度: 1790
2026-01-09T00:31:42.071+08:00  INFO 29480 --- [carpool] [http-nio-8080-exec-4] c.e.c.c.LogLevelCountController          : 尝试读取日志统计文件...
2026-01-09T00:31:42.072+08:00  INFO 29480 --- [carpool] [http-nio-8080-exec-4] c.e.c.c.LogLevelCountController          : 找到日志统计文件: C:\Users\HS\Desktop\carpool\carpool-b\log_level_count.txt
2026-01-09T00:31:42.083+08:00  INFO 29480 --- [carpool] [http-nio-8080-exec-4] c.e.c.c.LogLevelCountController          : 成功读取日志统计文件，内容长度: 1790
2026-01-09T00:31:43.081+08:00  INFO 29480 --- [carpool] [http-nio-8080-exec-3] c.e.c.c.LogLevelCountController          : 尝试读取日志统计文件...
2026-01-09T00:31:43.082+08:00  INFO 29480 --- [carpool] [http-nio-8080-exec-3] c.e.c.c.LogLevelCountController          : 找到日志统计文件: C:\Users\HS\Desktop\carpool\carpool-b\log_level_count.txt
2026-01-09T00:31:43.082+08:00  INFO 29480 --- [carpool] [http-nio-8080-exec-3] c.e.c.c.LogLevelCountController          : 成功读取日志统计文件，内容长度: 1790
2026-01-09T00:31:44.078+08:00  INFO 29480 --- [carpool] [http-nio-8080-exec-5] c.e.c.c.LogLevelCountController          : 尝试读取日志统计文件...
2026-01-09T00:31:44.079+08:00  INFO 29480 --- [carpool] [http-nio-8080-exec-5] c.e.c.c.LogLevelCountController          : 找到日志统计文件: C:\Users\HS\Desktop\carpool\carpool-b\log_level_count.txt
2026-01-09T00:31:44.088+08:00  INFO 29480 --- [carpool] [http-nio-8080-exec-5] c.e.c.c.LogLevelCountController          : 成功读取日志统计文件，内容长度: 1791
2026-01-09T00:31:45.074+08:00  INFO 29480 --- [carpool] [http-nio-8080-exec-6] c.e.c.c.LogLevelCountController          : 尝试读取日志统计文件...
2026-01-09T00:31:45.074+08:00  INFO 29480 --- [carpool] [http-nio-8080-exec-6] c.e.c.c.LogLevelCountController          : 找到日志统计文件: C:\Users\HS\Desktop\carpool\carpool-b\log_level_count.txt
2026-01-09T00:31:45.085+08:00  INFO 29480 --- [carpool] [http-nio-8080-exec-6] c.e.c.c.LogLevelCountController          : 成功读取日志统计文件，内容长度: 1790
2026-01-09T00:31:46.084+08:00  INFO 29480 --- [carpool] [http-nio-8080-exec-7] c.e.c.c.LogLevelCountController          : 尝试读取日志统计文件...
2026-01-09T00:31:46.084+08:00  INFO 29480 --- [carpool] [http-nio-8080-exec-7] c.e.c.c.LogLevelCountController          : 找到日志统计文件: C:\Users\HS\Desktop\carpool\carpool-b\log_level_count.txt
2026-01-09T00:31:46.096+08:00  INFO 29480 --- [carpool] [http-nio-8080-exec-7] c.e.c.c.LogLevelCountController          : 成功读取日志统计文件，内容长度: 1790
2026-01-09T00:31:47.079+08:00  INFO 29480 --- [carpool] [http-nio-8080-exec-8] c.e.c.c.LogLevelCountController          : 尝试读取日志统计文件...
2026-01-09T00:31:47.079+08:00  INFO 29480 --- [carpool] [http-nio-8080-exec-8] c.e.c.c.LogLevelCountController          : 找到日志统计文件: C:\Users\HS\Desktop\carpool\carpool-b\log_level_count.txt
2026-01-09T00:31:47.092+08:00  INFO 29480 --- [carpool] [http-nio-8080-exec-8] c.e.c.c.LogLevelCountController          : 成功读取日志统计文件，内容长度: 1790
2026-01-09T00:31:48.076+08:00  INFO 29480 --- [carpool] [http-nio-8080-exec-10] c.e.c.c.LogLevelCountController          : 尝试读取日志统计文件...
2026-01-09T00:31:48.076+08:00  INFO 29480 --- [carpool] [http-nio-8080-exec-10] c.e.c.c.LogLevelCountController          : 找到日志统计文件: C:\Users\HS\Desktop\carpool\carpool-b\log_level_count.txt
2026-01-09T00:31:48.088+08:00  INFO 29480 --- [carpool] [http-nio-8080-exec-10] c.e.c.c.LogLevelCountController          : 成功读取日志统计文件，内容长度: 1790
2026-01-09T00:31:49.073+08:00  INFO 29480 --- [carpool] [http-nio-8080-exec-9] c.e.c.c.LogLevelCountController          : 尝试读取日志统计文件...
2026-01-09T00:31:49.073+08:00  INFO 29480 --- [carpool] [http-nio-8080-exec-9] c.e.c.c.LogLevelCountController          : 找到日志统计文件: C:\Users\HS\Desktop\carpool\carpool-b\log_level_count.txt
2026-01-09T00:31:49.085+08:00  INFO 29480 --- [carpool] [http-nio-8080-exec-9] c.e.c.c.LogLevelCountController          : 成功读取日志统计文件，内容长度: 1790
2026-01-09T00:31:50.078+08:00  INFO 29480 --- [carpool] [http-nio-8080-exec-1] c.e.c.c.LogLevelCountController          : 尝试读取日志统计文件...
2026-01-09T00:31:50.078+08:00  INFO 29480 --- [carpool] [http-nio-8080-exec-1] c.e.c.c.LogLevelCountController          : 找到日志统计文件: C:\Users\HS\Desktop\carpool\carpool-b\log_level_count.txt
2026-01-09T00:31:50.089+08:00  INFO 29480 --- [carpool] [http-nio-8080-exec-1] c.e.c.c.LogLevelCountController          : 成功读取日志统计文件，内容长度: 1790
2026-01-09T00:31:51.083+08:00  INFO 29480 --- [carpool] [http-nio-8080-exec-2] c.e.c.c.LogLevelCountController          : 尝试读取日志统计文件...
2026-01-09T00:31:51.083+08:00  INFO 29480 --- [carpool] [http-nio-8080-exec-2] c.e.c.c.LogLevelCountController          : 找到日志统计文件: C:\Users\HS\Desktop\carpool\carpool-b\log_level_count.txt
2026-01-09T00:31:51.084+08:00  INFO 29480 --- [carpool] [http-nio-8080-exec-2] c.e.c.c.LogLevelCountController          : 成功读取日志统计文件，内容长度: 1790
2026-01-09T00:31:52.069+08:00  INFO 29480 --- [carpool] [http-nio-8080-exec-4] c.e.c.c.LogLevelCountController          : 尝试读取日志统计文件...
2026-01-09T00:31:52.069+08:00  INFO 29480 --- [carpool] [http-nio-8080-exec-4] c.e.c.c.LogLevelCountController          : 找到日志统计文件: C:\Users\HS\Desktop\carpool\carpool-b\log_level_count.txt
2026-01-09T00:31:52.080+08:00  INFO 29480 --- [carpool] [http-nio-8080-exec-4] c.e.c.c.LogLevelCountController          : 成功读取日志统计文件，内容长度: 1791
2026-01-09T00:31:53.069+08:00  INFO 29480 --- [carpool] [http-nio-8080-exec-3] c.e.c.c.LogLevelCountController          : 尝试读取日志统计文件...
2026-01-09T00:31:53.069+08:00  INFO 29480 --- [carpool] [http-nio-8080-exec-3] c.e.c.c.LogLevelCountController          : 找到日志统计文件: C:\Users\HS\Desktop\carpool\carpool-b\log_level_count.txt
2026-01-09T00:31:53.080+08:00  INFO 29480 --- [carpool] [http-nio-8080-exec-3] c.e.c.c.LogLevelCountController          : 成功读取日志统计文件，内容长度: 1790
2026-01-09T00:31:54.081+08:00  INFO 29480 --- [carpool] [http-nio-8080-exec-5] c.e.c.c.LogLevelCountController          : 尝试读取日志统计文件...
2026-01-09T00:31:54.081+08:00  INFO 29480 --- [carpool] [http-nio-8080-exec-5] c.e.c.c.LogLevelCountController          : 找到日志统计文件: C:\Users\HS\Desktop\carpool\carpool-b\log_level_count.txt
2026-01-09T00:31:54.092+08:00  INFO 29480 --- [carpool] [http-nio-8080-exec-5] c.e.c.c.LogLevelCountController          : 成功读取日志统计文件，内容长度: 1790
2026-01-09T00:31:55.073+08:00  INFO 29480 --- [carpool] [http-nio-8080-exec-6] c.e.c.c.LogLevelCountController          : 尝试读取日志统计文件...
2026-01-09T00:31:55.073+08:00  INFO 29480 --- [carpool] [http-nio-8080-exec-6] c.e.c.c.LogLevelCountController          : 找到日志统计文件: C:\Users\HS\Desktop\carpool\carpool-b\log_level_count.txt
2026-01-09T00:31:55.081+08:00  INFO 29480 --- [carpool] [http-nio-8080-exec-6] c.e.c.c.LogLevelCountController          : 成功读取日志统计文件，内容长度: 1790
2026-01-09T00:31:56.070+08:00  INFO 29480 --- [carpool] [http-nio-8080-exec-7] c.e.c.c.LogLevelCountController          : 尝试读取日志统计文件...
2026-01-09T00:31:56.071+08:00  INFO 29480 --- [carpool] [http-nio-8080-exec-7] c.e.c.c.LogLevelCountController          : 找到日志统计文件: C:\Users\HS\Desktop\carpool\carpool-b\log_level_count.txt
2026-01-09T00:31:56.080+08:00  INFO 29480 --- [carpool] [http-nio-8080-exec-7] c.e.c.c.LogLevelCountController          : 成功读取日志统计文件，内容长度: 1790
2026-01-09T00:31:57.084+08:00  INFO 29480 --- [carpool] [http-nio-8080-exec-8] c.e.c.c.LogLevelCountController          : 尝试读取日志统计文件...
2026-01-09T00:31:57.084+08:00  INFO 29480 --- [carpool] [http-nio-8080-exec-8] c.e.c.c.LogLevelCountController          : 找到日志统计文件: C:\Users\HS\Desktop\carpool\carpool-b\log_level_count.txt
2026-01-09T00:31:57.095+08:00  INFO 29480 --- [carpool] [http-nio-8080-exec-8] c.e.c.c.LogLevelCountController          : 成功读取日志统计文件，内容长度: 1790
2026-01-09T00:31:58.073+08:00  INFO 29480 --- [carpool] [http-nio-8080-exec-10] c.e.c.c.LogLevelCountController          : 尝试读取日志统计文件...
2026-01-09T00:31:58.073+08:00  INFO 29480 --- [carpool] [http-nio-8080-exec-10] c.e.c.c.LogLevelCountController          : 找到日志统计文件: C:\Users\HS\Desktop\carpool\carpool-b\log_level_count.txt
2026-01-09T00:31:58.073+08:00  INFO 29480 --- [carpool] [http-nio-8080-exec-10] c.e.c.c.LogLevelCountController          : 成功读取日志统计文件，内容长度: 1790
2026-01-09T00:31:59.078+08:00  INFO 29480 --- [carpool] [http-nio-8080-exec-9] c.e.c.c.LogLevelCountController          : 尝试读取日志统计文件...
2026-01-09T00:31:59.079+08:00  INFO 29480 --- [carpool] [http-nio-8080-exec-9] c.e.c.c.LogLevelCountController          : 找到日志统计文件: C:\Users\HS\Desktop\carpool\carpool-b\log_level_count.txt
2026-01-09T00:31:59.090+08:00  INFO 29480 --- [carpool] [http-nio-8080-exec-9] c.e.c.c.LogLevelCountController          : 成功读取日志统计文件，内容长度: 1791
2026-01-09T00:32:00.072+08:00  INFO 29480 --- [carpool] [http-nio-8080-exec-1] c.e.c.c.LogLevelCountController          : 尝试读取日志统计文件...
2026-01-09T00:32:00.072+08:00  INFO 29480 --- [carpool] [http-nio-8080-exec-1] c.e.c.c.LogLevelCountController          : 找到日志统计文件: C:\Users\HS\Desktop\carpool\carpool-b\log_level_count.txt
2026-01-09T00:32:00.081+08:00  INFO 29480 --- [carpool] [http-nio-8080-exec-1] c.e.c.c.LogLevelCountController          : 成功读取日志统计文件，内容长度: 1790
2026-01-09T00:32:01.071+08:00  INFO 29480 --- [carpool] [http-nio-8080-exec-2] c.e.c.c.LogLevelCountController          : 尝试读取日志统计文件...
2026-01-09T00:32:01.072+08:00  INFO 29480 --- [carpool] [http-nio-8080-exec-2] c.e.c.c.LogLevelCountController          : 找到日志统计文件: C:\Users\HS\Desktop\carpool\carpool-b\log_level_count.txt
2026-01-09T00:32:01.081+08:00  INFO 29480 --- [carpool] [http-nio-8080-exec-2] c.e.c.c.LogLevelCountController          : 成功读取日志统计文件，内容长度: 1790
2026-01-09T00:32:02.079+08:00  INFO 29480 --- [carpool] [http-nio-8080-exec-4] c.e.c.c.LogLevelCountController          : 尝试读取日志统计文件...
2026-01-09T00:32:02.079+08:00  INFO 29480 --- [carpool] [http-nio-8080-exec-4] c.e.c.c.LogLevelCountController          : 找到日志统计文件: C:\Users\HS\Desktop\carpool\carpool-b\log_level_count.txt
2026-01-09T00:32:02.089+08:00  INFO 29480 --- [carpool] [http-nio-8080-exec-4] c.e.c.c.LogLevelCountController          : 成功读取日志统计文件，内容长度: 1790
2026-01-09T00:32:03.075+08:00  INFO 29480 --- [carpool] [http-nio-8080-exec-3] c.e.c.c.LogLevelCountController          : 尝试读取日志统计文件...
2026-01-09T00:32:03.075+08:00  INFO 29480 --- [carpool] [http-nio-8080-exec-3] c.e.c.c.LogLevelCountController          : 找到日志统计文件: C:\Users\HS\Desktop\carpool\carpool-b\log_level_count.txt
2026-01-09T00:32:03.086+08:00  INFO 29480 --- [carpool] [http-nio-8080-exec-3] c.e.c.c.LogLevelCountController          : 成功读取日志统计文件，内容长度: 1790
2026-01-09T00:32:04.083+08:00  INFO 29480 --- [carpool] [http-nio-8080-exec-5] c.e.c.c.LogLevelCountController          : 尝试读取日志统计文件...
2026-01-09T00:32:04.084+08:00  INFO 29480 --- [carpool] [http-nio-8080-exec-5] c.e.c.c.LogLevelCountController          : 找到日志统计文件: C:\Users\HS\Desktop\carpool\carpool-b\log_level_count.txt
2026-01-09T00:32:04.095+08:00  INFO 29480 --- [carpool] [http-nio-8080-exec-5] c.e.c.c.LogLevelCountController          : 成功读取日志统计文件，内容长度: 1790
2026-01-09T00:32:05.081+08:00  INFO 29480 --- [carpool] [http-nio-8080-exec-6] c.e.c.c.LogLevelCountController          : 尝试读取日志统计文件...
2026-01-09T00:32:05.082+08:00  INFO 29480 --- [carpool] [http-nio-8080-exec-6] c.e.c.c.LogLevelCountController          : 找到日志统计文件: C:\Users\HS\Desktop\carpool\carpool-b\log_level_count.txt
2026-01-09T00:32:05.092+08:00  INFO 29480 --- [carpool] [http-nio-8080-exec-6] c.e.c.c.LogLevelCountController          : 成功读取日志统计文件，内容长度: 1790
2026-01-09T00:32:06.074+08:00  INFO 29480 --- [carpool] [http-nio-8080-exec-7] c.e.c.c.LogLevelCountController          : 尝试读取日志统计文件...
2026-01-09T00:32:06.074+08:00  INFO 29480 --- [carpool] [http-nio-8080-exec-7] c.e.c.c.LogLevelCountController          : 找到日志统计文件: C:\Users\HS\Desktop\carpool\carpool-b\log_level_count.txt
2026-01-09T00:32:06.075+08:00  INFO 29480 --- [carpool] [http-nio-8080-exec-7] c.e.c.c.LogLevelCountController          : 成功读取日志统计文件，内容长度: 1790
2026-01-09T00:32:07.084+08:00  INFO 29480 --- [carpool] [http-nio-8080-exec-8] c.e.c.c.LogLevelCountController          : 尝试读取日志统计文件...
2026-01-09T00:32:07.084+08:00  INFO 29480 --- [carpool] [http-nio-8080-exec-8] c.e.c.c.LogLevelCountController          : 找到日志统计文件: C:\Users\HS\Desktop\carpool\carpool-b\log_level_count.txt
2026-01-09T00:32:07.095+08:00  INFO 29480 --- [carpool] [http-nio-8080-exec-8] c.e.c.c.LogLevelCountController          : 成功读取日志统计文件，内容长度: 1791
2026-01-09T00:32:08.078+08:00  INFO 29480 --- [carpool] [http-nio-8080-exec-10] c.e.c.c.LogLevelCountController          : 尝试读取日志统计文件...
2026-01-09T00:32:08.079+08:00  INFO 29480 --- [carpool] [http-nio-8080-exec-10] c.e.c.c.LogLevelCountController          : 找到日志统计文件: C:\Users\HS\Desktop\carpool\carpool-b\log_level_count.txt
2026-01-09T00:32:08.095+08:00  INFO 29480 --- [carpool] [http-nio-8080-exec-10] c.e.c.c.LogLevelCountController          : 成功读取日志统计文件，内容长度: 1790
2026-01-09T00:32:09.072+08:00  INFO 29480 --- [carpool] [http-nio-8080-exec-9] c.e.c.c.LogLevelCountController          : 尝试读取日志统计文件...
2026-01-09T00:32:09.073+08:00  INFO 29480 --- [carpool] [http-nio-8080-exec-9] c.e.c.c.LogLevelCountController          : 找到日志统计文件: C:\Users\HS\Desktop\carpool\carpool-b\log_level_count.txt
2026-01-09T00:32:09.081+08:00  INFO 29480 --- [carpool] [http-nio-8080-exec-9] c.e.c.c.LogLevelCountController          : 成功读取日志统计文件，内容长度: 1790
2026-01-09T00:32:10.083+08:00  INFO 29480 --- [carpool] [http-nio-8080-exec-1] c.e.c.c.LogLevelCountController          : 尝试读取日志统计文件...
2026-01-09T00:32:10.084+08:00  INFO 29480 --- [carpool] [http-nio-8080-exec-1] c.e.c.c.LogLevelCountController          : 找到日志统计文件: C:\Users\HS\Desktop\carpool\carpool-b\log_level_count.txt
2026-01-09T00:32:10.092+08:00  INFO 29480 --- [carpool] [http-nio-8080-exec-1] c.e.c.c.LogLevelCountController          : 成功读取日志统计文件，内容长度: 1790
2026-01-09T00:32:11.077+08:00  INFO 29480 --- [carpool] [http-nio-8080-exec-2] c.e.c.c.LogLevelCountController          : 尝试读取日志统计文件...
2026-01-09T00:32:11.077+08:00  INFO 29480 --- [carpool] [http-nio-8080-exec-2] c.e.c.c.LogLevelCountController          : 找到日志统计文件: C:\Users\HS\Desktop\carpool\carpool-b\log_level_count.txt
2026-01-09T00:32:11.088+08:00  INFO 29480 --- [carpool] [http-nio-8080-exec-2] c.e.c.c.LogLevelCountController          : 成功读取日志统计文件，内容长度: 1790
2026-01-09T00:32:12.075+08:00  INFO 29480 --- [carpool] [http-nio-8080-exec-4] c.e.c.c.LogLevelCountController          : 尝试读取日志统计文件...
2026-01-09T00:32:12.075+08:00  INFO 29480 --- [carpool] [http-nio-8080-exec-4] c.e.c.c.LogLevelCountController          : 找到日志统计文件: C:\Users\HS\Desktop\carpool\carpool-b\log_level_count.txt
2026-01-09T00:32:12.086+08:00  INFO 29480 --- [carpool] [http-nio-8080-exec-4] c.e.c.c.LogLevelCountController          : 成功读取日志统计文件，内容长度: 1790
2026-01-09T00:32:13.072+08:00  INFO 29480 --- [carpool] [http-nio-8080-exec-3] c.e.c.c.LogLevelCountController          : 尝试读取日志统计文件...
2026-01-09T00:32:13.072+08:00  INFO 29480 --- [carpool] [http-nio-8080-exec-3] c.e.c.c.LogLevelCountController          : 找到日志统计文件: C:\Users\HS\Desktop\carpool\carpool-b\log_level_count.txt
2026-01-09T00:32:13.073+08:00  INFO 29480 --- [carpool] [http-nio-8080-exec-3] c.e.c.c.LogLevelCountController          : 成功读取日志统计文件，内容长度: 1790
2026-01-09T00:32:14.084+08:00  INFO 29480 --- [carpool] [http-nio-8080-exec-5] c.e.c.c.LogLevelCountController          : 尝试读取日志统计文件...
2026-01-09T00:32:14.085+08:00  INFO 29480 --- [carpool] [http-nio-8080-exec-5] c.e.c.c.LogLevelCountController          : 找到日志统计文件: C:\Users\HS\Desktop\carpool\carpool-b\log_level_count.txt
2026-01-09T00:32:14.097+08:00  INFO 29480 --- [carpool] [http-nio-8080-exec-5] c.e.c.c.LogLevelCountController          : 成功读取日志统计文件，内容长度: 1791
2026-01-09T00:32:15.076+08:00  INFO 29480 --- [carpool] [http-nio-8080-exec-6] c.e.c.c.LogLevelCountController          : 尝试读取日志统计文件...
2026-01-09T00:32:15.076+08:00  INFO 29480 --- [carpool] [http-nio-8080-exec-6] c.e.c.c.LogLevelCountController          : 找到日志统计文件: C:\Users\HS\Desktop\carpool\carpool-b\log_level_count.txt
2026-01-09T00:32:15.089+08:00  INFO 29480 --- [carpool] [http-nio-8080-exec-6] c.e.c.c.LogLevelCountController          : 成功读取日志统计文件，内容长度: 1790
2026-01-09T00:32:16.069+08:00  INFO 29480 --- [carpool] [http-nio-8080-exec-7] c.e.c.c.LogLevelCountController          : 尝试读取日志统计文件...
2026-01-09T00:32:16.070+08:00  INFO 29480 --- [carpool] [http-nio-8080-exec-7] c.e.c.c.LogLevelCountController          : 找到日志统计文件: C:\Users\HS\Desktop\carpool\carpool-b\log_level_count.txt
2026-01-09T00:32:16.078+08:00  INFO 29480 --- [carpool] [http-nio-8080-exec-7] c.e.c.c.LogLevelCountController          : 成功读取日志统计文件，内容长度: 1790
2026-01-09T00:32:17.084+08:00  INFO 29480 --- [carpool] [http-nio-8080-exec-8] c.e.c.c.LogLevelCountController          : 尝试读取日志统计文件...
2026-01-09T00:32:17.084+08:00  INFO 29480 --- [carpool] [http-nio-8080-exec-8] c.e.c.c.LogLevelCountController          : 找到日志统计文件: C:\Users\HS\Desktop\carpool\carpool-b\log_level_count.txt
2026-01-09T00:32:17.094+08:00  INFO 29480 --- [carpool] [http-nio-8080-exec-8] c.e.c.c.LogLevelCountController          : 成功读取日志统计文件，内容长度: 1790
2026-01-09T00:32:18.079+08:00  INFO 29480 --- [carpool] [http-nio-8080-exec-10] c.e.c.c.LogLevelCountController          : 尝试读取日志统计文件...
2026-01-09T00:32:18.079+08:00  INFO 29480 --- [carpool] [http-nio-8080-exec-10] c.e.c.c.LogLevelCountController          : 找到日志统计文件: C:\Users\HS\Desktop\carpool\carpool-b\log_level_count.txt
2026-01-09T00:32:18.088+08:00  INFO 29480 --- [carpool] [http-nio-8080-exec-10] c.e.c.c.LogLevelCountController          : 成功读取日志统计文件，内容长度: 1790
2026-01-09T00:32:19.077+08:00  INFO 29480 --- [carpool] [http-nio-8080-exec-9] c.e.c.c.LogLevelCountController          : 尝试读取日志统计文件...
2026-01-09T00:32:19.077+08:00  INFO 29480 --- [carpool] [http-nio-8080-exec-9] c.e.c.c.LogLevelCountController          : 找到日志统计文件: C:\Users\HS\Desktop\carpool\carpool-b\log_level_count.txt
2026-01-09T00:32:19.089+08:00  INFO 29480 --- [carpool] [http-nio-8080-exec-9] c.e.c.c.LogLevelCountController          : 成功读取日志统计文件，内容长度: 1790
2026-01-09T00:32:20.082+08:00  INFO 29480 --- [carpool] [http-nio-8080-exec-1] c.e.c.c.LogLevelCountController          : 尝试读取日志统计文件...
2026-01-09T00:32:20.082+08:00  INFO 29480 --- [carpool] [http-nio-8080-exec-1] c.e.c.c.LogLevelCountController          : 找到日志统计文件: C:\Users\HS\Desktop\carpool\carpool-b\log_level_count.txt
2026-01-09T00:32:20.082+08:00  INFO 29480 --- [carpool] [http-nio-8080-exec-1] c.e.c.c.LogLevelCountController          : 成功读取日志统计文件，内容长度: 1790
2026-01-09T00:32:21.071+08:00  INFO 29480 --- [carpool] [http-nio-8080-exec-2] c.e.c.c.LogLevelCountController          : 尝试读取日志统计文件...
2026-01-09T00:32:21.072+08:00  INFO 29480 --- [carpool] [http-nio-8080-exec-2] c.e.c.c.LogLevelCountController          : 找到日志统计文件: C:\Users\HS\Desktop\carpool\carpool-b\log_level_count.txt
2026-01-09T00:32:21.084+08:00  INFO 29480 --- [carpool] [http-nio-8080-exec-2] c.e.c.c.LogLevelCountController          : 成功读取日志统计文件，内容长度: 1791
2026-01-09T00:32:22.080+08:00  INFO 29480 --- [carpool] [http-nio-8080-exec-4] c.e.c.c.LogLevelCountController          : 尝试读取日志统计文件...
2026-01-09T00:32:22.080+08:00  INFO 29480 --- [carpool] [http-nio-8080-exec-4] c.e.c.c.LogLevelCountController          : 找到日志统计文件: C:\Users\HS\Desktop\carpool\carpool-b\log_level_count.txt
2026-01-09T00:32:22.090+08:00  INFO 29480 --- [carpool] [http-nio-8080-exec-4] c.e.c.c.LogLevelCountController          : 成功读取日志统计文件，内容长度: 1790
2026-01-09T00:32:23.076+08:00  INFO 29480 --- [carpool] [http-nio-8080-exec-3] c.e.c.c.LogLevelCountController          : 尝试读取日志统计文件...
2026-01-09T00:32:23.077+08:00  INFO 29480 --- [carpool] [http-nio-8080-exec-3] c.e.c.c.LogLevelCountController          : 找到日志统计文件: C:\Users\HS\Desktop\carpool\carpool-b\log_level_count.txt
2026-01-09T00:32:23.087+08:00  INFO 29480 --- [carpool] [http-nio-8080-exec-3] c.e.c.c.LogLevelCountController          : 成功读取日志统计文件，内容长度: 1790
2026-01-09T00:32:24.071+08:00  INFO 29480 --- [carpool] [http-nio-8080-exec-5] c.e.c.c.LogLevelCountController          : 尝试读取日志统计文件...
2026-01-09T00:32:24.071+08:00  INFO 29480 --- [carpool] [http-nio-8080-exec-5] c.e.c.c.LogLevelCountController          : 找到日志统计文件: C:\Users\HS\Desktop\carpool\carpool-b\log_level_count.txt
2026-01-09T00:32:24.083+08:00  INFO 29480 --- [carpool] [http-nio-8080-exec-5] c.e.c.c.LogLevelCountController          : 成功读取日志统计文件，内容长度: 1790
2026-01-09T00:32:25.070+08:00  INFO 29480 --- [carpool] [http-nio-8080-exec-6] c.e.c.c.LogLevelCountController          : 尝试读取日志统计文件...
2026-01-09T00:32:25.070+08:00  INFO 29480 --- [carpool] [http-nio-8080-exec-6] c.e.c.c.LogLevelCountController          : 找到日志统计文件: C:\Users\HS\Desktop\carpool\carpool-b\log_level_count.txt
2026-01-09T00:32:25.080+08:00  INFO 29480 --- [carpool] [http-nio-8080-exec-6] c.e.c.c.LogLevelCountController          : 成功读取日志统计文件，内容长度: 1790
2026-01-09T00:32:26.085+08:00  INFO 29480 --- [carpool] [http-nio-8080-exec-7] c.e.c.c.LogLevelCountController          : 尝试读取日志统计文件...
2026-01-09T00:32:26.085+08:00  INFO 29480 --- [carpool] [http-nio-8080-exec-7] c.e.c.c.LogLevelCountController          : 找到日志统计文件: C:\Users\HS\Desktop\carpool\carpool-b\log_level_count.txt
2026-01-09T00:32:26.095+08:00  INFO 29480 --- [carpool] [http-nio-8080-exec-7] c.e.c.c.LogLevelCountController          : 成功读取日志统计文件，内容长度: 1790
2026-01-09T00:32:27.083+08:00  INFO 29480 --- [carpool] [http-nio-8080-exec-8] c.e.c.c.LogLevelCountController          : 尝试读取日志统计文件...
2026-01-09T00:32:27.083+08:00  INFO 29480 --- [carpool] [http-nio-8080-exec-8] c.e.c.c.LogLevelCountController          : 找到日志统计文件: C:\Users\HS\Desktop\carpool\carpool-b\log_level_count.txt
2026-01-09T00:32:27.083+08:00  INFO 29480 --- [carpool] [http-nio-8080-exec-8] c.e.c.c.LogLevelCountController          : 成功读取日志统计文件，内容长度: 1790
2026-01-09T00:32:28.075+08:00  INFO 29480 --- [carpool] [http-nio-8080-exec-10] c.e.c.c.LogLevelCountController          : 尝试读取日志统计文件...
2026-01-09T00:32:28.076+08:00  INFO 29480 --- [carpool] [http-nio-8080-exec-10] c.e.c.c.LogLevelCountController          : 找到日志统计文件: C:\Users\HS\Desktop\carpool\carpool-b\log_level_count.txt
2026-01-09T00:32:28.093+08:00  INFO 29480 --- [carpool] [http-nio-8080-exec-10] c.e.c.c.LogLevelCountController          : 成功读取日志统计文件，内容长度: 1791
2026-01-09T00:32:29.069+08:00  INFO 29480 --- [carpool] [http-nio-8080-exec-9] c.e.c.c.LogLevelCountController          : 尝试读取日志统计文件...
2026-01-09T00:32:29.069+08:00  INFO 29480 --- [carpool] [http-nio-8080-exec-9] c.e.c.c.LogLevelCountController          : 找到日志统计文件: C:\Users\HS\Desktop\carpool\carpool-b\log_level_count.txt
2026-01-09T00:32:29.079+08:00  INFO 29480 --- [carpool] [http-nio-8080-exec-9] c.e.c.c.LogLevelCountController          : 成功读取日志统计文件，内容长度: 1790
2026-01-09T00:32:30.079+08:00  INFO 29480 --- [carpool] [http-nio-8080-exec-1] c.e.c.c.LogLevelCountController          : 尝试读取日志统计文件...
2026-01-09T00:32:30.079+08:00  INFO 29480 --- [carpool] [http-nio-8080-exec-1] c.e.c.c.LogLevelCountController          : 找到日志统计文件: C:\Users\HS\Desktop\carpool\carpool-b\log_level_count.txt
2026-01-09T00:32:30.089+08:00  INFO 29480 --- [carpool] [http-nio-8080-exec-1] c.e.c.c.LogLevelCountController          : 成功读取日志统计文件，内容长度: 1790
2026-01-09T00:32:31.077+08:00  INFO 29480 --- [carpool] [http-nio-8080-exec-2] c.e.c.c.LogLevelCountController          : 尝试读取日志统计文件...
2026-01-09T00:32:31.077+08:00  INFO 29480 --- [carpool] [http-nio-8080-exec-2] c.e.c.c.LogLevelCountController          : 找到日志统计文件: C:\Users\HS\Desktop\carpool\carpool-b\log_level_count.txt
2026-01-09T00:32:31.088+08:00  INFO 29480 --- [carpool] [http-nio-8080-exec-2] c.e.c.c.LogLevelCountController          : 成功读取日志统计文件，内容长度: 1790
2026-01-09T00:32:32.079+08:00  INFO 29480 --- [carpool] [http-nio-8080-exec-4] c.e.c.c.LogLevelCountController          : 尝试读取日志统计文件...
2026-01-09T00:32:32.079+08:00  INFO 29480 --- [carpool] [http-nio-8080-exec-4] c.e.c.c.LogLevelCountController          : 找到日志统计文件: C:\Users\HS\Desktop\carpool\carpool-b\log_level_count.txt
2026-01-09T00:32:32.090+08:00  INFO 29480 --- [carpool] [http-nio-8080-exec-4] c.e.c.c.LogLevelCountController          : 成功读取日志统计文件，内容长度: 1790
2026-01-09T00:32:33.077+08:00  INFO 29480 --- [carpool] [http-nio-8080-exec-3] c.e.c.c.LogLevelCountController          : 尝试读取日志统计文件...
2026-01-09T00:32:33.077+08:00  INFO 29480 --- [carpool] [http-nio-8080-exec-3] c.e.c.c.LogLevelCountController          : 找到日志统计文件: C:\Users\HS\Desktop\carpool\carpool-b\log_level_count.txt
2026-01-09T00:32:33.088+08:00  INFO 29480 --- [carpool] [http-nio-8080-exec-3] c.e.c.c.LogLevelCountController          : 成功读取日志统计文件，内容长度: 1790
2026-01-09T00:32:34.069+08:00  INFO 29480 --- [carpool] [http-nio-8080-exec-5] c.e.c.c.LogLevelCountController          : 尝试读取日志统计文件...
2026-01-09T00:32:34.069+08:00  INFO 29480 --- [carpool] [http-nio-8080-exec-5] c.e.c.c.LogLevelCountController          : 找到日志统计文件: C:\Users\HS\Desktop\carpool\carpool-b\log_level_count.txt
2026-01-09T00:32:34.069+08:00  INFO 29480 --- [carpool] [http-nio-8080-exec-5] c.e.c.c.LogLevelCountController          : 成功读取日志统计文件，内容长度: 1790
2026-01-09T00:32:35.081+08:00  INFO 29480 --- [carpool] [http-nio-8080-exec-6] c.e.c.c.LogLevelCountController          : 尝试读取日志统计文件...
2026-01-09T00:32:35.082+08:00  INFO 29480 --- [carpool] [http-nio-8080-exec-6] c.e.c.c.LogLevelCountController          : 找到日志统计文件: C:\Users\HS\Desktop\carpool\carpool-b\log_level_count.txt
2026-01-09T00:32:35.092+08:00  INFO 29480 --- [carpool] [http-nio-8080-exec-6] c.e.c.c.LogLevelCountController          : 成功读取日志统计文件，内容长度: 1791
2026-01-09T00:32:36.073+08:00  INFO 29480 --- [carpool] [http-nio-8080-exec-7] c.e.c.c.LogLevelCountController          : 尝试读取日志统计文件...
2026-01-09T00:32:36.074+08:00  INFO 29480 --- [carpool] [http-nio-8080-exec-7] c.e.c.c.LogLevelCountController          : 找到日志统计文件: C:\Users\HS\Desktop\carpool\carpool-b\log_level_count.txt
2026-01-09T00:32:36.086+08:00  INFO 29480 --- [carpool] [http-nio-8080-exec-7] c.e.c.c.LogLevelCountController          : 成功读取日志统计文件，内容长度: 1790
2026-01-09T00:33:32.073+08:00  INFO 29480 --- [carpool] [http-nio-8080-exec-8] c.e.c.c.LogLevelCountController          : 尝试读取日志统计文件...
2026-01-09T00:33:32.074+08:00  INFO 29480 --- [carpool] [http-nio-8080-exec-8] c.e.c.c.LogLevelCountController          : 找到日志统计文件: C:\Users\HS\Desktop\carpool\carpool-b\log_level_count.txt
2026-01-09T00:33:32.083+08:00  INFO 29480 --- [carpool] [http-nio-8080-exec-8] c.e.c.c.LogLevelCountController          : 成功读取日志统计文件，内容长度: 1788
2026-01-09T00:34:22.560+08:00  INFO 29480 --- [carpool] [http-nio-8080-exec-10] c.e.c.c.LogLevelCountController          : 尝试读取日志统计文件...
2026-01-09T00:34:22.561+08:00  INFO 29480 --- [carpool] [http-nio-8080-exec-10] c.e.c.c.LogLevelCountController          : 找到日志统计文件: C:\Users\HS\Desktop\carpool\carpool-b\log_level_count.txt
2026-01-09T00:34:22.574+08:00  INFO 29480 --- [carpool] [http-nio-8080-exec-10] c.e.c.c.LogLevelCountController          : 成功读取日志统计文件，内容长度: 1788
2026-01-09T00:34:24.073+08:00  INFO 29480 --- [carpool] [http-nio-8080-exec-9] c.e.c.c.LogLevelCountController          : 尝试读取日志统计文件...
2026-01-09T00:34:24.073+08:00  INFO 29480 --- [carpool] [http-nio-8080-exec-9] c.e.c.c.LogLevelCountController          : 找到日志统计文件: C:\Users\HS\Desktop\carpool\carpool-b\log_level_count.txt
2026-01-09T00:34:24.085+08:00  INFO 29480 --- [carpool] [http-nio-8080-exec-9] c.e.c.c.LogLevelCountController          : 成功读取日志统计文件，内容长度: 1790
2026-01-09T00:34:25.080+08:00  INFO 29480 --- [carpool] [http-nio-8080-exec-1] c.e.c.c.LogLevelCountController          : 尝试读取日志统计文件...
2026-01-09T00:34:25.081+08:00  INFO 29480 --- [carpool] [http-nio-8080-exec-1] c.e.c.c.LogLevelCountController          : 找到日志统计文件: C:\Users\HS\Desktop\carpool\carpool-b\log_level_count.txt
2026-01-09T00:34:25.094+08:00  INFO 29480 --- [carpool] [http-nio-8080-exec-1] c.e.c.c.LogLevelCountController          : 成功读取日志统计文件，内容长度: 1790
2026-01-09T00:34:26.074+08:00  INFO 29480 --- [carpool] [http-nio-8080-exec-2] c.e.c.c.LogLevelCountController          : 尝试读取日志统计文件...
2026-01-09T00:34:26.074+08:00  INFO 29480 --- [carpool] [http-nio-8080-exec-2] c.e.c.c.LogLevelCountController          : 找到日志统计文件: C:\Users\HS\Desktop\carpool\carpool-b\log_level_count.txt
2026-01-09T00:34:26.085+08:00  INFO 29480 --- [carpool] [http-nio-8080-exec-2] c.e.c.c.LogLevelCountController          : 成功读取日志统计文件，内容长度: 1790
2026-01-09T00:34:27.072+08:00  INFO 29480 --- [carpool] [http-nio-8080-exec-4] c.e.c.c.LogLevelCountController          : 尝试读取日志统计文件...
2026-01-09T00:34:27.072+08:00  INFO 29480 --- [carpool] [http-nio-8080-exec-4] c.e.c.c.LogLevelCountController          : 找到日志统计文件: C:\Users\HS\Desktop\carpool\carpool-b\log_level_count.txt
2026-01-09T00:34:27.082+08:00  INFO 29480 --- [carpool] [http-nio-8080-exec-4] c.e.c.c.LogLevelCountController          : 成功读取日志统计文件，内容长度: 1790
2026-01-09T00:34:28.080+08:00  INFO 29480 --- [carpool] [http-nio-8080-exec-3] c.e.c.c.LogLevelCountController          : 尝试读取日志统计文件...
2026-01-09T00:34:28.080+08:00  INFO 29480 --- [carpool] [http-nio-8080-exec-3] c.e.c.c.LogLevelCountController          : 找到日志统计文件: C:\Users\HS\Desktop\carpool\carpool-b\log_level_count.txt
2026-01-09T00:34:28.091+08:00  INFO 29480 --- [carpool] [http-nio-8080-exec-3] c.e.c.c.LogLevelCountController          : 成功读取日志统计文件，内容长度: 1790
2026-01-09T00:34:29.077+08:00  INFO 29480 --- [carpool] [http-nio-8080-exec-5] c.e.c.c.LogLevelCountController          : 尝试读取日志统计文件...
2026-01-09T00:34:29.078+08:00  INFO 29480 --- [carpool] [http-nio-8080-exec-5] c.e.c.c.LogLevelCountController          : 找到日志统计文件: C:\Users\HS\Desktop\carpool\carpool-b\log_level_count.txt
2026-01-09T00:34:29.078+08:00  INFO 29480 --- [carpool] [http-nio-8080-exec-5] c.e.c.c.LogLevelCountController          : 成功读取日志统计文件，内容长度: 1790
2026-01-09T00:34:29.911+08:00  INFO 29480 --- [carpool] [http-nio-8080-exec-6] c.e.c.c.LogLevelCountController          : 尝试读取日志统计文件...
2026-01-09T00:34:29.912+08:00  INFO 29480 --- [carpool] [http-nio-8080-exec-6] c.e.c.c.LogLevelCountController          : 找到日志统计文件: C:\Users\HS\Desktop\carpool\carpool-b\log_level_count.txt
2026-01-09T00:34:29.930+08:00  INFO 29480 --- [carpool] [http-nio-8080-exec-6] c.e.c.c.LogLevelCountController          : 成功读取日志统计文件，内容长度: 1791
2026-01-09T00:34:31.075+08:00  INFO 29480 --- [carpool] [http-nio-8080-exec-7] c.e.c.c.LogLevelCountController          : 尝试读取日志统计文件...
2026-01-09T00:34:31.075+08:00  INFO 29480 --- [carpool] [http-nio-8080-exec-7] c.e.c.c.LogLevelCountController          : 找到日志统计文件: C:\Users\HS\Desktop\carpool\carpool-b\log_level_count.txt
2026-01-09T00:34:31.090+08:00  INFO 29480 --- [carpool] [http-nio-8080-exec-7] c.e.c.c.LogLevelCountController          : 成功读取日志统计文件，内容长度: 1790
2026-01-09T00:34:32.078+08:00  INFO 29480 --- [carpool] [http-nio-8080-exec-8] c.e.c.c.LogLevelCountController          : 尝试读取日志统计文件...
2026-01-09T00:34:32.078+08:00  INFO 29480 --- [carpool] [http-nio-8080-exec-8] c.e.c.c.LogLevelCountController          : 找到日志统计文件: C:\Users\HS\Desktop\carpool\carpool-b\log_level_count.txt
2026-01-09T00:34:32.091+08:00  INFO 29480 --- [carpool] [http-nio-8080-exec-8] c.e.c.c.LogLevelCountController          : 成功读取日志统计文件，内容长度: 1790
2026-01-09T00:34:33.075+08:00  INFO 29480 --- [carpool] [http-nio-8080-exec-10] c.e.c.c.LogLevelCountController          : 尝试读取日志统计文件...
2026-01-09T00:34:33.075+08:00  INFO 29480 --- [carpool] [http-nio-8080-exec-10] c.e.c.c.LogLevelCountController          : 找到日志统计文件: C:\Users\HS\Desktop\carpool\carpool-b\log_level_count.txt
2026-01-09T00:34:33.088+08:00  INFO 29480 --- [carpool] [http-nio-8080-exec-10] c.e.c.c.LogLevelCountController          : 成功读取日志统计文件，内容长度: 1790
2026-01-09T00:34:33.994+08:00  INFO 29480 --- [carpool] [http-nio-8080-exec-9] c.e.c.c.LogLevelCountController          : 尝试读取日志统计文件...
2026-01-09T00:34:33.994+08:00  INFO 29480 --- [carpool] [http-nio-8080-exec-9] c.e.c.c.LogLevelCountController          : 找到日志统计文件: C:\Users\HS\Desktop\carpool\carpool-b\log_level_count.txt
2026-01-09T00:34:34.006+08:00  INFO 29480 --- [carpool] [http-nio-8080-exec-9] c.e.c.c.LogLevelCountController          : 成功读取日志统计文件，内容长度: 1790
2026-01-09T00:34:34.987+08:00  INFO 29480 --- [carpool] [http-nio-8080-exec-1] c.e.c.c.LogLevelCountController          : 尝试读取日志统计文件...
2026-01-09T00:34:34.987+08:00  INFO 29480 --- [carpool] [http-nio-8080-exec-1] c.e.c.c.LogLevelCountController          : 找到日志统计文件: C:\Users\HS\Desktop\carpool\carpool-b\log_level_count.txt
2026-01-09T00:34:34.987+08:00  INFO 29480 --- [carpool] [http-nio-8080-exec-1] c.e.c.c.LogLevelCountController          : 成功读取日志统计文件，内容长度: 1790
2026-01-09T00:34:35.988+08:00  INFO 29480 --- [carpool] [http-nio-8080-exec-2] c.e.c.c.LogLevelCountController          : 尝试读取日志统计文件...
2026-01-09T00:34:35.988+08:00  INFO 29480 --- [carpool] [http-nio-8080-exec-2] c.e.c.c.LogLevelCountController          : 找到日志统计文件: C:\Users\HS\Desktop\carpool\carpool-b\log_level_count.txt
2026-01-09T00:34:36.001+08:00  INFO 29480 --- [carpool] [http-nio-8080-exec-2] c.e.c.c.LogLevelCountController          : 成功读取日志统计文件，内容长度: 1791
2026-01-09T00:34:36.806+08:00  INFO 29480 --- [carpool] [http-nio-8080-exec-4] c.e.c.c.LogLevelCountController          : 尝试读取日志统计文件...
2026-01-09T00:34:36.806+08:00  INFO 29480 --- [carpool] [http-nio-8080-exec-4] c.e.c.c.LogLevelCountController          : 找到日志统计文件: C:\Users\HS\Desktop\carpool\carpool-b\log_level_count.txt
2026-01-09T00:34:36.823+08:00  INFO 29480 --- [carpool] [http-nio-8080-exec-4] c.e.c.c.LogLevelCountController          : 成功读取日志统计文件，内容长度: 1790
2026-01-09T00:34:37.855+08:00  INFO 29480 --- [carpool] [http-nio-8080-exec-3] c.e.c.c.LogLevelCountController          : 尝试读取日志统计文件...
2026-01-09T00:34:37.855+08:00  INFO 29480 --- [carpool] [http-nio-8080-exec-3] c.e.c.c.LogLevelCountController          : 找到日志统计文件: C:\Users\HS\Desktop\carpool\carpool-b\log_level_count.txt
2026-01-09T00:34:37.865+08:00  INFO 29480 --- [carpool] [http-nio-8080-exec-3] c.e.c.c.LogLevelCountController          : 成功读取日志统计文件，内容长度: 1790
2026-01-09T00:34:38.852+08:00  INFO 29480 --- [carpool] [http-nio-8080-exec-5] c.e.c.c.LogLevelCountController          : 尝试读取日志统计文件...
2026-01-09T00:34:38.852+08:00  INFO 29480 --- [carpool] [http-nio-8080-exec-5] c.e.c.c.LogLevelCountController          : 找到日志统计文件: C:\Users\HS\Desktop\carpool\carpool-b\log_level_count.txt
2026-01-09T00:34:38.865+08:00  INFO 29480 --- [carpool] [http-nio-8080-exec-5] c.e.c.c.LogLevelCountController          : 成功读取日志统计文件，内容长度: 1790
2026-01-09T00:34:39.852+08:00  INFO 29480 --- [carpool] [http-nio-8080-exec-6] c.e.c.c.LogLevelCountController          : 尝试读取日志统计文件...
2026-01-09T00:34:39.852+08:00  INFO 29480 --- [carpool] [http-nio-8080-exec-6] c.e.c.c.LogLevelCountController          : 找到日志统计文件: C:\Users\HS\Desktop\carpool\carpool-b\log_level_count.txt
2026-01-09T00:34:39.852+08:00  INFO 29480 --- [carpool] [http-nio-8080-exec-6] c.e.c.c.LogLevelCountController          : 成功读取日志统计文件，内容长度: 1790
2026-01-09T00:34:40.851+08:00  INFO 29480 --- [carpool] [http-nio-8080-exec-7] c.e.c.c.LogLevelCountController          : 尝试读取日志统计文件...
2026-01-09T00:34:40.851+08:00  INFO 29480 --- [carpool] [http-nio-8080-exec-7] c.e.c.c.LogLevelCountController          : 找到日志统计文件: C:\Users\HS\Desktop\carpool\carpool-b\log_level_count.txt
2026-01-09T00:34:40.864+08:00  INFO 29480 --- [carpool] [http-nio-8080-exec-7] c.e.c.c.LogLevelCountController          : 成功读取日志统计文件，内容长度: 1791
2026-01-09T00:34:41.851+08:00  INFO 29480 --- [carpool] [http-nio-8080-exec-8] c.e.c.c.LogLevelCountController          : 尝试读取日志统计文件...
2026-01-09T00:34:41.852+08:00  INFO 29480 --- [carpool] [http-nio-8080-exec-8] c.e.c.c.LogLevelCountController          : 找到日志统计文件: C:\Users\HS\Desktop\carpool\carpool-b\log_level_count.txt
2026-01-09T00:34:41.868+08:00  INFO 29480 --- [carpool] [http-nio-8080-exec-8] c.e.c.c.LogLevelCountController          : 成功读取日志统计文件，内容长度: 1790
2026-01-09T00:34:42.851+08:00  INFO 29480 --- [carpool] [http-nio-8080-exec-10] c.e.c.c.LogLevelCountController          : 尝试读取日志统计文件...
2026-01-09T00:34:42.851+08:00  INFO 29480 --- [carpool] [http-nio-8080-exec-10] c.e.c.c.LogLevelCountController          : 找到日志统计文件: C:\Users\HS\Desktop\carpool\carpool-b\log_level_count.txt
2026-01-09T00:34:42.862+08:00  INFO 29480 --- [carpool] [http-nio-8080-exec-10] c.e.c.c.LogLevelCountController          : 成功读取日志统计文件，内容长度: 1790
2026-01-09T00:34:43.851+08:00  INFO 29480 --- [carpool] [http-nio-8080-exec-9] c.e.c.c.LogLevelCountController          : 尝试读取日志统计文件...
2026-01-09T00:34:43.851+08:00  INFO 29480 --- [carpool] [http-nio-8080-exec-9] c.e.c.c.LogLevelCountController          : 找到日志统计文件: C:\Users\HS\Desktop\carpool\carpool-b\log_level_count.txt
2026-01-09T00:34:43.861+08:00  INFO 29480 --- [carpool] [http-nio-8080-exec-9] c.e.c.c.LogLevelCountController          : 成功读取日志统计文件，内容长度: 1790
2026-01-09T00:34:44.857+08:00  INFO 29480 --- [carpool] [http-nio-8080-exec-1] c.e.c.c.LogLevelCountController          : 尝试读取日志统计文件...
2026-01-09T00:34:44.857+08:00  INFO 29480 --- [carpool] [http-nio-8080-exec-1] c.e.c.c.LogLevelCountController          : 找到日志统计文件: C:\Users\HS\Desktop\carpool\carpool-b\log_level_count.txt
2026-01-09T00:34:44.858+08:00  INFO 29480 --- [carpool] [http-nio-8080-exec-1] c.e.c.c.LogLevelCountController          : 成功读取日志统计文件，内容长度: 1790
2026-01-09T00:34:45.855+08:00  INFO 29480 --- [carpool] [http-nio-8080-exec-2] c.e.c.c.LogLevelCountController          : 尝试读取日志统计文件...
2026-01-09T00:34:45.855+08:00  INFO 29480 --- [carpool] [http-nio-8080-exec-2] c.e.c.c.LogLevelCountController          : 找到日志统计文件: C:\Users\HS\Desktop\carpool\carpool-b\log_level_count.txt
2026-01-09T00:34:45.869+08:00  INFO 29480 --- [carpool] [http-nio-8080-exec-2] c.e.c.c.LogLevelCountController          : 成功读取日志统计文件，内容长度: 1791
2026-01-09T00:34:46.853+08:00  INFO 29480 --- [carpool] [http-nio-8080-exec-4] c.e.c.c.LogLevelCountController          : 尝试读取日志统计文件...
2026-01-09T00:34:46.854+08:00  INFO 29480 --- [carpool] [http-nio-8080-exec-4] c.e.c.c.LogLevelCountController          : 找到日志统计文件: C:\Users\HS\Desktop\carpool\carpool-b\log_level_count.txt
2026-01-09T00:34:46.866+08:00  INFO 29480 --- [carpool] [http-nio-8080-exec-4] c.e.c.c.LogLevelCountController          : 成功读取日志统计文件，内容长度: 1790
2026-01-09T00:34:47.856+08:00  INFO 29480 --- [carpool] [http-nio-8080-exec-3] c.e.c.c.LogLevelCountController          : 尝试读取日志统计文件...
2026-01-09T00:34:47.856+08:00  INFO 29480 --- [carpool] [http-nio-8080-exec-3] c.e.c.c.LogLevelCountController          : 找到日志统计文件: C:\Users\HS\Desktop\carpool\carpool-b\log_level_count.txt
2026-01-09T00:34:47.871+08:00  INFO 29480 --- [carpool] [http-nio-8080-exec-3] c.e.c.c.LogLevelCountController          : 成功读取日志统计文件，内容长度: 1790
2026-01-09T00:34:48.850+08:00  INFO 29480 --- [carpool] [http-nio-8080-exec-5] c.e.c.c.LogLevelCountController          : 尝试读取日志统计文件...
2026-01-09T00:34:48.851+08:00  INFO 29480 --- [carpool] [http-nio-8080-exec-5] c.e.c.c.LogLevelCountController          : 找到日志统计文件: C:\Users\HS\Desktop\carpool\carpool-b\log_level_count.txt
2026-01-09T00:34:48.865+08:00  INFO 29480 --- [carpool] [http-nio-8080-exec-5] c.e.c.c.LogLevelCountController          : 成功读取日志统计文件，内容长度: 1790
2026-01-09T00:34:49.854+08:00  INFO 29480 --- [carpool] [http-nio-8080-exec-6] c.e.c.c.LogLevelCountController          : 尝试读取日志统计文件...
2026-01-09T00:34:49.855+08:00  INFO 29480 --- [carpool] [http-nio-8080-exec-6] c.e.c.c.LogLevelCountController          : 找到日志统计文件: C:\Users\HS\Desktop\carpool\carpool-b\log_level_count.txt
2026-01-09T00:34:49.868+08:00  INFO 29480 --- [carpool] [http-nio-8080-exec-6] c.e.c.c.LogLevelCountController          : 成功读取日志统计文件，内容长度: 1790
2026-01-09T00:34:50.853+08:00  INFO 29480 --- [carpool] [http-nio-8080-exec-7] c.e.c.c.LogLevelCountController          : 尝试读取日志统计文件...
2026-01-09T00:34:50.854+08:00  INFO 29480 --- [carpool] [http-nio-8080-exec-7] c.e.c.c.LogLevelCountController          : 找到日志统计文件: C:\Users\HS\Desktop\carpool\carpool-b\log_level_count.txt
2026-01-09T00:34:50.854+08:00  INFO 29480 --- [carpool] [http-nio-8080-exec-7] c.e.c.c.LogLevelCountController          : 成功读取日志统计文件，内容长度: 1790
2026-01-09T00:34:51.854+08:00  INFO 29480 --- [carpool] [http-nio-8080-exec-8] c.e.c.c.LogLevelCountController          : 尝试读取日志统计文件...
2026-01-09T00:34:51.855+08:00  INFO 29480 --- [carpool] [http-nio-8080-exec-8] c.e.c.c.LogLevelCountController          : 找到日志统计文件: C:\Users\HS\Desktop\carpool\carpool-b\log_level_count.txt
2026-01-09T00:34:51.868+08:00  INFO 29480 --- [carpool] [http-nio-8080-exec-8] c.e.c.c.LogLevelCountController          : 成功读取日志统计文件，内容长度: 1791
2026-01-09T00:34:52.854+08:00  INFO 29480 --- [carpool] [http-nio-8080-exec-10] c.e.c.c.LogLevelCountController          : 尝试读取日志统计文件...
2026-01-09T00:34:52.854+08:00  INFO 29480 --- [carpool] [http-nio-8080-exec-10] c.e.c.c.LogLevelCountController          : 找到日志统计文件: C:\Users\HS\Desktop\carpool\carpool-b\log_level_count.txt
2026-01-09T00:34:52.867+08:00  INFO 29480 --- [carpool] [http-nio-8080-exec-10] c.e.c.c.LogLevelCountController          : 成功读取日志统计文件，内容长度: 1790
2026-01-09T00:34:53.498+08:00  INFO 29480 --- [carpool] [http-nio-8080-exec-9] c.e.c.c.LogLevelCountController          : 尝试读取日志统计文件...
2026-01-09T00:34:53.644+08:00  INFO 29480 --- [carpool] [http-nio-8080-exec-9] c.e.c.c.LogLevelCountController          : 找到日志统计文件: C:\Users\HS\Desktop\carpool\carpool-b\log_level_count.txt
2026-01-09T00:34:53.644+08:00  INFO 29480 --- [carpool] [http-nio-8080-exec-9] c.e.c.c.LogLevelCountController          : 成功读取日志统计文件，内容长度: 0
2026-01-09T00:34:53.825+08:00  INFO 29480 --- [carpool] [http-nio-8080-exec-1] c.e.c.c.LogLevelCountController          : 尝试读取日志统计文件...
2026-01-09T00:34:53.825+08:00  INFO 29480 --- [carpool] [http-nio-8080-exec-1] c.e.c.c.LogLevelCountController          : 找到日志统计文件: C:\Users\HS\Desktop\carpool\carpool-b\log_level_count.txt
2026-01-09T00:34:53.839+08:00  INFO 29480 --- [carpool] [http-nio-8080-exec-1] c.e.c.c.LogLevelCountController          : 成功读取日志统计文件，内容长度: 1790
2026-01-09T00:34:54.868+08:00  INFO 29480 --- [carpool] [http-nio-8080-exec-2] c.e.c.c.LogLevelCountController          : 尝试读取日志统计文件...
2026-01-09T00:34:54.869+08:00  INFO 29480 --- [carpool] [http-nio-8080-exec-2] c.e.c.c.LogLevelCountController          : 找到日志统计文件: C:\Users\HS\Desktop\carpool\carpool-b\log_level_count.txt
2026-01-09T00:34:54.882+08:00  INFO 29480 --- [carpool] [http-nio-8080-exec-2] c.e.c.c.LogLevelCountController          : 成功读取日志统计文件，内容长度: 1791
2026-01-09T00:34:55.870+08:00  INFO 29480 --- [carpool] [http-nio-8080-exec-4] c.e.c.c.LogLevelCountController          : 尝试读取日志统计文件...
2026-01-09T00:34:55.870+08:00  INFO 29480 --- [carpool] [http-nio-8080-exec-4] c.e.c.c.LogLevelCountController          : 找到日志统计文件: C:\Users\HS\Desktop\carpool\carpool-b\log_level_count.txt
2026-01-09T00:34:55.881+08:00  INFO 29480 --- [carpool] [http-nio-8080-exec-4] c.e.c.c.LogLevelCountController          : 成功读取日志统计文件，内容长度: 1791
2026-01-09T00:34:56.868+08:00  INFO 29480 --- [carpool] [http-nio-8080-exec-3] c.e.c.c.LogLevelCountController          : 尝试读取日志统计文件...
2026-01-09T00:34:56.868+08:00  INFO 29480 --- [carpool] [http-nio-8080-exec-3] c.e.c.c.LogLevelCountController          : 找到日志统计文件: C:\Users\HS\Desktop\carpool\carpool-b\log_level_count.txt
2026-01-09T00:34:56.880+08:00  INFO 29480 --- [carpool] [http-nio-8080-exec-3] c.e.c.c.LogLevelCountController          : 成功读取日志统计文件，内容长度: 1791
2026-01-09T00:37:03.094+08:00  INFO 18888 --- [carpool] [restartedMain] com.example.carpool.CarpoolApplication   : Starting CarpoolApplication using Java 21.0.9 with PID 18888 (C:\Users\HS\Desktop\carpool\carpool-b\build\classes\java\main started by alxy in C:\Users\HS\Desktop\carpool\carpool-b)
2026-01-09T00:37:03.095+08:00 DEBUG 18888 --- [carpool] [restartedMain] com.example.carpool.CarpoolApplication   : Running with Spring Boot v3.5.7, Spring v6.2.12
2026-01-09T00:37:03.096+08:00  INFO 18888 --- [carpool] [restartedMain] com.example.carpool.CarpoolApplication   : No active profile set, falling back to 1 default profile: "default"
2026-01-09T00:37:03.134+08:00  INFO 18888 --- [carpool] [restartedMain] .e.DevToolsPropertyDefaultsPostProcessor : Devtools property defaults active! Set 'spring.devtools.add-properties' to 'false' to disable
2026-01-09T00:37:03.134+08:00  INFO 18888 --- [carpool] [restartedMain] .e.DevToolsPropertyDefaultsPostProcessor : For additional web related logging consider setting the 'logging.level.web' property to 'DEBUG'
2026-01-09T00:37:03.677+08:00  INFO 18888 --- [carpool] [restartedMain] .s.d.r.c.RepositoryConfigurationDelegate : Bootstrapping Spring Data JPA repositories in DEFAULT mode.
2026-01-09T00:37:03.734+08:00  INFO 18888 --- [carpool] [restartedMain] .s.d.r.c.RepositoryConfigurationDelegate : Finished Spring Data repository scanning in 49 ms. Found 7 JPA repository interfaces.
2026-01-09T00:37:04.229+08:00  INFO 18888 --- [carpool] [restartedMain] o.s.b.w.embedded.tomcat.TomcatWebServer  : Tomcat initialized with port 8080 (http)
2026-01-09T00:37:04.248+08:00  INFO 18888 --- [carpool] [restartedMain] o.apache.catalina.core.StandardService   : Starting service [Tomcat]
2026-01-09T00:37:04.248+08:00  INFO 18888 --- [carpool] [restartedMain] o.apache.catalina.core.StandardEngine    : Starting Servlet engine: [Apache Tomcat/10.1.48]
2026-01-09T00:37:04.286+08:00  INFO 18888 --- [carpool] [restartedMain] o.a.c.c.C.[Tomcat].[localhost].[/api]    : Initializing Spring embedded WebApplicationContext
2026-01-09T00:37:04.286+08:00  INFO 18888 --- [carpool] [restartedMain] w.s.c.ServletWebServerApplicationContext : Root WebApplicationContext: initialization completed in 1152 ms
2026-01-09T00:37:04.404+08:00  INFO 18888 --- [carpool] [restartedMain] o.hibernate.jpa.internal.util.LogHelper  : HHH000204: Processing PersistenceUnitInfo [name: default]
2026-01-09T00:37:04.442+08:00  INFO 18888 --- [carpool] [restartedMain] org.hibernate.Version                    : HHH000412: Hibernate ORM core version 6.6.33.Final
2026-01-09T00:37:04.465+08:00  INFO 18888 --- [carpool] [restartedMain] o.h.c.internal.RegionFactoryInitiator    : HHH000026: Second-level cache disabled
2026-01-09T00:37:04.689+08:00  INFO 18888 --- [carpool] [restartedMain] o.s.o.j.p.SpringPersistenceUnitInfo      : No LoadTimeWeaver setup: ignoring JPA class transformer
2026-01-09T00:37:04.711+08:00  INFO 18888 --- [carpool] [restartedMain] com.zaxxer.hikari.HikariDataSource       : HikariPool-1 - Starting...
2026-01-09T00:37:04.836+08:00  INFO 18888 --- [carpool] [restartedMain] com.zaxxer.hikari.pool.HikariPool        : HikariPool-1 - Added connection com.mysql.cj.jdbc.ConnectionImpl@43229b41
2026-01-09T00:37:04.837+08:00  INFO 18888 --- [carpool] [restartedMain] com.zaxxer.hikari.HikariDataSource       : HikariPool-1 - Start completed.
2026-01-09T00:37:04.875+08:00  WARN 18888 --- [carpool] [restartedMain] org.hibernate.orm.deprecation            : HHH90000025: MySQL8Dialect does not need to be specified explicitly using 'hibernate.dialect' (remove the property setting and it will be selected by default)
2026-01-09T00:37:04.876+08:00  WARN 18888 --- [carpool] [restartedMain] org.hibernate.orm.deprecation            : HHH90000026: MySQL8Dialect has been deprecated; use org.hibernate.dialect.MySQLDialect instead
2026-01-09T00:37:04.889+08:00  INFO 18888 --- [carpool] [restartedMain] org.hibernate.orm.connections.pooling    : HHH10001005: Database info:
	Database JDBC URL [Connecting through datasource 'HikariDataSource (HikariPool-1)']
	Database driver: undefined/unknown
	Database version: 8.0
	Autocommit mode: undefined/unknown
	Isolation level: undefined/unknown
	Minimum pool size: undefined/unknown
	Maximum pool size: undefined/unknown
2026-01-09T00:37:05.895+08:00  INFO 18888 --- [carpool] [restartedMain] o.h.e.t.j.p.i.JtaPlatformInitiator       : HHH000489: No JTA platform available (set 'hibernate.transaction.jta.platform' to enable JTA platform integration)
2026-01-09T00:37:05.900+08:00  INFO 18888 --- [carpool] [restartedMain] j.LocalContainerEntityManagerFactoryBean : Initialized JPA EntityManagerFactory for persistence unit 'default'
2026-01-09T00:37:06.455+08:00  INFO 18888 --- [carpool] [restartedMain] o.s.d.j.r.query.QueryEnhancerFactory     : Hibernate is in classpath; If applicable, HQL parser will be used.
2026-01-09T00:37:10.873+08:00  WARN 18888 --- [carpool] [restartedMain] JpaBaseConfiguration$JpaWebConfiguration : spring.jpa.open-in-view is enabled by default. Therefore, database queries may be performed during view rendering. Explicitly configure spring.jpa.open-in-view to disable this warning
2026-01-09T00:37:11.327+08:00  INFO 18888 --- [carpool] [restartedMain] o.s.b.d.a.OptionalLiveReloadServer       : LiveReload server is running on port 35729
2026-01-09T00:37:11.364+08:00  INFO 18888 --- [carpool] [restartedMain] o.s.b.w.embedded.tomcat.TomcatWebServer  : Tomcat started on port 8080 (http) with context path '/api'
2026-01-09T00:37:11.374+08:00  INFO 18888 --- [carpool] [restartedMain] com.example.carpool.CarpoolApplication   : Started CarpoolApplication in 8.642 seconds (process running for 9.006)
2026-01-09T00:37:21.091+08:00  INFO 18888 --- [carpool] [http-nio-8080-exec-6] o.a.c.c.C.[Tomcat].[localhost].[/api]    : Initializing Spring DispatcherServlet 'dispatcherServlet'
2026-01-09T00:37:21.092+08:00  INFO 18888 --- [carpool] [http-nio-8080-exec-6] o.s.web.servlet.DispatcherServlet        : Initializing Servlet 'dispatcherServlet'
2026-01-09T00:37:21.093+08:00  INFO 18888 --- [carpool] [http-nio-8080-exec-6] o.s.web.servlet.DispatcherServlet        : Completed initialization in 1 ms
2026-01-09T00:37:21.191+08:00  INFO 18888 --- [carpool] [http-nio-8080-exec-6] c.e.c.c.LogLevelCountController          : 尝试读取日志统计文件...
2026-01-09T00:37:21.192+08:00  INFO 18888 --- [carpool] [http-nio-8080-exec-6] c.e.c.c.LogLevelCountController          : 找到日志统计文件: C:\Users\HS\Desktop\carpool\carpool-b\log_level_count.txt
2026-01-09T00:37:21.207+08:00  INFO 18888 --- [carpool] [http-nio-8080-exec-6] c.e.c.c.LogLevelCountController          : 成功读取日志统计文件，内容长度: 1788
2026-01-09T00:37:21.312+08:00  INFO 18888 --- [carpool] [http-nio-8080-exec-4] c.e.c.c.LogLevelCountController          : 尝试读取日志统计文件...
2026-01-09T00:37:21.312+08:00  INFO 18888 --- [carpool] [http-nio-8080-exec-4] c.e.c.c.LogLevelCountController          : 找到日志统计文件: C:\Users\HS\Desktop\carpool\carpool-b\log_level_count.txt
2026-01-09T00:37:21.313+08:00  INFO 18888 --- [carpool] [http-nio-8080-exec-4] c.e.c.c.LogLevelCountController          : 成功读取日志统计文件，内容长度: 1788
2026-01-09T00:37:22.081+08:00  INFO 18888 --- [carpool] [http-nio-8080-exec-9] c.e.c.c.LogLevelCountController          : 尝试读取日志统计文件...
2026-01-09T00:37:22.082+08:00  INFO 18888 --- [carpool] [http-nio-8080-exec-9] c.e.c.c.LogLevelCountController          : 找到日志统计文件: C:\Users\HS\Desktop\carpool\carpool-b\log_level_count.txt
2026-01-09T00:37:22.083+08:00  INFO 18888 --- [carpool] [http-nio-8080-exec-9] c.e.c.c.LogLevelCountController          : 成功读取日志统计文件，内容长度: 1788
2026-01-09T00:37:22.388+08:00  INFO 18888 --- [carpool] [http-nio-8080-exec-3] c.e.c.c.LogLevelCountController          : 尝试读取日志统计文件...
2026-01-09T00:37:22.389+08:00  INFO 18888 --- [carpool] [http-nio-8080-exec-3] c.e.c.c.LogLevelCountController          : 找到日志统计文件: C:\Users\HS\Desktop\carpool\carpool-b\log_level_count.txt
2026-01-09T00:37:22.403+08:00  INFO 18888 --- [carpool] [http-nio-8080-exec-3] c.e.c.c.LogLevelCountController          : 成功读取日志统计文件，内容长度: 1793
2026-01-09T00:37:23.091+08:00  INFO 18888 --- [carpool] [http-nio-8080-exec-2] c.e.c.c.LogLevelCountController          : 尝试读取日志统计文件...
2026-01-09T00:37:23.091+08:00  INFO 18888 --- [carpool] [http-nio-8080-exec-2] c.e.c.c.LogLevelCountController          : 找到日志统计文件: C:\Users\HS\Desktop\carpool\carpool-b\log_level_count.txt
2026-01-09T00:37:23.092+08:00  INFO 18888 --- [carpool] [http-nio-8080-exec-2] c.e.c.c.LogLevelCountController          : 成功读取日志统计文件，内容长度: 1793
2026-01-09T00:37:23.389+08:00  INFO 18888 --- [carpool] [http-nio-8080-exec-7] c.e.c.c.LogLevelCountController          : 尝试读取日志统计文件...
2026-01-09T00:37:23.389+08:00  INFO 18888 --- [carpool] [http-nio-8080-exec-7] c.e.c.c.LogLevelCountController          : 找到日志统计文件: C:\Users\HS\Desktop\carpool\carpool-b\log_level_count.txt
2026-01-09T00:37:23.402+08:00  INFO 18888 --- [carpool] [http-nio-8080-exec-7] c.e.c.c.LogLevelCountController          : 成功读取日志统计文件，内容长度: 1792
2026-01-09T00:37:24.073+08:00  INFO 18888 --- [carpool] [http-nio-8080-exec-10] c.e.c.c.LogLevelCountController          : 尝试读取日志统计文件...
2026-01-09T00:37:24.074+08:00  INFO 18888 --- [carpool] [http-nio-8080-exec-10] c.e.c.c.LogLevelCountController          : 找到日志统计文件: C:\Users\HS\Desktop\carpool\carpool-b\log_level_count.txt
2026-01-09T00:37:24.075+08:00  INFO 18888 --- [carpool] [http-nio-8080-exec-10] c.e.c.c.LogLevelCountController          : 成功读取日志统计文件，内容长度: 1792
2026-01-09T00:37:24.384+08:00  INFO 18888 --- [carpool] [http-nio-8080-exec-5] c.e.c.c.LogLevelCountController          : 尝试读取日志统计文件...
2026-01-09T00:37:24.384+08:00  INFO 18888 --- [carpool] [http-nio-8080-exec-5] c.e.c.c.LogLevelCountController          : 找到日志统计文件: C:\Users\HS\Desktop\carpool\carpool-b\log_level_count.txt
2026-01-09T00:37:24.385+08:00  INFO 18888 --- [carpool] [http-nio-8080-exec-5] c.e.c.c.LogLevelCountController          : 成功读取日志统计文件，内容长度: 1792
2026-01-09T00:37:25.076+08:00  INFO 18888 --- [carpool] [http-nio-8080-exec-8] c.e.c.c.LogLevelCountController          : 尝试读取日志统计文件...
2026-01-09T00:37:25.077+08:00  INFO 18888 --- [carpool] [http-nio-8080-exec-8] c.e.c.c.LogLevelCountController          : 找到日志统计文件: C:\Users\HS\Desktop\carpool\carpool-b\log_level_count.txt
2026-01-09T00:37:25.091+08:00  INFO 18888 --- [carpool] [http-nio-8080-exec-8] c.e.c.c.LogLevelCountController          : 成功读取日志统计文件，内容长度: 1792
2026-01-09T00:37:25.095+08:00  INFO 18888 --- [carpool] [http-nio-8080-exec-1] c.e.c.c.LogLevelCountController          : 尝试读取日志统计文件...
2026-01-09T00:37:25.095+08:00  INFO 18888 --- [carpool] [http-nio-8080-exec-1] c.e.c.c.LogLevelCountController          : 找到日志统计文件: C:\Users\HS\Desktop\carpool\carpool-b\log_level_count.txt
2026-01-09T00:37:25.096+08:00  INFO 18888 --- [carpool] [http-nio-8080-exec-1] c.e.c.c.LogLevelCountController          : 成功读取日志统计文件，内容长度: 1792
2026-01-09T00:37:25.383+08:00  INFO 18888 --- [carpool] [http-nio-8080-exec-6] c.e.c.c.LogLevelCountController          : 尝试读取日志统计文件...
2026-01-09T00:37:25.384+08:00  INFO 18888 --- [carpool] [http-nio-8080-exec-6] c.e.c.c.LogLevelCountController          : 找到日志统计文件: C:\Users\HS\Desktop\carpool\carpool-b\log_level_count.txt
2026-01-09T00:37:25.384+08:00  INFO 18888 --- [carpool] [http-nio-8080-exec-6] c.e.c.c.LogLevelCountController          : 成功读取日志统计文件，内容长度: 1792
2026-01-09T00:37:26.079+08:00  INFO 18888 --- [carpool] [http-nio-8080-exec-4] c.e.c.c.LogLevelCountController          : 尝试读取日志统计文件...
2026-01-09T00:37:26.079+08:00  INFO 18888 --- [carpool] [http-nio-8080-exec-4] c.e.c.c.LogLevelCountController          : 找到日志统计文件: C:\Users\HS\Desktop\carpool\carpool-b\log_level_count.txt
2026-01-09T00:37:26.090+08:00  INFO 18888 --- [carpool] [http-nio-8080-exec-4] c.e.c.c.LogLevelCountController          : 成功读取日志统计文件，内容长度: 1792
2026-01-09T00:37:26.093+08:00  INFO 18888 --- [carpool] [http-nio-8080-exec-9] c.e.c.c.LogLevelCountController          : 尝试读取日志统计文件...
2026-01-09T00:37:26.093+08:00  INFO 18888 --- [carpool] [http-nio-8080-exec-9] c.e.c.c.LogLevelCountController          : 找到日志统计文件: C:\Users\HS\Desktop\carpool\carpool-b\log_level_count.txt
2026-01-09T00:37:26.093+08:00  INFO 18888 --- [carpool] [http-nio-8080-exec-9] c.e.c.c.LogLevelCountController          : 成功读取日志统计文件，内容长度: 1792
2026-01-09T00:37:26.387+08:00  INFO 18888 --- [carpool] [http-nio-8080-exec-3] c.e.c.c.LogLevelCountController          : 尝试读取日志统计文件...
2026-01-09T00:37:26.388+08:00  INFO 18888 --- [carpool] [http-nio-8080-exec-3] c.e.c.c.LogLevelCountController          : 找到日志统计文件: C:\Users\HS\Desktop\carpool\carpool-b\log_level_count.txt
2026-01-09T00:37:26.388+08:00  INFO 18888 --- [carpool] [http-nio-8080-exec-3] c.e.c.c.LogLevelCountController          : 成功读取日志统计文件，内容长度: 1792
2026-01-09T00:37:27.072+08:00  INFO 18888 --- [carpool] [http-nio-8080-exec-2] c.e.c.c.LogLevelCountController          : 尝试读取日志统计文件...
2026-01-09T00:37:27.073+08:00  INFO 18888 --- [carpool] [http-nio-8080-exec-2] c.e.c.c.LogLevelCountController          : 找到日志统计文件: C:\Users\HS\Desktop\carpool\carpool-b\log_level_count.txt
2026-01-09T00:37:27.083+08:00  INFO 18888 --- [carpool] [http-nio-8080-exec-2] c.e.c.c.LogLevelCountController          : 成功读取日志统计文件，内容长度: 1792
2026-01-09T00:37:27.086+08:00  INFO 18888 --- [carpool] [http-nio-8080-exec-7] c.e.c.c.LogLevelCountController          : 尝试读取日志统计文件...
2026-01-09T00:37:27.086+08:00  INFO 18888 --- [carpool] [http-nio-8080-exec-7] c.e.c.c.LogLevelCountController          : 找到日志统计文件: C:\Users\HS\Desktop\carpool\carpool-b\log_level_count.txt
2026-01-09T00:37:27.087+08:00  INFO 18888 --- [carpool] [http-nio-8080-exec-7] c.e.c.c.LogLevelCountController          : 成功读取日志统计文件，内容长度: 1792
2026-01-09T00:37:27.397+08:00  INFO 18888 --- [carpool] [http-nio-8080-exec-10] c.e.c.c.LogLevelCountController          : 尝试读取日志统计文件...
2026-01-09T00:37:27.397+08:00  INFO 18888 --- [carpool] [http-nio-8080-exec-10] c.e.c.c.LogLevelCountController          : 找到日志统计文件: C:\Users\HS\Desktop\carpool\carpool-b\log_level_count.txt
2026-01-09T00:37:27.398+08:00  INFO 18888 --- [carpool] [http-nio-8080-exec-10] c.e.c.c.LogLevelCountController          : 成功读取日志统计文件，内容长度: 1792
2026-01-09T00:37:28.076+08:00  INFO 18888 --- [carpool] [http-nio-8080-exec-5] c.e.c.c.LogLevelCountController          : 尝试读取日志统计文件...
2026-01-09T00:37:28.077+08:00  INFO 18888 --- [carpool] [http-nio-8080-exec-5] c.e.c.c.LogLevelCountController          : 找到日志统计文件: C:\Users\HS\Desktop\carpool\carpool-b\log_level_count.txt
2026-01-09T00:37:28.077+08:00  INFO 18888 --- [carpool] [http-nio-8080-exec-5] c.e.c.c.LogLevelCountController          : 成功读取日志统计文件，内容长度: 1792
2026-01-09T00:37:28.081+08:00  INFO 18888 --- [carpool] [http-nio-8080-exec-8] c.e.c.c.LogLevelCountController          : 尝试读取日志统计文件...
2026-01-09T00:37:28.081+08:00  INFO 18888 --- [carpool] [http-nio-8080-exec-8] c.e.c.c.LogLevelCountController          : 找到日志统计文件: C:\Users\HS\Desktop\carpool\carpool-b\log_level_count.txt
2026-01-09T00:37:28.082+08:00  INFO 18888 --- [carpool] [http-nio-8080-exec-8] c.e.c.c.LogLevelCountController          : 成功读取日志统计文件，内容长度: 1792
2026-01-09T00:37:28.388+08:00  INFO 18888 --- [carpool] [http-nio-8080-exec-1] c.e.c.c.LogLevelCountController          : 尝试读取日志统计文件...
2026-01-09T00:37:28.388+08:00  INFO 18888 --- [carpool] [http-nio-8080-exec-1] c.e.c.c.LogLevelCountController          : 找到日志统计文件: C:\Users\HS\Desktop\carpool\carpool-b\log_level_count.txt
2026-01-09T00:37:28.399+08:00  INFO 18888 --- [carpool] [http-nio-8080-exec-1] c.e.c.c.LogLevelCountController          : 成功读取日志统计文件，内容长度: 1793
2026-01-09T00:37:29.072+08:00  INFO 18888 --- [carpool] [http-nio-8080-exec-6] c.e.c.c.LogLevelCountController          : 尝试读取日志统计文件...
2026-01-09T00:37:29.073+08:00  INFO 18888 --- [carpool] [http-nio-8080-exec-6] c.e.c.c.LogLevelCountController          : 找到日志统计文件: C:\Users\HS\Desktop\carpool\carpool-b\log_level_count.txt
2026-01-09T00:37:29.073+08:00  INFO 18888 --- [carpool] [http-nio-8080-exec-6] c.e.c.c.LogLevelCountController          : 成功读取日志统计文件，内容长度: 1793
2026-01-09T00:37:29.076+08:00  INFO 18888 --- [carpool] [http-nio-8080-exec-4] c.e.c.c.LogLevelCountController          : 尝试读取日志统计文件...
2026-01-09T00:37:29.076+08:00  INFO 18888 --- [carpool] [http-nio-8080-exec-4] c.e.c.c.LogLevelCountController          : 找到日志统计文件: C:\Users\HS\Desktop\carpool\carpool-b\log_level_count.txt
2026-01-09T00:37:29.077+08:00  INFO 18888 --- [carpool] [http-nio-8080-exec-4] c.e.c.c.LogLevelCountController          : 成功读取日志统计文件，内容长度: 1793
2026-01-09T00:37:29.385+08:00  INFO 18888 --- [carpool] [http-nio-8080-exec-9] c.e.c.c.LogLevelCountController          : 尝试读取日志统计文件...
2026-01-09T00:37:29.385+08:00  INFO 18888 --- [carpool] [http-nio-8080-exec-9] c.e.c.c.LogLevelCountController          : 找到日志统计文件: C:\Users\HS\Desktop\carpool\carpool-b\log_level_count.txt
2026-01-09T00:37:29.386+08:00  INFO 18888 --- [carpool] [http-nio-8080-exec-9] c.e.c.c.LogLevelCountController          : 成功读取日志统计文件，内容长度: 1793
2026-01-09T00:37:30.084+08:00  INFO 18888 --- [carpool] [http-nio-8080-exec-3] c.e.c.c.LogLevelCountController          : 尝试读取日志统计文件...
2026-01-09T00:37:30.084+08:00  INFO 18888 --- [carpool] [http-nio-8080-exec-3] c.e.c.c.LogLevelCountController          : 找到日志统计文件: C:\Users\HS\Desktop\carpool\carpool-b\log_level_count.txt
2026-01-09T00:37:30.094+08:00  INFO 18888 --- [carpool] [http-nio-8080-exec-3] c.e.c.c.LogLevelCountController          : 成功读取日志统计文件，内容长度: 1793
2026-01-09T00:37:30.097+08:00  INFO 18888 --- [carpool] [http-nio-8080-exec-2] c.e.c.c.LogLevelCountController          : 尝试读取日志统计文件...
2026-01-09T00:37:30.097+08:00  INFO 18888 --- [carpool] [http-nio-8080-exec-2] c.e.c.c.LogLevelCountController          : 找到日志统计文件: C:\Users\HS\Desktop\carpool\carpool-b\log_level_count.txt
2026-01-09T00:37:30.098+08:00  INFO 18888 --- [carpool] [http-nio-8080-exec-2] c.e.c.c.LogLevelCountController          : 成功读取日志统计文件，内容长度: 1793
2026-01-09T00:37:30.394+08:00  INFO 18888 --- [carpool] [http-nio-8080-exec-7] c.e.c.c.LogLevelCountController          : 尝试读取日志统计文件...
2026-01-09T00:37:30.395+08:00  INFO 18888 --- [carpool] [http-nio-8080-exec-7] c.e.c.c.LogLevelCountController          : 找到日志统计文件: C:\Users\HS\Desktop\carpool\carpool-b\log_level_count.txt
2026-01-09T00:37:30.395+08:00  INFO 18888 --- [carpool] [http-nio-8080-exec-7] c.e.c.c.LogLevelCountController          : 成功读取日志统计文件，内容长度: 1793
2026-01-09T00:37:31.079+08:00  INFO 18888 --- [carpool] [http-nio-8080-exec-10] c.e.c.c.LogLevelCountController          : 尝试读取日志统计文件...
2026-01-09T00:37:31.080+08:00  INFO 18888 --- [carpool] [http-nio-8080-exec-10] c.e.c.c.LogLevelCountController          : 找到日志统计文件: C:\Users\HS\Desktop\carpool\carpool-b\log_level_count.txt
2026-01-09T00:37:31.093+08:00  INFO 18888 --- [carpool] [http-nio-8080-exec-10] c.e.c.c.LogLevelCountController          : 成功读取日志统计文件，内容长度: 1792
2026-01-09T00:37:31.096+08:00  INFO 18888 --- [carpool] [http-nio-8080-exec-5] c.e.c.c.LogLevelCountController          : 尝试读取日志统计文件...
2026-01-09T00:37:31.097+08:00  INFO 18888 --- [carpool] [http-nio-8080-exec-5] c.e.c.c.LogLevelCountController          : 找到日志统计文件: C:\Users\HS\Desktop\carpool\carpool-b\log_level_count.txt
2026-01-09T00:37:31.097+08:00  INFO 18888 --- [carpool] [http-nio-8080-exec-5] c.e.c.c.LogLevelCountController          : 成功读取日志统计文件，内容长度: 1792
2026-01-09T00:37:31.387+08:00  INFO 18888 --- [carpool] [http-nio-8080-exec-8] c.e.c.c.LogLevelCountController          : 尝试读取日志统计文件...
2026-01-09T00:37:31.388+08:00  INFO 18888 --- [carpool] [http-nio-8080-exec-8] c.e.c.c.LogLevelCountController          : 找到日志统计文件: C:\Users\HS\Desktop\carpool\carpool-b\log_level_count.txt
2026-01-09T00:37:31.389+08:00  INFO 18888 --- [carpool] [http-nio-8080-exec-8] c.e.c.c.LogLevelCountController          : 成功读取日志统计文件，内容长度: 1792
2026-01-09T00:37:32.084+08:00  INFO 18888 --- [carpool] [http-nio-8080-exec-1] c.e.c.c.LogLevelCountController          : 尝试读取日志统计文件...
2026-01-09T00:37:32.084+08:00  INFO 18888 --- [carpool] [http-nio-8080-exec-1] c.e.c.c.LogLevelCountController          : 找到日志统计文件: C:\Users\HS\Desktop\carpool\carpool-b\log_level_count.txt
2026-01-09T00:37:32.095+08:00  INFO 18888 --- [carpool] [http-nio-8080-exec-1] c.e.c.c.LogLevelCountController          : 成功读取日志统计文件，内容长度: 1792
2026-01-09T00:37:32.099+08:00  INFO 18888 --- [carpool] [http-nio-8080-exec-6] c.e.c.c.LogLevelCountController          : 尝试读取日志统计文件...
2026-01-09T00:37:32.100+08:00  INFO 18888 --- [carpool] [http-nio-8080-exec-6] c.e.c.c.LogLevelCountController          : 找到日志统计文件: C:\Users\HS\Desktop\carpool\carpool-b\log_level_count.txt
2026-01-09T00:37:32.100+08:00  INFO 18888 --- [carpool] [http-nio-8080-exec-6] c.e.c.c.LogLevelCountController          : 成功读取日志统计文件，内容长度: 1792
2026-01-09T00:37:32.391+08:00  INFO 18888 --- [carpool] [http-nio-8080-exec-4] c.e.c.c.LogLevelCountController          : 尝试读取日志统计文件...
2026-01-09T00:37:32.392+08:00  INFO 18888 --- [carpool] [http-nio-8080-exec-4] c.e.c.c.LogLevelCountController          : 找到日志统计文件: C:\Users\HS\Desktop\carpool\carpool-b\log_level_count.txt
2026-01-09T00:37:32.393+08:00  INFO 18888 --- [carpool] [http-nio-8080-exec-4] c.e.c.c.LogLevelCountController          : 成功读取日志统计文件，内容长度: 1792
2026-01-09T00:37:33.085+08:00  INFO 18888 --- [carpool] [http-nio-8080-exec-9] c.e.c.c.LogLevelCountController          : 尝试读取日志统计文件...
2026-01-09T00:37:33.085+08:00  INFO 18888 --- [carpool] [http-nio-8080-exec-9] c.e.c.c.LogLevelCountController          : 找到日志统计文件: C:\Users\HS\Desktop\carpool\carpool-b\log_level_count.txt
2026-01-09T00:37:33.085+08:00  INFO 18888 --- [carpool] [http-nio-8080-exec-9] c.e.c.c.LogLevelCountController          : 成功读取日志统计文件，内容长度: 1792
2026-01-09T00:37:33.087+08:00  INFO 18888 --- [carpool] [http-nio-8080-exec-9] c.e.c.c.LogLevelCountController          : 尝试读取日志统计文件...
2026-01-09T00:37:33.088+08:00  INFO 18888 --- [carpool] [http-nio-8080-exec-9] c.e.c.c.LogLevelCountController          : 找到日志统计文件: C:\Users\HS\Desktop\carpool\carpool-b\log_level_count.txt
2026-01-09T00:37:33.088+08:00  INFO 18888 --- [carpool] [http-nio-8080-exec-9] c.e.c.c.LogLevelCountController          : 成功读取日志统计文件，内容长度: 1792
2026-01-09T00:37:33.386+08:00  INFO 18888 --- [carpool] [http-nio-8080-exec-2] c.e.c.c.LogLevelCountController          : 尝试读取日志统计文件...
2026-01-09T00:37:33.386+08:00  INFO 18888 --- [carpool] [http-nio-8080-exec-2] c.e.c.c.LogLevelCountController          : 找到日志统计文件: C:\Users\HS\Desktop\carpool\carpool-b\log_level_count.txt
2026-01-09T00:37:33.400+08:00  INFO 18888 --- [carpool] [http-nio-8080-exec-2] c.e.c.c.LogLevelCountController          : 成功读取日志统计文件，内容长度: 1793
2026-01-09T00:37:34.074+08:00  INFO 18888 --- [carpool] [http-nio-8080-exec-7] c.e.c.c.LogLevelCountController          : 尝试读取日志统计文件...
2026-01-09T00:37:34.074+08:00  INFO 18888 --- [carpool] [http-nio-8080-exec-7] c.e.c.c.LogLevelCountController          : 找到日志统计文件: C:\Users\HS\Desktop\carpool\carpool-b\log_level_count.txt
2026-01-09T00:37:34.075+08:00  INFO 18888 --- [carpool] [http-nio-8080-exec-7] c.e.c.c.LogLevelCountController          : 成功读取日志统计文件，内容长度: 1793
2026-01-09T00:37:34.077+08:00  INFO 18888 --- [carpool] [http-nio-8080-exec-7] c.e.c.c.LogLevelCountController          : 尝试读取日志统计文件...
2026-01-09T00:37:34.078+08:00  INFO 18888 --- [carpool] [http-nio-8080-exec-7] c.e.c.c.LogLevelCountController          : 找到日志统计文件: C:\Users\HS\Desktop\carpool\carpool-b\log_level_count.txt
2026-01-09T00:37:34.078+08:00  INFO 18888 --- [carpool] [http-nio-8080-exec-7] c.e.c.c.LogLevelCountController          : 成功读取日志统计文件，内容长度: 1793
2026-01-09T00:37:34.237+08:00  INFO 18888 --- [carpool] [http-nio-8080-exec-5] c.e.c.c.LogLevelCountController          : 尝试读取日志统计文件...
2026-01-09T00:37:34.238+08:00  INFO 18888 --- [carpool] [http-nio-8080-exec-5] c.e.c.c.LogLevelCountController          : 找到日志统计文件: C:\Users\HS\Desktop\carpool\carpool-b\log_level_count.txt
2026-01-09T00:37:34.238+08:00  INFO 18888 --- [carpool] [http-nio-8080-exec-5] c.e.c.c.LogLevelCountController          : 成功读取日志统计文件，内容长度: 1793
2026-01-09T00:37:35.080+08:00  INFO 18888 --- [carpool] [http-nio-8080-exec-8] c.e.c.c.LogLevelCountController          : 尝试读取日志统计文件...
2026-01-09T00:37:35.080+08:00  INFO 18888 --- [carpool] [http-nio-8080-exec-8] c.e.c.c.LogLevelCountController          : 找到日志统计文件: C:\Users\HS\Desktop\carpool\carpool-b\log_level_count.txt
2026-01-09T00:37:35.090+08:00  INFO 18888 --- [carpool] [http-nio-8080-exec-8] c.e.c.c.LogLevelCountController          : 成功读取日志统计文件，内容长度: 1793
2026-01-09T00:37:35.094+08:00  INFO 18888 --- [carpool] [http-nio-8080-exec-1] c.e.c.c.LogLevelCountController          : 尝试读取日志统计文件...
2026-01-09T00:37:35.094+08:00  INFO 18888 --- [carpool] [http-nio-8080-exec-1] c.e.c.c.LogLevelCountController          : 找到日志统计文件: C:\Users\HS\Desktop\carpool\carpool-b\log_level_count.txt
2026-01-09T00:37:35.094+08:00  INFO 18888 --- [carpool] [http-nio-8080-exec-1] c.e.c.c.LogLevelCountController          : 成功读取日志统计文件，内容长度: 1793
2026-01-09T00:37:35.267+08:00  INFO 18888 --- [carpool] [http-nio-8080-exec-6] c.e.c.c.LogLevelCountController          : 尝试读取日志统计文件...
2026-01-09T00:37:35.267+08:00  INFO 18888 --- [carpool] [http-nio-8080-exec-6] c.e.c.c.LogLevelCountController          : 找到日志统计文件: C:\Users\HS\Desktop\carpool\carpool-b\log_level_count.txt
2026-01-09T00:37:35.268+08:00  INFO 18888 --- [carpool] [http-nio-8080-exec-6] c.e.c.c.LogLevelCountController          : 成功读取日志统计文件，内容长度: 1793
2026-01-09T00:37:36.074+08:00  INFO 18888 --- [carpool] [http-nio-8080-exec-4] c.e.c.c.LogLevelCountController          : 尝试读取日志统计文件...
2026-01-09T00:37:36.074+08:00  INFO 18888 --- [carpool] [http-nio-8080-exec-4] c.e.c.c.LogLevelCountController          : 找到日志统计文件: C:\Users\HS\Desktop\carpool\carpool-b\log_level_count.txt
2026-01-09T00:37:36.086+08:00  INFO 18888 --- [carpool] [http-nio-8080-exec-4] c.e.c.c.LogLevelCountController          : 成功读取日志统计文件，内容长度: 1792
2026-01-09T00:37:36.090+08:00  INFO 18888 --- [carpool] [http-nio-8080-exec-3] c.e.c.c.LogLevelCountController          : 尝试读取日志统计文件...
2026-01-09T00:37:36.090+08:00  INFO 18888 --- [carpool] [http-nio-8080-exec-3] c.e.c.c.LogLevelCountController          : 找到日志统计文件: C:\Users\HS\Desktop\carpool\carpool-b\log_level_count.txt
2026-01-09T00:37:36.091+08:00  INFO 18888 --- [carpool] [http-nio-8080-exec-3] c.e.c.c.LogLevelCountController          : 成功读取日志统计文件，内容长度: 1792
2026-01-09T00:37:36.269+08:00  INFO 18888 --- [carpool] [http-nio-8080-exec-9] c.e.c.c.LogLevelCountController          : 尝试读取日志统计文件...
2026-01-09T00:37:36.269+08:00  INFO 18888 --- [carpool] [http-nio-8080-exec-9] c.e.c.c.LogLevelCountController          : 找到日志统计文件: C:\Users\HS\Desktop\carpool\carpool-b\log_level_count.txt
2026-01-09T00:37:36.269+08:00  INFO 18888 --- [carpool] [http-nio-8080-exec-9] c.e.c.c.LogLevelCountController          : 成功读取日志统计文件，内容长度: 1792
2026-01-09T00:37:37.080+08:00  INFO 18888 --- [carpool] [http-nio-8080-exec-2] c.e.c.c.LogLevelCountController          : 尝试读取日志统计文件...
2026-01-09T00:37:37.081+08:00  INFO 18888 --- [carpool] [http-nio-8080-exec-2] c.e.c.c.LogLevelCountController          : 找到日志统计文件: C:\Users\HS\Desktop\carpool\carpool-b\log_level_count.txt
2026-01-09T00:37:37.092+08:00  INFO 18888 --- [carpool] [http-nio-8080-exec-2] c.e.c.c.LogLevelCountController          : 成功读取日志统计文件，内容长度: 1792
2026-01-09T00:37:37.095+08:00  INFO 18888 --- [carpool] [http-nio-8080-exec-10] c.e.c.c.LogLevelCountController          : 尝试读取日志统计文件...
2026-01-09T00:37:37.095+08:00  INFO 18888 --- [carpool] [http-nio-8080-exec-10] c.e.c.c.LogLevelCountController          : 找到日志统计文件: C:\Users\HS\Desktop\carpool\carpool-b\log_level_count.txt
2026-01-09T00:37:37.096+08:00  INFO 18888 --- [carpool] [http-nio-8080-exec-10] c.e.c.c.LogLevelCountController          : 成功读取日志统计文件，内容长度: 1792
2026-01-09T00:37:37.267+08:00  INFO 18888 --- [carpool] [http-nio-8080-exec-7] c.e.c.c.LogLevelCountController          : 尝试读取日志统计文件...
2026-01-09T00:37:37.268+08:00  INFO 18888 --- [carpool] [http-nio-8080-exec-7] c.e.c.c.LogLevelCountController          : 找到日志统计文件: C:\Users\HS\Desktop\carpool\carpool-b\log_level_count.txt
2026-01-09T00:37:37.268+08:00  INFO 18888 --- [carpool] [http-nio-8080-exec-7] c.e.c.c.LogLevelCountController          : 成功读取日志统计文件，内容长度: 1792
2026-01-09T00:37:38.070+08:00  INFO 18888 --- [carpool] [http-nio-8080-exec-5] c.e.c.c.LogLevelCountController          : 尝试读取日志统计文件...
2026-01-09T00:37:38.070+08:00  INFO 18888 --- [carpool] [http-nio-8080-exec-5] c.e.c.c.LogLevelCountController          : 找到日志统计文件: C:\Users\HS\Desktop\carpool\carpool-b\log_level_count.txt
2026-01-09T00:37:38.070+08:00  INFO 18888 --- [carpool] [http-nio-8080-exec-5] c.e.c.c.LogLevelCountController          : 成功读取日志统计文件，内容长度: 1792
2026-01-09T00:37:38.073+08:00  INFO 18888 --- [carpool] [http-nio-8080-exec-8] c.e.c.c.LogLevelCountController          : 尝试读取日志统计文件...
2026-01-09T00:37:38.073+08:00  INFO 18888 --- [carpool] [http-nio-8080-exec-8] c.e.c.c.LogLevelCountController          : 找到日志统计文件: C:\Users\HS\Desktop\carpool\carpool-b\log_level_count.txt
2026-01-09T00:37:38.074+08:00  INFO 18888 --- [carpool] [http-nio-8080-exec-8] c.e.c.c.LogLevelCountController          : 成功读取日志统计文件，内容长度: 1792
2026-01-09T00:37:38.275+08:00  INFO 18888 --- [carpool] [http-nio-8080-exec-1] c.e.c.c.LogLevelCountController          : 尝试读取日志统计文件...
2026-01-09T00:37:38.275+08:00  INFO 18888 --- [carpool] [http-nio-8080-exec-1] c.e.c.c.LogLevelCountController          : 找到日志统计文件: C:\Users\HS\Desktop\carpool\carpool-b\log_level_count.txt
2026-01-09T00:37:38.284+08:00  INFO 18888 --- [carpool] [http-nio-8080-exec-1] c.e.c.c.LogLevelCountController          : 成功读取日志统计文件，内容长度: 1793
2026-01-09T00:37:39.083+08:00  INFO 18888 --- [carpool] [http-nio-8080-exec-6] c.e.c.c.LogLevelCountController          : 尝试读取日志统计文件...
2026-01-09T00:37:39.083+08:00  INFO 18888 --- [carpool] [http-nio-8080-exec-6] c.e.c.c.LogLevelCountController          : 找到日志统计文件: C:\Users\HS\Desktop\carpool\carpool-b\log_level_count.txt
2026-01-09T00:37:39.083+08:00  INFO 18888 --- [carpool] [http-nio-8080-exec-6] c.e.c.c.LogLevelCountController          : 成功读取日志统计文件，内容长度: 1793
2026-01-09T00:37:39.086+08:00  INFO 18888 --- [carpool] [http-nio-8080-exec-6] c.e.c.c.LogLevelCountController          : 尝试读取日志统计文件...
2026-01-09T00:37:39.086+08:00  INFO 18888 --- [carpool] [http-nio-8080-exec-6] c.e.c.c.LogLevelCountController          : 找到日志统计文件: C:\Users\HS\Desktop\carpool\carpool-b\log_level_count.txt
2026-01-09T00:37:39.088+08:00  INFO 18888 --- [carpool] [http-nio-8080-exec-6] c.e.c.c.LogLevelCountController          : 成功读取日志统计文件，内容长度: 1793
2026-01-09T00:37:39.271+08:00  INFO 18888 --- [carpool] [http-nio-8080-exec-3] c.e.c.c.LogLevelCountController          : 尝试读取日志统计文件...
2026-01-09T00:37:39.272+08:00  INFO 18888 --- [carpool] [http-nio-8080-exec-3] c.e.c.c.LogLevelCountController          : 找到日志统计文件: C:\Users\HS\Desktop\carpool\carpool-b\log_level_count.txt
2026-01-09T00:37:39.272+08:00  INFO 18888 --- [carpool] [http-nio-8080-exec-3] c.e.c.c.LogLevelCountController          : 成功读取日志统计文件，内容长度: 1793
2026-01-09T00:37:40.078+08:00  INFO 18888 --- [carpool] [http-nio-8080-exec-9] c.e.c.c.LogLevelCountController          : 尝试读取日志统计文件...
2026-01-09T00:37:40.079+08:00  INFO 18888 --- [carpool] [http-nio-8080-exec-9] c.e.c.c.LogLevelCountController          : 找到日志统计文件: C:\Users\HS\Desktop\carpool\carpool-b\log_level_count.txt
2026-01-09T00:37:40.092+08:00  INFO 18888 --- [carpool] [http-nio-8080-exec-9] c.e.c.c.LogLevelCountController          : 成功读取日志统计文件，内容长度: 1793
2026-01-09T00:37:40.096+08:00  INFO 18888 --- [carpool] [http-nio-8080-exec-2] c.e.c.c.LogLevelCountController          : 尝试读取日志统计文件...
2026-01-09T00:37:40.096+08:00  INFO 18888 --- [carpool] [http-nio-8080-exec-2] c.e.c.c.LogLevelCountController          : 找到日志统计文件: C:\Users\HS\Desktop\carpool\carpool-b\log_level_count.txt
2026-01-09T00:37:40.096+08:00  INFO 18888 --- [carpool] [http-nio-8080-exec-2] c.e.c.c.LogLevelCountController          : 成功读取日志统计文件，内容长度: 1793
2026-01-09T00:37:40.281+08:00  INFO 18888 --- [carpool] [http-nio-8080-exec-10] c.e.c.c.LogLevelCountController          : 尝试读取日志统计文件...
2026-01-09T00:37:40.281+08:00  INFO 18888 --- [carpool] [http-nio-8080-exec-10] c.e.c.c.LogLevelCountController          : 找到日志统计文件: C:\Users\HS\Desktop\carpool\carpool-b\log_level_count.txt
2026-01-09T00:37:40.281+08:00  INFO 18888 --- [carpool] [http-nio-8080-exec-10] c.e.c.c.LogLevelCountController          : 成功读取日志统计文件，内容长度: 1793
2026-01-09T00:37:41.073+08:00  INFO 18888 --- [carpool] [http-nio-8080-exec-7] c.e.c.c.LogLevelCountController          : 尝试读取日志统计文件...
2026-01-09T00:37:41.073+08:00  INFO 18888 --- [carpool] [http-nio-8080-exec-7] c.e.c.c.LogLevelCountController          : 找到日志统计文件: C:\Users\HS\Desktop\carpool\carpool-b\log_level_count.txt
2026-01-09T00:37:41.084+08:00  INFO 18888 --- [carpool] [http-nio-8080-exec-7] c.e.c.c.LogLevelCountController          : 成功读取日志统计文件，内容长度: 1792
2026-01-09T00:37:41.086+08:00  INFO 18888 --- [carpool] [http-nio-8080-exec-5] c.e.c.c.LogLevelCountController          : 尝试读取日志统计文件...
2026-01-09T00:37:41.086+08:00  INFO 18888 --- [carpool] [http-nio-8080-exec-5] c.e.c.c.LogLevelCountController          : 找到日志统计文件: C:\Users\HS\Desktop\carpool\carpool-b\log_level_count.txt
2026-01-09T00:37:41.086+08:00  INFO 18888 --- [carpool] [http-nio-8080-exec-5] c.e.c.c.LogLevelCountController          : 成功读取日志统计文件，内容长度: 1792
2026-01-09T00:37:41.276+08:00  INFO 18888 --- [carpool] [http-nio-8080-exec-8] c.e.c.c.LogLevelCountController          : 尝试读取日志统计文件...
2026-01-09T00:37:41.277+08:00  INFO 18888 --- [carpool] [http-nio-8080-exec-8] c.e.c.c.LogLevelCountController          : 找到日志统计文件: C:\Users\HS\Desktop\carpool\carpool-b\log_level_count.txt
2026-01-09T00:37:41.277+08:00  INFO 18888 --- [carpool] [http-nio-8080-exec-8] c.e.c.c.LogLevelCountController          : 成功读取日志统计文件，内容长度: 1792
2026-01-09T00:37:42.081+08:00  INFO 18888 --- [carpool] [http-nio-8080-exec-1] c.e.c.c.LogLevelCountController          : 尝试读取日志统计文件...
2026-01-09T00:37:42.081+08:00  INFO 18888 --- [carpool] [http-nio-8080-exec-1] c.e.c.c.LogLevelCountController          : 找到日志统计文件: C:\Users\HS\Desktop\carpool\carpool-b\log_level_count.txt
2026-01-09T00:37:42.091+08:00  INFO 18888 --- [carpool] [http-nio-8080-exec-1] c.e.c.c.LogLevelCountController          : 成功读取日志统计文件，内容长度: 1792
2026-01-09T00:37:42.094+08:00  INFO 18888 --- [carpool] [http-nio-8080-exec-4] c.e.c.c.LogLevelCountController          : 尝试读取日志统计文件...
2026-01-09T00:37:42.094+08:00  INFO 18888 --- [carpool] [http-nio-8080-exec-4] c.e.c.c.LogLevelCountController          : 找到日志统计文件: C:\Users\HS\Desktop\carpool\carpool-b\log_level_count.txt
2026-01-09T00:37:42.094+08:00  INFO 18888 --- [carpool] [http-nio-8080-exec-4] c.e.c.c.LogLevelCountController          : 成功读取日志统计文件，内容长度: 1792
2026-01-09T00:37:42.268+08:00  INFO 18888 --- [carpool] [http-nio-8080-exec-6] c.e.c.c.LogLevelCountController          : 尝试读取日志统计文件...
2026-01-09T00:37:42.268+08:00  INFO 18888 --- [carpool] [http-nio-8080-exec-6] c.e.c.c.LogLevelCountController          : 找到日志统计文件: C:\Users\HS\Desktop\carpool\carpool-b\log_level_count.txt
2026-01-09T00:37:42.268+08:00  INFO 18888 --- [carpool] [http-nio-8080-exec-6] c.e.c.c.LogLevelCountController          : 成功读取日志统计文件，内容长度: 1792
2026-01-09T00:37:43.076+08:00  INFO 18888 --- [carpool] [http-nio-8080-exec-3] c.e.c.c.LogLevelCountController          : 尝试读取日志统计文件...
2026-01-09T00:37:43.077+08:00  INFO 18888 --- [carpool] [http-nio-8080-exec-3] c.e.c.c.LogLevelCountController          : 找到日志统计文件: C:\Users\HS\Desktop\carpool\carpool-b\log_level_count.txt
2026-01-09T00:37:43.086+08:00  INFO 18888 --- [carpool] [http-nio-8080-exec-3] c.e.c.c.LogLevelCountController          : 成功读取日志统计文件，内容长度: 1792
2026-01-09T00:37:43.090+08:00  INFO 18888 --- [carpool] [http-nio-8080-exec-9] c.e.c.c.LogLevelCountController          : 尝试读取日志统计文件...
2026-01-09T00:37:43.090+08:00  INFO 18888 --- [carpool] [http-nio-8080-exec-9] c.e.c.c.LogLevelCountController          : 找到日志统计文件: C:\Users\HS\Desktop\carpool\carpool-b\log_level_count.txt
2026-01-09T00:37:43.091+08:00  INFO 18888 --- [carpool] [http-nio-8080-exec-9] c.e.c.c.LogLevelCountController          : 成功读取日志统计文件，内容长度: 1792
2026-01-09T00:37:43.266+08:00  INFO 18888 --- [carpool] [http-nio-8080-exec-2] c.e.c.c.LogLevelCountController          : 尝试读取日志统计文件...
2026-01-09T00:37:43.266+08:00  INFO 18888 --- [carpool] [http-nio-8080-exec-2] c.e.c.c.LogLevelCountController          : 找到日志统计文件: C:\Users\HS\Desktop\carpool\carpool-b\log_level_count.txt
2026-01-09T00:37:43.267+08:00  INFO 18888 --- [carpool] [http-nio-8080-exec-2] c.e.c.c.LogLevelCountController          : 成功读取日志统计文件，内容长度: 1792
2026-01-09T00:37:44.079+08:00  INFO 18888 --- [carpool] [http-nio-8080-exec-10] c.e.c.c.LogLevelCountController          : 尝试读取日志统计文件...
2026-01-09T00:37:44.080+08:00  INFO 18888 --- [carpool] [http-nio-8080-exec-10] c.e.c.c.LogLevelCountController          : 找到日志统计文件: C:\Users\HS\Desktop\carpool\carpool-b\log_level_count.txt
2026-01-09T00:37:44.080+08:00  INFO 18888 --- [carpool] [http-nio-8080-exec-10] c.e.c.c.LogLevelCountController          : 成功读取日志统计文件，内容长度: 1792
2026-01-09T00:37:44.083+08:00  INFO 18888 --- [carpool] [http-nio-8080-exec-7] c.e.c.c.LogLevelCountController          : 尝试读取日志统计文件...
2026-01-09T00:37:44.083+08:00  INFO 18888 --- [carpool] [http-nio-8080-exec-7] c.e.c.c.LogLevelCountController          : 找到日志统计文件: C:\Users\HS\Desktop\carpool\carpool-b\log_level_count.txt
2026-01-09T00:37:44.083+08:00  INFO 18888 --- [carpool] [http-nio-8080-exec-7] c.e.c.c.LogLevelCountController          : 成功读取日志统计文件，内容长度: 1792
2026-01-09T00:37:44.267+08:00  INFO 18888 --- [carpool] [http-nio-8080-exec-5] c.e.c.c.LogLevelCountController          : 尝试读取日志统计文件...
2026-01-09T00:37:44.267+08:00  INFO 18888 --- [carpool] [http-nio-8080-exec-5] c.e.c.c.LogLevelCountController          : 找到日志统计文件: C:\Users\HS\Desktop\carpool\carpool-b\log_level_count.txt
2026-01-09T00:37:44.280+08:00  INFO 18888 --- [carpool] [http-nio-8080-exec-5] c.e.c.c.LogLevelCountController          : 成功读取日志统计文件，内容长度: 1793
2026-01-09T00:37:45.076+08:00  INFO 18888 --- [carpool] [http-nio-8080-exec-8] c.e.c.c.LogLevelCountController          : 尝试读取日志统计文件...
2026-01-09T00:37:45.076+08:00  INFO 18888 --- [carpool] [http-nio-8080-exec-8] c.e.c.c.LogLevelCountController          : 找到日志统计文件: C:\Users\HS\Desktop\carpool\carpool-b\log_level_count.txt
2026-01-09T00:37:45.077+08:00  INFO 18888 --- [carpool] [http-nio-8080-exec-8] c.e.c.c.LogLevelCountController          : 成功读取日志统计文件，内容长度: 1793
2026-01-09T00:37:45.079+08:00  INFO 18888 --- [carpool] [http-nio-8080-exec-1] c.e.c.c.LogLevelCountController          : 尝试读取日志统计文件...
2026-01-09T00:37:45.079+08:00  INFO 18888 --- [carpool] [http-nio-8080-exec-1] c.e.c.c.LogLevelCountController          : 找到日志统计文件: C:\Users\HS\Desktop\carpool\carpool-b\log_level_count.txt
2026-01-09T00:37:45.080+08:00  INFO 18888 --- [carpool] [http-nio-8080-exec-1] c.e.c.c.LogLevelCountController          : 成功读取日志统计文件，内容长度: 1793
2026-01-09T00:37:45.277+08:00  INFO 18888 --- [carpool] [http-nio-8080-exec-4] c.e.c.c.LogLevelCountController          : 尝试读取日志统计文件...
2026-01-09T00:37:45.277+08:00  INFO 18888 --- [carpool] [http-nio-8080-exec-4] c.e.c.c.LogLevelCountController          : 找到日志统计文件: C:\Users\HS\Desktop\carpool\carpool-b\log_level_count.txt
2026-01-09T00:37:45.277+08:00  INFO 18888 --- [carpool] [http-nio-8080-exec-4] c.e.c.c.LogLevelCountController          : 成功读取日志统计文件，内容长度: 1793
2026-01-09T00:37:46.081+08:00  INFO 18888 --- [carpool] [http-nio-8080-exec-6] c.e.c.c.LogLevelCountController          : 尝试读取日志统计文件...
2026-01-09T00:37:46.081+08:00  INFO 18888 --- [carpool] [http-nio-8080-exec-6] c.e.c.c.LogLevelCountController          : 找到日志统计文件: C:\Users\HS\Desktop\carpool\carpool-b\log_level_count.txt
2026-01-09T00:37:46.094+08:00  INFO 18888 --- [carpool] [http-nio-8080-exec-6] c.e.c.c.LogLevelCountController          : 成功读取日志统计文件，内容长度: 1793
2026-01-09T00:37:46.097+08:00  INFO 18888 --- [carpool] [http-nio-8080-exec-3] c.e.c.c.LogLevelCountController          : 尝试读取日志统计文件...
2026-01-09T00:37:46.097+08:00  INFO 18888 --- [carpool] [http-nio-8080-exec-3] c.e.c.c.LogLevelCountController          : 找到日志统计文件: C:\Users\HS\Desktop\carpool\carpool-b\log_level_count.txt
2026-01-09T00:37:46.098+08:00  INFO 18888 --- [carpool] [http-nio-8080-exec-3] c.e.c.c.LogLevelCountController          : 成功读取日志统计文件，内容长度: 1793
2026-01-09T00:37:46.269+08:00  INFO 18888 --- [carpool] [http-nio-8080-exec-9] c.e.c.c.LogLevelCountController          : 尝试读取日志统计文件...
2026-01-09T00:37:46.270+08:00  INFO 18888 --- [carpool] [http-nio-8080-exec-9] c.e.c.c.LogLevelCountController          : 找到日志统计文件: C:\Users\HS\Desktop\carpool\carpool-b\log_level_count.txt
2026-01-09T00:37:46.270+08:00  INFO 18888 --- [carpool] [http-nio-8080-exec-9] c.e.c.c.LogLevelCountController          : 成功读取日志统计文件，内容长度: 1793
2026-01-09T00:37:47.071+08:00  INFO 18888 --- [carpool] [http-nio-8080-exec-2] c.e.c.c.LogLevelCountController          : 尝试读取日志统计文件...
2026-01-09T00:37:47.071+08:00  INFO 18888 --- [carpool] [http-nio-8080-exec-2] c.e.c.c.LogLevelCountController          : 找到日志统计文件: C:\Users\HS\Desktop\carpool\carpool-b\log_level_count.txt
2026-01-09T00:37:47.082+08:00  INFO 18888 --- [carpool] [http-nio-8080-exec-2] c.e.c.c.LogLevelCountController          : 成功读取日志统计文件，内容长度: 1792
2026-01-09T00:37:47.086+08:00  INFO 18888 --- [carpool] [http-nio-8080-exec-10] c.e.c.c.LogLevelCountController          : 尝试读取日志统计文件...
2026-01-09T00:37:47.086+08:00  INFO 18888 --- [carpool] [http-nio-8080-exec-10] c.e.c.c.LogLevelCountController          : 找到日志统计文件: C:\Users\HS\Desktop\carpool\carpool-b\log_level_count.txt
2026-01-09T00:37:47.086+08:00  INFO 18888 --- [carpool] [http-nio-8080-exec-10] c.e.c.c.LogLevelCountController          : 成功读取日志统计文件，内容长度: 1792
2026-01-09T00:37:47.268+08:00  INFO 18888 --- [carpool] [http-nio-8080-exec-7] c.e.c.c.LogLevelCountController          : 尝试读取日志统计文件...
2026-01-09T00:37:47.269+08:00  INFO 18888 --- [carpool] [http-nio-8080-exec-7] c.e.c.c.LogLevelCountController          : 找到日志统计文件: C:\Users\HS\Desktop\carpool\carpool-b\log_level_count.txt
2026-01-09T00:37:47.269+08:00  INFO 18888 --- [carpool] [http-nio-8080-exec-7] c.e.c.c.LogLevelCountController          : 成功读取日志统计文件，内容长度: 1792
2026-01-09T00:37:48.078+08:00  INFO 18888 --- [carpool] [http-nio-8080-exec-5] c.e.c.c.LogLevelCountController          : 尝试读取日志统计文件...
2026-01-09T00:37:48.078+08:00  INFO 18888 --- [carpool] [http-nio-8080-exec-5] c.e.c.c.LogLevelCountController          : 找到日志统计文件: C:\Users\HS\Desktop\carpool\carpool-b\log_level_count.txt
2026-01-09T00:37:48.091+08:00  INFO 18888 --- [carpool] [http-nio-8080-exec-5] c.e.c.c.LogLevelCountController          : 成功读取日志统计文件，内容长度: 1792
2026-01-09T00:37:48.093+08:00  INFO 18888 --- [carpool] [http-nio-8080-exec-8] c.e.c.c.LogLevelCountController          : 尝试读取日志统计文件...
2026-01-09T00:37:48.093+08:00  INFO 18888 --- [carpool] [http-nio-8080-exec-8] c.e.c.c.LogLevelCountController          : 找到日志统计文件: C:\Users\HS\Desktop\carpool\carpool-b\log_level_count.txt
2026-01-09T00:37:48.095+08:00  INFO 18888 --- [carpool] [http-nio-8080-exec-8] c.e.c.c.LogLevelCountController          : 成功读取日志统计文件，内容长度: 1792
2026-01-09T00:37:48.269+08:00  INFO 18888 --- [carpool] [http-nio-8080-exec-1] c.e.c.c.LogLevelCountController          : 尝试读取日志统计文件...
2026-01-09T00:37:48.269+08:00  INFO 18888 --- [carpool] [http-nio-8080-exec-1] c.e.c.c.LogLevelCountController          : 找到日志统计文件: C:\Users\HS\Desktop\carpool\carpool-b\log_level_count.txt
2026-01-09T00:37:48.270+08:00  INFO 18888 --- [carpool] [http-nio-8080-exec-1] c.e.c.c.LogLevelCountController          : 成功读取日志统计文件，内容长度: 1792
2026-01-09T00:37:49.070+08:00  INFO 18888 --- [carpool] [http-nio-8080-exec-4] c.e.c.c.LogLevelCountController          : 尝试读取日志统计文件...
2026-01-09T00:37:49.070+08:00  INFO 18888 --- [carpool] [http-nio-8080-exec-4] c.e.c.c.LogLevelCountController          : 找到日志统计文件: C:\Users\HS\Desktop\carpool\carpool-b\log_level_count.txt
2026-01-09T00:37:49.071+08:00  INFO 18888 --- [carpool] [http-nio-8080-exec-4] c.e.c.c.LogLevelCountController          : 成功读取日志统计文件，内容长度: 1792
2026-01-09T00:37:49.073+08:00  INFO 18888 --- [carpool] [http-nio-8080-exec-6] c.e.c.c.LogLevelCountController          : 尝试读取日志统计文件...
2026-01-09T00:37:49.073+08:00  INFO 18888 --- [carpool] [http-nio-8080-exec-6] c.e.c.c.LogLevelCountController          : 找到日志统计文件: C:\Users\HS\Desktop\carpool\carpool-b\log_level_count.txt
2026-01-09T00:37:49.073+08:00  INFO 18888 --- [carpool] [http-nio-8080-exec-6] c.e.c.c.LogLevelCountController          : 成功读取日志统计文件，内容长度: 1792
2026-01-09T00:37:49.278+08:00  INFO 18888 --- [carpool] [http-nio-8080-exec-3] c.e.c.c.LogLevelCountController          : 尝试读取日志统计文件...
2026-01-09T00:37:49.279+08:00  INFO 18888 --- [carpool] [http-nio-8080-exec-3] c.e.c.c.LogLevelCountController          : 找到日志统计文件: C:\Users\HS\Desktop\carpool\carpool-b\log_level_count.txt
2026-01-09T00:37:49.290+08:00  INFO 18888 --- [carpool] [http-nio-8080-exec-3] c.e.c.c.LogLevelCountController          : 成功读取日志统计文件，内容长度: 1793
2026-01-09T00:37:50.078+08:00  INFO 18888 --- [carpool] [http-nio-8080-exec-9] c.e.c.c.LogLevelCountController          : 尝试读取日志统计文件...
2026-01-09T00:37:50.078+08:00  INFO 18888 --- [carpool] [http-nio-8080-exec-9] c.e.c.c.LogLevelCountController          : 找到日志统计文件: C:\Users\HS\Desktop\carpool\carpool-b\log_level_count.txt
2026-01-09T00:37:50.079+08:00  INFO 18888 --- [carpool] [http-nio-8080-exec-9] c.e.c.c.LogLevelCountController          : 成功读取日志统计文件，内容长度: 1793
2026-01-09T00:37:50.080+08:00  INFO 18888 --- [carpool] [http-nio-8080-exec-2] c.e.c.c.LogLevelCountController          : 尝试读取日志统计文件...
2026-01-09T00:37:50.082+08:00  INFO 18888 --- [carpool] [http-nio-8080-exec-2] c.e.c.c.LogLevelCountController          : 找到日志统计文件: C:\Users\HS\Desktop\carpool\carpool-b\log_level_count.txt
2026-01-09T00:37:50.082+08:00  INFO 18888 --- [carpool] [http-nio-8080-exec-2] c.e.c.c.LogLevelCountController          : 成功读取日志统计文件，内容长度: 1793
2026-01-09T00:37:50.267+08:00  INFO 18888 --- [carpool] [http-nio-8080-exec-10] c.e.c.c.LogLevelCountController          : 尝试读取日志统计文件...
2026-01-09T00:37:50.267+08:00  INFO 18888 --- [carpool] [http-nio-8080-exec-10] c.e.c.c.LogLevelCountController          : 找到日志统计文件: C:\Users\HS\Desktop\carpool\carpool-b\log_level_count.txt
2026-01-09T00:37:50.267+08:00  INFO 18888 --- [carpool] [http-nio-8080-exec-10] c.e.c.c.LogLevelCountController          : 成功读取日志统计文件，内容长度: 1793
2026-01-09T00:37:51.069+08:00  INFO 18888 --- [carpool] [http-nio-8080-exec-7] c.e.c.c.LogLevelCountController          : 尝试读取日志统计文件...
2026-01-09T00:37:51.070+08:00  INFO 18888 --- [carpool] [http-nio-8080-exec-7] c.e.c.c.LogLevelCountController          : 找到日志统计文件: C:\Users\HS\Desktop\carpool\carpool-b\log_level_count.txt
2026-01-09T00:37:51.079+08:00  INFO 18888 --- [carpool] [http-nio-8080-exec-7] c.e.c.c.LogLevelCountController          : 成功读取日志统计文件，内容长度: 1793
2026-01-09T00:37:51.082+08:00  INFO 18888 --- [carpool] [http-nio-8080-exec-5] c.e.c.c.LogLevelCountController          : 尝试读取日志统计文件...
2026-01-09T00:37:51.082+08:00  INFO 18888 --- [carpool] [http-nio-8080-exec-5] c.e.c.c.LogLevelCountController          : 找到日志统计文件: C:\Users\HS\Desktop\carpool\carpool-b\log_level_count.txt
2026-01-09T00:37:51.082+08:00  INFO 18888 --- [carpool] [http-nio-8080-exec-5] c.e.c.c.LogLevelCountController          : 成功读取日志统计文件，内容长度: 1793
2026-01-09T00:37:51.268+08:00  INFO 18888 --- [carpool] [http-nio-8080-exec-8] c.e.c.c.LogLevelCountController          : 尝试读取日志统计文件...
2026-01-09T00:37:51.268+08:00  INFO 18888 --- [carpool] [http-nio-8080-exec-8] c.e.c.c.LogLevelCountController          : 找到日志统计文件: C:\Users\HS\Desktop\carpool\carpool-b\log_level_count.txt
2026-01-09T00:37:51.269+08:00  INFO 18888 --- [carpool] [http-nio-8080-exec-8] c.e.c.c.LogLevelCountController          : 成功读取日志统计文件，内容长度: 1793
2026-01-09T00:37:52.076+08:00  INFO 18888 --- [carpool] [http-nio-8080-exec-1] c.e.c.c.LogLevelCountController          : 尝试读取日志统计文件...
2026-01-09T00:37:52.077+08:00  INFO 18888 --- [carpool] [http-nio-8080-exec-1] c.e.c.c.LogLevelCountController          : 找到日志统计文件: C:\Users\HS\Desktop\carpool\carpool-b\log_level_count.txt
2026-01-09T00:37:52.087+08:00  INFO 18888 --- [carpool] [http-nio-8080-exec-1] c.e.c.c.LogLevelCountController          : 成功读取日志统计文件，内容长度: 1792
2026-01-09T00:37:52.090+08:00  INFO 18888 --- [carpool] [http-nio-8080-exec-4] c.e.c.c.LogLevelCountController          : 尝试读取日志统计文件...
2026-01-09T00:37:52.090+08:00  INFO 18888 --- [carpool] [http-nio-8080-exec-4] c.e.c.c.LogLevelCountController          : 找到日志统计文件: C:\Users\HS\Desktop\carpool\carpool-b\log_level_count.txt
2026-01-09T00:37:52.090+08:00  INFO 18888 --- [carpool] [http-nio-8080-exec-4] c.e.c.c.LogLevelCountController          : 成功读取日志统计文件，内容长度: 1792
2026-01-09T00:37:52.270+08:00  INFO 18888 --- [carpool] [http-nio-8080-exec-6] c.e.c.c.LogLevelCountController          : 尝试读取日志统计文件...
2026-01-09T00:37:52.270+08:00  INFO 18888 --- [carpool] [http-nio-8080-exec-6] c.e.c.c.LogLevelCountController          : 找到日志统计文件: C:\Users\HS\Desktop\carpool\carpool-b\log_level_count.txt
2026-01-09T00:37:52.271+08:00  INFO 18888 --- [carpool] [http-nio-8080-exec-6] c.e.c.c.LogLevelCountController          : 成功读取日志统计文件，内容长度: 1792
2026-01-09T00:37:53.071+08:00  INFO 18888 --- [carpool] [http-nio-8080-exec-3] c.e.c.c.LogLevelCountController          : 尝试读取日志统计文件...
2026-01-09T00:37:53.071+08:00  INFO 18888 --- [carpool] [http-nio-8080-exec-3] c.e.c.c.LogLevelCountController          : 找到日志统计文件: C:\Users\HS\Desktop\carpool\carpool-b\log_level_count.txt
2026-01-09T00:37:53.082+08:00  INFO 18888 --- [carpool] [http-nio-8080-exec-3] c.e.c.c.LogLevelCountController          : 成功读取日志统计文件，内容长度: 1792
2026-01-09T00:37:53.086+08:00  INFO 18888 --- [carpool] [http-nio-8080-exec-9] c.e.c.c.LogLevelCountController          : 尝试读取日志统计文件...
2026-01-09T00:37:53.086+08:00  INFO 18888 --- [carpool] [http-nio-8080-exec-9] c.e.c.c.LogLevelCountController          : 找到日志统计文件: C:\Users\HS\Desktop\carpool\carpool-b\log_level_count.txt
2026-01-09T00:37:53.087+08:00  INFO 18888 --- [carpool] [http-nio-8080-exec-9] c.e.c.c.LogLevelCountController          : 成功读取日志统计文件，内容长度: 1792
2026-01-09T00:37:53.267+08:00  INFO 18888 --- [carpool] [http-nio-8080-exec-2] c.e.c.c.LogLevelCountController          : 尝试读取日志统计文件...
2026-01-09T00:37:53.267+08:00  INFO 18888 --- [carpool] [http-nio-8080-exec-2] c.e.c.c.LogLevelCountController          : 找到日志统计文件: C:\Users\HS\Desktop\carpool\carpool-b\log_level_count.txt
2026-01-09T00:37:53.267+08:00  INFO 18888 --- [carpool] [http-nio-8080-exec-2] c.e.c.c.LogLevelCountController          : 成功读取日志统计文件，内容长度: 1792
2026-01-09T00:37:54.077+08:00  INFO 18888 --- [carpool] [http-nio-8080-exec-10] c.e.c.c.LogLevelCountController          : 尝试读取日志统计文件...
2026-01-09T00:37:54.077+08:00  INFO 18888 --- [carpool] [http-nio-8080-exec-10] c.e.c.c.LogLevelCountController          : 找到日志统计文件: C:\Users\HS\Desktop\carpool\carpool-b\log_level_count.txt
2026-01-09T00:37:54.077+08:00  INFO 18888 --- [carpool] [http-nio-8080-exec-10] c.e.c.c.LogLevelCountController          : 成功读取日志统计文件，内容长度: 1792
2026-01-09T00:37:54.079+08:00  INFO 18888 --- [carpool] [http-nio-8080-exec-7] c.e.c.c.LogLevelCountController          : 尝试读取日志统计文件...
2026-01-09T00:37:54.079+08:00  INFO 18888 --- [carpool] [http-nio-8080-exec-7] c.e.c.c.LogLevelCountController          : 找到日志统计文件: C:\Users\HS\Desktop\carpool\carpool-b\log_level_count.txt
2026-01-09T00:37:54.079+08:00  INFO 18888 --- [carpool] [http-nio-8080-exec-7] c.e.c.c.LogLevelCountController          : 成功读取日志统计文件，内容长度: 1792
2026-01-09T00:37:54.269+08:00  INFO 18888 --- [carpool] [http-nio-8080-exec-5] c.e.c.c.LogLevelCountController          : 尝试读取日志统计文件...
2026-01-09T00:37:54.269+08:00  INFO 18888 --- [carpool] [http-nio-8080-exec-5] c.e.c.c.LogLevelCountController          : 找到日志统计文件: C:\Users\HS\Desktop\carpool\carpool-b\log_level_count.txt
2026-01-09T00:37:54.281+08:00  INFO 18888 --- [carpool] [http-nio-8080-exec-5] c.e.c.c.LogLevelCountController          : 成功读取日志统计文件，内容长度: 1793
2026-01-09T00:37:55.083+08:00  INFO 18888 --- [carpool] [http-nio-8080-exec-8] c.e.c.c.LogLevelCountController          : 尝试读取日志统计文件...
2026-01-09T00:37:55.084+08:00  INFO 18888 --- [carpool] [http-nio-8080-exec-8] c.e.c.c.LogLevelCountController          : 找到日志统计文件: C:\Users\HS\Desktop\carpool\carpool-b\log_level_count.txt
2026-01-09T00:37:55.084+08:00  INFO 18888 --- [carpool] [http-nio-8080-exec-8] c.e.c.c.LogLevelCountController          : 成功读取日志统计文件，内容长度: 1793
2026-01-09T00:37:55.086+08:00  INFO 18888 --- [carpool] [http-nio-8080-exec-1] c.e.c.c.LogLevelCountController          : 尝试读取日志统计文件...
2026-01-09T00:37:55.086+08:00  INFO 18888 --- [carpool] [http-nio-8080-exec-1] c.e.c.c.LogLevelCountController          : 找到日志统计文件: C:\Users\HS\Desktop\carpool\carpool-b\log_level_count.txt
2026-01-09T00:37:55.087+08:00  INFO 18888 --- [carpool] [http-nio-8080-exec-1] c.e.c.c.LogLevelCountController          : 成功读取日志统计文件，内容长度: 1793
2026-01-09T00:37:55.592+08:00  INFO 18888 --- [carpool] [http-nio-8080-exec-4] c.e.c.c.LogLevelCountController          : 尝试读取日志统计文件...
2026-01-09T00:37:55.593+08:00  INFO 18888 --- [carpool] [http-nio-8080-exec-4] c.e.c.c.LogLevelCountController          : 找到日志统计文件: C:\Users\HS\Desktop\carpool\carpool-b\log_level_count.txt
2026-01-09T00:37:55.608+08:00  INFO 18888 --- [carpool] [http-nio-8080-exec-4] c.e.c.c.LogLevelCountController          : 成功读取日志统计文件，内容长度: 1792
2026-01-09T00:37:56.079+08:00  INFO 18888 --- [carpool] [http-nio-8080-exec-6] c.e.c.c.LogLevelCountController          : 尝试读取日志统计文件...
2026-01-09T00:37:56.079+08:00  INFO 18888 --- [carpool] [http-nio-8080-exec-6] c.e.c.c.LogLevelCountController          : 找到日志统计文件: C:\Users\HS\Desktop\carpool\carpool-b\log_level_count.txt
2026-01-09T00:37:56.080+08:00  INFO 18888 --- [carpool] [http-nio-8080-exec-6] c.e.c.c.LogLevelCountController          : 成功读取日志统计文件，内容长度: 1792
2026-01-09T00:37:56.082+08:00  INFO 18888 --- [carpool] [http-nio-8080-exec-3] c.e.c.c.LogLevelCountController          : 尝试读取日志统计文件...
2026-01-09T00:37:56.082+08:00  INFO 18888 --- [carpool] [http-nio-8080-exec-3] c.e.c.c.LogLevelCountController          : 找到日志统计文件: C:\Users\HS\Desktop\carpool\carpool-b\log_level_count.txt
2026-01-09T00:37:56.082+08:00  INFO 18888 --- [carpool] [http-nio-8080-exec-3] c.e.c.c.LogLevelCountController          : 成功读取日志统计文件，内容长度: 1792
2026-01-09T00:37:56.633+08:00  INFO 18888 --- [carpool] [http-nio-8080-exec-9] c.e.c.c.LogLevelCountController          : 尝试读取日志统计文件...
2026-01-09T00:37:56.633+08:00  INFO 18888 --- [carpool] [http-nio-8080-exec-9] c.e.c.c.LogLevelCountController          : 找到日志统计文件: C:\Users\HS\Desktop\carpool\carpool-b\log_level_count.txt
2026-01-09T00:37:56.645+08:00  INFO 18888 --- [carpool] [http-nio-8080-exec-9] c.e.c.c.LogLevelCountController          : 成功读取日志统计文件，内容长度: 1792
2026-01-09T00:37:57.071+08:00  INFO 18888 --- [carpool] [http-nio-8080-exec-2] c.e.c.c.LogLevelCountController          : 尝试读取日志统计文件...
2026-01-09T00:37:57.071+08:00  INFO 18888 --- [carpool] [http-nio-8080-exec-2] c.e.c.c.LogLevelCountController          : 找到日志统计文件: C:\Users\HS\Desktop\carpool\carpool-b\log_level_count.txt
2026-01-09T00:37:57.072+08:00  INFO 18888 --- [carpool] [http-nio-8080-exec-2] c.e.c.c.LogLevelCountController          : 成功读取日志统计文件，内容长度: 1792
2026-01-09T00:37:57.085+08:00  INFO 18888 --- [carpool] [http-nio-8080-exec-10] c.e.c.c.LogLevelCountController          : 尝试读取日志统计文件...
2026-01-09T00:37:57.085+08:00  INFO 18888 --- [carpool] [http-nio-8080-exec-10] c.e.c.c.LogLevelCountController          : 找到日志统计文件: C:\Users\HS\Desktop\carpool\carpool-b\log_level_count.txt
2026-01-09T00:37:57.086+08:00  INFO 18888 --- [carpool] [http-nio-8080-exec-10] c.e.c.c.LogLevelCountController          : 成功读取日志统计文件，内容长度: 1792
2026-01-09T00:37:57.642+08:00  INFO 18888 --- [carpool] [http-nio-8080-exec-7] c.e.c.c.LogLevelCountController          : 尝试读取日志统计文件...
2026-01-09T00:37:57.642+08:00  INFO 18888 --- [carpool] [http-nio-8080-exec-7] c.e.c.c.LogLevelCountController          : 找到日志统计文件: C:\Users\HS\Desktop\carpool\carpool-b\log_level_count.txt
2026-01-09T00:37:57.643+08:00  INFO 18888 --- [carpool] [http-nio-8080-exec-7] c.e.c.c.LogLevelCountController          : 成功读取日志统计文件，内容长度: 1792
2026-01-09T00:37:58.077+08:00  INFO 18888 --- [carpool] [http-nio-8080-exec-5] c.e.c.c.LogLevelCountController          : 尝试读取日志统计文件...
2026-01-09T00:37:58.077+08:00  INFO 18888 --- [carpool] [http-nio-8080-exec-5] c.e.c.c.LogLevelCountController          : 找到日志统计文件: C:\Users\HS\Desktop\carpool\carpool-b\log_level_count.txt
2026-01-09T00:37:58.088+08:00  INFO 18888 --- [carpool] [http-nio-8080-exec-5] c.e.c.c.LogLevelCountController          : 成功读取日志统计文件，内容长度: 1793
2026-01-09T00:37:58.091+08:00  INFO 18888 --- [carpool] [http-nio-8080-exec-8] c.e.c.c.LogLevelCountController          : 尝试读取日志统计文件...
2026-01-09T00:37:58.091+08:00  INFO 18888 --- [carpool] [http-nio-8080-exec-8] c.e.c.c.LogLevelCountController          : 找到日志统计文件: C:\Users\HS\Desktop\carpool\carpool-b\log_level_count.txt
2026-01-09T00:37:58.091+08:00  INFO 18888 --- [carpool] [http-nio-8080-exec-8] c.e.c.c.LogLevelCountController          : 成功读取日志统计文件，内容长度: 1793
2026-01-09T00:37:58.638+08:00  INFO 18888 --- [carpool] [http-nio-8080-exec-1] c.e.c.c.LogLevelCountController          : 尝试读取日志统计文件...
2026-01-09T00:37:58.638+08:00  INFO 18888 --- [carpool] [http-nio-8080-exec-1] c.e.c.c.LogLevelCountController          : 找到日志统计文件: C:\Users\HS\Desktop\carpool\carpool-b\log_level_count.txt
2026-01-09T00:37:58.638+08:00  INFO 18888 --- [carpool] [http-nio-8080-exec-1] c.e.c.c.LogLevelCountController          : 成功读取日志统计文件，内容长度: 1793
2026-01-09T00:37:59.074+08:00  INFO 18888 --- [carpool] [http-nio-8080-exec-4] c.e.c.c.LogLevelCountController          : 尝试读取日志统计文件...
2026-01-09T00:37:59.074+08:00  INFO 18888 --- [carpool] [http-nio-8080-exec-4] c.e.c.c.LogLevelCountController          : 找到日志统计文件: C:\Users\HS\Desktop\carpool\carpool-b\log_level_count.txt
2026-01-09T00:37:59.086+08:00  INFO 18888 --- [carpool] [http-nio-8080-exec-4] c.e.c.c.LogLevelCountController          : 成功读取日志统计文件，内容长度: 1792
2026-01-09T00:37:59.090+08:00  INFO 18888 --- [carpool] [http-nio-8080-exec-6] c.e.c.c.LogLevelCountController          : 尝试读取日志统计文件...
2026-01-09T00:37:59.090+08:00  INFO 18888 --- [carpool] [http-nio-8080-exec-6] c.e.c.c.LogLevelCountController          : 找到日志统计文件: C:\Users\HS\Desktop\carpool\carpool-b\log_level_count.txt
2026-01-09T00:37:59.091+08:00  INFO 18888 --- [carpool] [http-nio-8080-exec-6] c.e.c.c.LogLevelCountController          : 成功读取日志统计文件，内容长度: 1792
2026-01-09T00:37:59.631+08:00  INFO 18888 --- [carpool] [http-nio-8080-exec-3] c.e.c.c.LogLevelCountController          : 尝试读取日志统计文件...
2026-01-09T00:37:59.631+08:00  INFO 18888 --- [carpool] [http-nio-8080-exec-3] c.e.c.c.LogLevelCountController          : 找到日志统计文件: C:\Users\HS\Desktop\carpool\carpool-b\log_level_count.txt
2026-01-09T00:37:59.632+08:00  INFO 18888 --- [carpool] [http-nio-8080-exec-3] c.e.c.c.LogLevelCountController          : 成功读取日志统计文件，内容长度: 1792
2026-01-09T00:38:00.081+08:00  INFO 18888 --- [carpool] [http-nio-8080-exec-9] c.e.c.c.LogLevelCountController          : 尝试读取日志统计文件...
2026-01-09T00:38:00.082+08:00  INFO 18888 --- [carpool] [http-nio-8080-exec-9] c.e.c.c.LogLevelCountController          : 找到日志统计文件: C:\Users\HS\Desktop\carpool\carpool-b\log_level_count.txt
2026-01-09T00:38:00.082+08:00  INFO 18888 --- [carpool] [http-nio-8080-exec-9] c.e.c.c.LogLevelCountController          : 成功读取日志统计文件，内容长度: 1792
2026-01-09T00:38:00.084+08:00  INFO 18888 --- [carpool] [http-nio-8080-exec-2] c.e.c.c.LogLevelCountController          : 尝试读取日志统计文件...
2026-01-09T00:38:00.084+08:00  INFO 18888 --- [carpool] [http-nio-8080-exec-2] c.e.c.c.LogLevelCountController          : 找到日志统计文件: C:\Users\HS\Desktop\carpool\carpool-b\log_level_count.txt
2026-01-09T00:38:00.084+08:00  INFO 18888 --- [carpool] [http-nio-8080-exec-2] c.e.c.c.LogLevelCountController          : 成功读取日志统计文件，内容长度: 1792
2026-01-09T00:38:00.632+08:00  INFO 18888 --- [carpool] [http-nio-8080-exec-10] c.e.c.c.LogLevelCountController          : 尝试读取日志统计文件...
2026-01-09T00:38:00.633+08:00  INFO 18888 --- [carpool] [http-nio-8080-exec-10] c.e.c.c.LogLevelCountController          : 找到日志统计文件: C:\Users\HS\Desktop\carpool\carpool-b\log_level_count.txt
2026-01-09T00:38:00.645+08:00  INFO 18888 --- [carpool] [http-nio-8080-exec-10] c.e.c.c.LogLevelCountController          : 成功读取日志统计文件，内容长度: 1793
2026-01-09T00:38:01.073+08:00  INFO 18888 --- [carpool] [http-nio-8080-exec-7] c.e.c.c.LogLevelCountController          : 尝试读取日志统计文件...
2026-01-09T00:38:01.074+08:00  INFO 18888 --- [carpool] [http-nio-8080-exec-7] c.e.c.c.LogLevelCountController          : 找到日志统计文件: C:\Users\HS\Desktop\carpool\carpool-b\log_level_count.txt
2026-01-09T00:38:01.074+08:00  INFO 18888 --- [carpool] [http-nio-8080-exec-7] c.e.c.c.LogLevelCountController          : 成功读取日志统计文件，内容长度: 1793
2026-01-09T00:38:01.077+08:00  INFO 18888 --- [carpool] [http-nio-8080-exec-5] c.e.c.c.LogLevelCountController          : 尝试读取日志统计文件...
2026-01-09T00:38:01.077+08:00  INFO 18888 --- [carpool] [http-nio-8080-exec-5] c.e.c.c.LogLevelCountController          : 找到日志统计文件: C:\Users\HS\Desktop\carpool\carpool-b\log_level_count.txt
2026-01-09T00:38:01.078+08:00  INFO 18888 --- [carpool] [http-nio-8080-exec-5] c.e.c.c.LogLevelCountController          : 成功读取日志统计文件，内容长度: 1793
2026-01-09T00:38:01.632+08:00  INFO 18888 --- [carpool] [http-nio-8080-exec-8] c.e.c.c.LogLevelCountController          : 尝试读取日志统计文件...
2026-01-09T00:38:01.633+08:00  INFO 18888 --- [carpool] [http-nio-8080-exec-8] c.e.c.c.LogLevelCountController          : 找到日志统计文件: C:\Users\HS\Desktop\carpool\carpool-b\log_level_count.txt
2026-01-09T00:38:01.643+08:00  INFO 18888 --- [carpool] [http-nio-8080-exec-8] c.e.c.c.LogLevelCountController          : 成功读取日志统计文件，内容长度: 1792
2026-01-09T00:38:02.090+08:00  INFO 18888 --- [carpool] [http-nio-8080-exec-1] c.e.c.c.LogLevelCountController          : 尝试读取日志统计文件...
2026-01-09T00:38:02.090+08:00  INFO 18888 --- [carpool] [http-nio-8080-exec-1] c.e.c.c.LogLevelCountController          : 找到日志统计文件: C:\Users\HS\Desktop\carpool\carpool-b\log_level_count.txt
2026-01-09T00:38:02.090+08:00  INFO 18888 --- [carpool] [http-nio-8080-exec-1] c.e.c.c.LogLevelCountController          : 成功读取日志统计文件，内容长度: 1792
2026-01-09T00:38:02.093+08:00  INFO 18888 --- [carpool] [http-nio-8080-exec-4] c.e.c.c.LogLevelCountController          : 尝试读取日志统计文件...
2026-01-09T00:38:02.094+08:00  INFO 18888 --- [carpool] [http-nio-8080-exec-4] c.e.c.c.LogLevelCountController          : 找到日志统计文件: C:\Users\HS\Desktop\carpool\carpool-b\log_level_count.txt
2026-01-09T00:38:02.094+08:00  INFO 18888 --- [carpool] [http-nio-8080-exec-4] c.e.c.c.LogLevelCountController          : 成功读取日志统计文件，内容长度: 1792
2026-01-09T00:38:03.078+08:00  INFO 18888 --- [carpool] [http-nio-8080-exec-6] c.e.c.c.LogLevelCountController          : 尝试读取日志统计文件...
2026-01-09T00:38:03.078+08:00  INFO 18888 --- [carpool] [http-nio-8080-exec-6] c.e.c.c.LogLevelCountController          : 找到日志统计文件: C:\Users\HS\Desktop\carpool\carpool-b\log_level_count.txt
2026-01-09T00:38:03.089+08:00  INFO 18888 --- [carpool] [http-nio-8080-exec-6] c.e.c.c.LogLevelCountController          : 成功读取日志统计文件，内容长度: 1793
2026-01-09T00:38:03.091+08:00  INFO 18888 --- [carpool] [http-nio-8080-exec-3] c.e.c.c.LogLevelCountController          : 尝试读取日志统计文件...
2026-01-09T00:38:03.091+08:00  INFO 18888 --- [carpool] [http-nio-8080-exec-3] c.e.c.c.LogLevelCountController          : 找到日志统计文件: C:\Users\HS\Desktop\carpool\carpool-b\log_level_count.txt
2026-01-09T00:38:03.091+08:00  INFO 18888 --- [carpool] [http-nio-8080-exec-3] c.e.c.c.LogLevelCountController          : 成功读取日志统计文件，内容长度: 1793
2026-01-09T00:38:03.094+08:00  INFO 18888 --- [carpool] [http-nio-8080-exec-9] c.e.c.c.LogLevelCountController          : 尝试读取日志统计文件...
2026-01-09T00:38:03.095+08:00  INFO 18888 --- [carpool] [http-nio-8080-exec-9] c.e.c.c.LogLevelCountController          : 找到日志统计文件: C:\Users\HS\Desktop\carpool\carpool-b\log_level_count.txt
2026-01-09T00:38:03.095+08:00  INFO 18888 --- [carpool] [http-nio-8080-exec-9] c.e.c.c.LogLevelCountController          : 成功读取日志统计文件，内容长度: 1793
2026-01-09T00:38:04.082+08:00  INFO 18888 --- [carpool] [http-nio-8080-exec-2] c.e.c.c.LogLevelCountController          : 尝试读取日志统计文件...
2026-01-09T00:38:04.083+08:00  INFO 18888 --- [carpool] [http-nio-8080-exec-2] c.e.c.c.LogLevelCountController          : 找到日志统计文件: C:\Users\HS\Desktop\carpool\carpool-b\log_level_count.txt
2026-01-09T00:38:04.093+08:00  INFO 18888 --- [carpool] [http-nio-8080-exec-2] c.e.c.c.LogLevelCountController          : 成功读取日志统计文件，内容长度: 1793
2026-01-09T00:38:04.095+08:00  INFO 18888 --- [carpool] [http-nio-8080-exec-10] c.e.c.c.LogLevelCountController          : 尝试读取日志统计文件...
2026-01-09T00:38:04.096+08:00  INFO 18888 --- [carpool] [http-nio-8080-exec-10] c.e.c.c.LogLevelCountController          : 找到日志统计文件: C:\Users\HS\Desktop\carpool\carpool-b\log_level_count.txt
2026-01-09T00:38:04.096+08:00  INFO 18888 --- [carpool] [http-nio-8080-exec-10] c.e.c.c.LogLevelCountController          : 成功读取日志统计文件，内容长度: 1793
2026-01-09T00:38:04.098+08:00  INFO 18888 --- [carpool] [http-nio-8080-exec-7] c.e.c.c.LogLevelCountController          : 尝试读取日志统计文件...
2026-01-09T00:38:04.098+08:00  INFO 18888 --- [carpool] [http-nio-8080-exec-7] c.e.c.c.LogLevelCountController          : 找到日志统计文件: C:\Users\HS\Desktop\carpool\carpool-b\log_level_count.txt
2026-01-09T00:38:04.100+08:00  INFO 18888 --- [carpool] [http-nio-8080-exec-7] c.e.c.c.LogLevelCountController          : 成功读取日志统计文件，内容长度: 1793
2026-01-09T00:38:05.081+08:00  INFO 18888 --- [carpool] [http-nio-8080-exec-5] c.e.c.c.LogLevelCountController          : 尝试读取日志统计文件...
2026-01-09T00:38:05.082+08:00  INFO 18888 --- [carpool] [http-nio-8080-exec-5] c.e.c.c.LogLevelCountController          : 找到日志统计文件: C:\Users\HS\Desktop\carpool\carpool-b\log_level_count.txt
2026-01-09T00:38:05.083+08:00  INFO 18888 --- [carpool] [http-nio-8080-exec-5] c.e.c.c.LogLevelCountController          : 成功读取日志统计文件，内容长度: 1793
2026-01-09T00:38:05.087+08:00  INFO 18888 --- [carpool] [http-nio-8080-exec-8] c.e.c.c.LogLevelCountController          : 尝试读取日志统计文件...
2026-01-09T00:38:05.088+08:00  INFO 18888 --- [carpool] [http-nio-8080-exec-8] c.e.c.c.LogLevelCountController          : 找到日志统计文件: C:\Users\HS\Desktop\carpool\carpool-b\log_level_count.txt
2026-01-09T00:38:05.088+08:00  INFO 18888 --- [carpool] [http-nio-8080-exec-8] c.e.c.c.LogLevelCountController          : 成功读取日志统计文件，内容长度: 1793
2026-01-09T00:38:05.091+08:00  INFO 18888 --- [carpool] [http-nio-8080-exec-1] c.e.c.c.LogLevelCountController          : 尝试读取日志统计文件...
2026-01-09T00:38:05.091+08:00  INFO 18888 --- [carpool] [http-nio-8080-exec-1] c.e.c.c.LogLevelCountController          : 找到日志统计文件: C:\Users\HS\Desktop\carpool\carpool-b\log_level_count.txt
2026-01-09T00:38:05.091+08:00  INFO 18888 --- [carpool] [http-nio-8080-exec-1] c.e.c.c.LogLevelCountController          : 成功读取日志统计文件，内容长度: 1793
2026-01-09T00:38:06.075+08:00  INFO 18888 --- [carpool] [http-nio-8080-exec-4] c.e.c.c.LogLevelCountController          : 尝试读取日志统计文件...
2026-01-09T00:38:06.075+08:00  INFO 18888 --- [carpool] [http-nio-8080-exec-4] c.e.c.c.LogLevelCountController          : 找到日志统计文件: C:\Users\HS\Desktop\carpool\carpool-b\log_level_count.txt
2026-01-09T00:38:06.086+08:00  INFO 18888 --- [carpool] [http-nio-8080-exec-4] c.e.c.c.LogLevelCountController          : 成功读取日志统计文件，内容长度: 1794
2026-01-09T00:38:06.088+08:00  INFO 18888 --- [carpool] [http-nio-8080-exec-6] c.e.c.c.LogLevelCountController          : 尝试读取日志统计文件...
2026-01-09T00:38:06.089+08:00  INFO 18888 --- [carpool] [http-nio-8080-exec-6] c.e.c.c.LogLevelCountController          : 找到日志统计文件: C:\Users\HS\Desktop\carpool\carpool-b\log_level_count.txt
2026-01-09T00:38:06.089+08:00  INFO 18888 --- [carpool] [http-nio-8080-exec-6] c.e.c.c.LogLevelCountController          : 成功读取日志统计文件，内容长度: 1794
2026-01-09T00:38:06.091+08:00  INFO 18888 --- [carpool] [http-nio-8080-exec-3] c.e.c.c.LogLevelCountController          : 尝试读取日志统计文件...
2026-01-09T00:38:06.091+08:00  INFO 18888 --- [carpool] [http-nio-8080-exec-3] c.e.c.c.LogLevelCountController          : 找到日志统计文件: C:\Users\HS\Desktop\carpool\carpool-b\log_level_count.txt
2026-01-09T00:38:06.091+08:00  INFO 18888 --- [carpool] [http-nio-8080-exec-3] c.e.c.c.LogLevelCountController          : 成功读取日志统计文件，内容长度: 1794
2026-01-09T00:38:07.079+08:00  INFO 18888 --- [carpool] [http-nio-8080-exec-9] c.e.c.c.LogLevelCountController          : 尝试读取日志统计文件...
2026-01-09T00:38:07.079+08:00  INFO 18888 --- [carpool] [http-nio-8080-exec-9] c.e.c.c.LogLevelCountController          : 找到日志统计文件: C:\Users\HS\Desktop\carpool\carpool-b\log_level_count.txt
2026-01-09T00:38:07.090+08:00  INFO 18888 --- [carpool] [http-nio-8080-exec-9] c.e.c.c.LogLevelCountController          : 成功读取日志统计文件，内容长度: 1793
2026-01-09T00:38:07.092+08:00  INFO 18888 --- [carpool] [http-nio-8080-exec-2] c.e.c.c.LogLevelCountController          : 尝试读取日志统计文件...
2026-01-09T00:38:07.093+08:00  INFO 18888 --- [carpool] [http-nio-8080-exec-2] c.e.c.c.LogLevelCountController          : 找到日志统计文件: C:\Users\HS\Desktop\carpool\carpool-b\log_level_count.txt
2026-01-09T00:38:07.093+08:00  INFO 18888 --- [carpool] [http-nio-8080-exec-2] c.e.c.c.LogLevelCountController          : 成功读取日志统计文件，内容长度: 1793
2026-01-09T00:38:07.095+08:00  INFO 18888 --- [carpool] [http-nio-8080-exec-2] c.e.c.c.LogLevelCountController          : 尝试读取日志统计文件...
2026-01-09T00:38:07.095+08:00  INFO 18888 --- [carpool] [http-nio-8080-exec-2] c.e.c.c.LogLevelCountController          : 找到日志统计文件: C:\Users\HS\Desktop\carpool\carpool-b\log_level_count.txt
2026-01-09T00:38:07.096+08:00  INFO 18888 --- [carpool] [http-nio-8080-exec-2] c.e.c.c.LogLevelCountController          : 成功读取日志统计文件，内容长度: 1793
2026-01-09T00:38:08.072+08:00  INFO 18888 --- [carpool] [http-nio-8080-exec-7] c.e.c.c.LogLevelCountController          : 尝试读取日志统计文件...
2026-01-09T00:38:08.072+08:00  INFO 18888 --- [carpool] [http-nio-8080-exec-7] c.e.c.c.LogLevelCountController          : 找到日志统计文件: C:\Users\HS\Desktop\carpool\carpool-b\log_level_count.txt
2026-01-09T00:38:08.085+08:00  INFO 18888 --- [carpool] [http-nio-8080-exec-7] c.e.c.c.LogLevelCountController          : 成功读取日志统计文件，内容长度: 1793
2026-01-09T00:38:08.088+08:00  INFO 18888 --- [carpool] [http-nio-8080-exec-5] c.e.c.c.LogLevelCountController          : 尝试读取日志统计文件...
2026-01-09T00:38:08.088+08:00  INFO 18888 --- [carpool] [http-nio-8080-exec-5] c.e.c.c.LogLevelCountController          : 找到日志统计文件: C:\Users\HS\Desktop\carpool\carpool-b\log_level_count.txt
2026-01-09T00:38:08.089+08:00  INFO 18888 --- [carpool] [http-nio-8080-exec-5] c.e.c.c.LogLevelCountController          : 成功读取日志统计文件，内容长度: 1793
2026-01-09T00:38:08.091+08:00  INFO 18888 --- [carpool] [http-nio-8080-exec-8] c.e.c.c.LogLevelCountController          : 尝试读取日志统计文件...
2026-01-09T00:38:08.091+08:00  INFO 18888 --- [carpool] [http-nio-8080-exec-8] c.e.c.c.LogLevelCountController          : 找到日志统计文件: C:\Users\HS\Desktop\carpool\carpool-b\log_level_count.txt
2026-01-09T00:38:08.091+08:00  INFO 18888 --- [carpool] [http-nio-8080-exec-8] c.e.c.c.LogLevelCountController          : 成功读取日志统计文件，内容长度: 1793
2026-01-09T00:38:09.080+08:00  INFO 18888 --- [carpool] [http-nio-8080-exec-1] c.e.c.c.LogLevelCountController          : 尝试读取日志统计文件...
2026-01-09T00:38:09.080+08:00  INFO 18888 --- [carpool] [http-nio-8080-exec-1] c.e.c.c.LogLevelCountController          : 找到日志统计文件: C:\Users\HS\Desktop\carpool\carpool-b\log_level_count.txt
2026-01-09T00:38:09.091+08:00  INFO 18888 --- [carpool] [http-nio-8080-exec-1] c.e.c.c.LogLevelCountController          : 成功读取日志统计文件，内容长度: 1793
2026-01-09T00:38:09.094+08:00  INFO 18888 --- [carpool] [http-nio-8080-exec-4] c.e.c.c.LogLevelCountController          : 尝试读取日志统计文件...
2026-01-09T00:38:09.094+08:00  INFO 18888 --- [carpool] [http-nio-8080-exec-4] c.e.c.c.LogLevelCountController          : 找到日志统计文件: C:\Users\HS\Desktop\carpool\carpool-b\log_level_count.txt
2026-01-09T00:38:09.094+08:00  INFO 18888 --- [carpool] [http-nio-8080-exec-4] c.e.c.c.LogLevelCountController          : 成功读取日志统计文件，内容长度: 1793
2026-01-09T00:38:09.097+08:00  INFO 18888 --- [carpool] [http-nio-8080-exec-6] c.e.c.c.LogLevelCountController          : 尝试读取日志统计文件...
2026-01-09T00:38:09.097+08:00  INFO 18888 --- [carpool] [http-nio-8080-exec-6] c.e.c.c.LogLevelCountController          : 找到日志统计文件: C:\Users\HS\Desktop\carpool\carpool-b\log_level_count.txt
2026-01-09T00:38:09.097+08:00  INFO 18888 --- [carpool] [http-nio-8080-exec-6] c.e.c.c.LogLevelCountController          : 成功读取日志统计文件，内容长度: 1793
2026-01-09T00:38:10.074+08:00  INFO 18888 --- [carpool] [http-nio-8080-exec-3] c.e.c.c.LogLevelCountController          : 尝试读取日志统计文件...
2026-01-09T00:38:10.074+08:00  INFO 18888 --- [carpool] [http-nio-8080-exec-3] c.e.c.c.LogLevelCountController          : 找到日志统计文件: C:\Users\HS\Desktop\carpool\carpool-b\log_level_count.txt
2026-01-09T00:38:10.074+08:00  INFO 18888 --- [carpool] [http-nio-8080-exec-3] c.e.c.c.LogLevelCountController          : 成功读取日志统计文件，内容长度: 1793
2026-01-09T00:38:10.077+08:00  INFO 18888 --- [carpool] [http-nio-8080-exec-9] c.e.c.c.LogLevelCountController          : 尝试读取日志统计文件...
2026-01-09T00:38:10.077+08:00  INFO 18888 --- [carpool] [http-nio-8080-exec-9] c.e.c.c.LogLevelCountController          : 找到日志统计文件: C:\Users\HS\Desktop\carpool\carpool-b\log_level_count.txt
2026-01-09T00:38:10.077+08:00  INFO 18888 --- [carpool] [http-nio-8080-exec-9] c.e.c.c.LogLevelCountController          : 成功读取日志统计文件，内容长度: 1793
2026-01-09T00:38:10.078+08:00  INFO 18888 --- [carpool] [http-nio-8080-exec-10] c.e.c.c.LogLevelCountController          : 尝试读取日志统计文件...
2026-01-09T00:38:10.079+08:00  INFO 18888 --- [carpool] [http-nio-8080-exec-10] c.e.c.c.LogLevelCountController          : 找到日志统计文件: C:\Users\HS\Desktop\carpool\carpool-b\log_level_count.txt
2026-01-09T00:38:10.079+08:00  INFO 18888 --- [carpool] [http-nio-8080-exec-10] c.e.c.c.LogLevelCountController          : 成功读取日志统计文件，内容长度: 1793
2026-01-09T00:38:11.083+08:00  INFO 18888 --- [carpool] [http-nio-8080-exec-2] c.e.c.c.LogLevelCountController          : 尝试读取日志统计文件...
2026-01-09T00:38:11.083+08:00  INFO 18888 --- [carpool] [http-nio-8080-exec-2] c.e.c.c.LogLevelCountController          : 找到日志统计文件: C:\Users\HS\Desktop\carpool\carpool-b\log_level_count.txt
2026-01-09T00:38:11.093+08:00  INFO 18888 --- [carpool] [http-nio-8080-exec-2] c.e.c.c.LogLevelCountController          : 成功读取日志统计文件，内容长度: 1794
2026-01-09T00:38:11.095+08:00  INFO 18888 --- [carpool] [http-nio-8080-exec-7] c.e.c.c.LogLevelCountController          : 尝试读取日志统计文件...
2026-01-09T00:38:11.095+08:00  INFO 18888 --- [carpool] [http-nio-8080-exec-7] c.e.c.c.LogLevelCountController          : 找到日志统计文件: C:\Users\HS\Desktop\carpool\carpool-b\log_level_count.txt
2026-01-09T00:38:11.095+08:00  INFO 18888 --- [carpool] [http-nio-8080-exec-7] c.e.c.c.LogLevelCountController          : 成功读取日志统计文件，内容长度: 1794
2026-01-09T00:38:11.097+08:00  INFO 18888 --- [carpool] [http-nio-8080-exec-5] c.e.c.c.LogLevelCountController          : 尝试读取日志统计文件...
2026-01-09T00:38:11.097+08:00  INFO 18888 --- [carpool] [http-nio-8080-exec-5] c.e.c.c.LogLevelCountController          : 找到日志统计文件: C:\Users\HS\Desktop\carpool\carpool-b\log_level_count.txt
2026-01-09T00:38:11.097+08:00  INFO 18888 --- [carpool] [http-nio-8080-exec-5] c.e.c.c.LogLevelCountController          : 成功读取日志统计文件，内容长度: 1794
2026-01-09T00:38:12.081+08:00  INFO 18888 --- [carpool] [http-nio-8080-exec-8] c.e.c.c.LogLevelCountController          : 尝试读取日志统计文件...
2026-01-09T00:38:12.082+08:00  INFO 18888 --- [carpool] [http-nio-8080-exec-8] c.e.c.c.LogLevelCountController          : 找到日志统计文件: C:\Users\HS\Desktop\carpool\carpool-b\log_level_count.txt
2026-01-09T00:38:12.095+08:00  INFO 18888 --- [carpool] [http-nio-8080-exec-8] c.e.c.c.LogLevelCountController          : 成功读取日志统计文件，内容长度: 1793
2026-01-09T00:38:12.097+08:00  INFO 18888 --- [carpool] [http-nio-8080-exec-1] c.e.c.c.LogLevelCountController          : 尝试读取日志统计文件...
2026-01-09T00:38:12.098+08:00  INFO 18888 --- [carpool] [http-nio-8080-exec-1] c.e.c.c.LogLevelCountController          : 找到日志统计文件: C:\Users\HS\Desktop\carpool\carpool-b\log_level_count.txt
2026-01-09T00:38:12.098+08:00  INFO 18888 --- [carpool] [http-nio-8080-exec-1] c.e.c.c.LogLevelCountController          : 成功读取日志统计文件，内容长度: 1793
2026-01-09T00:38:12.100+08:00  INFO 18888 --- [carpool] [http-nio-8080-exec-4] c.e.c.c.LogLevelCountController          : 尝试读取日志统计文件...
2026-01-09T00:38:12.100+08:00  INFO 18888 --- [carpool] [http-nio-8080-exec-4] c.e.c.c.LogLevelCountController          : 找到日志统计文件: C:\Users\HS\Desktop\carpool\carpool-b\log_level_count.txt
2026-01-09T00:38:12.100+08:00  INFO 18888 --- [carpool] [http-nio-8080-exec-4] c.e.c.c.LogLevelCountController          : 成功读取日志统计文件，内容长度: 1793
2026-01-09T00:38:13.075+08:00  INFO 18888 --- [carpool] [http-nio-8080-exec-6] c.e.c.c.LogLevelCountController          : 尝试读取日志统计文件...
2026-01-09T00:38:13.075+08:00  INFO 18888 --- [carpool] [http-nio-8080-exec-6] c.e.c.c.LogLevelCountController          : 找到日志统计文件: C:\Users\HS\Desktop\carpool\carpool-b\log_level_count.txt
2026-01-09T00:38:13.085+08:00  INFO 18888 --- [carpool] [http-nio-8080-exec-6] c.e.c.c.LogLevelCountController          : 成功读取日志统计文件，内容长度: 1793
2026-01-09T00:38:13.088+08:00  INFO 18888 --- [carpool] [http-nio-8080-exec-3] c.e.c.c.LogLevelCountController          : 尝试读取日志统计文件...
2026-01-09T00:38:13.088+08:00  INFO 18888 --- [carpool] [http-nio-8080-exec-3] c.e.c.c.LogLevelCountController          : 找到日志统计文件: C:\Users\HS\Desktop\carpool\carpool-b\log_level_count.txt
2026-01-09T00:38:13.088+08:00  INFO 18888 --- [carpool] [http-nio-8080-exec-3] c.e.c.c.LogLevelCountController          : 成功读取日志统计文件，内容长度: 1793
2026-01-09T00:38:13.091+08:00  INFO 18888 --- [carpool] [http-nio-8080-exec-9] c.e.c.c.LogLevelCountController          : 尝试读取日志统计文件...
2026-01-09T00:38:13.091+08:00  INFO 18888 --- [carpool] [http-nio-8080-exec-9] c.e.c.c.LogLevelCountController          : 找到日志统计文件: C:\Users\HS\Desktop\carpool\carpool-b\log_level_count.txt
2026-01-09T00:38:13.091+08:00  INFO 18888 --- [carpool] [http-nio-8080-exec-9] c.e.c.c.LogLevelCountController          : 成功读取日志统计文件，内容长度: 1793
2026-01-09T00:38:14.083+08:00  INFO 18888 --- [carpool] [http-nio-8080-exec-10] c.e.c.c.LogLevelCountController          : 尝试读取日志统计文件...
2026-01-09T00:38:14.083+08:00  INFO 18888 --- [carpool] [http-nio-8080-exec-10] c.e.c.c.LogLevelCountController          : 找到日志统计文件: C:\Users\HS\Desktop\carpool\carpool-b\log_level_count.txt
2026-01-09T00:38:14.094+08:00  INFO 18888 --- [carpool] [http-nio-8080-exec-10] c.e.c.c.LogLevelCountController          : 成功读取日志统计文件，内容长度: 1793
2026-01-09T00:38:14.096+08:00  INFO 18888 --- [carpool] [http-nio-8080-exec-2] c.e.c.c.LogLevelCountController          : 尝试读取日志统计文件...
2026-01-09T00:38:14.096+08:00  INFO 18888 --- [carpool] [http-nio-8080-exec-2] c.e.c.c.LogLevelCountController          : 找到日志统计文件: C:\Users\HS\Desktop\carpool\carpool-b\log_level_count.txt
2026-01-09T00:38:14.096+08:00  INFO 18888 --- [carpool] [http-nio-8080-exec-2] c.e.c.c.LogLevelCountController          : 成功读取日志统计文件，内容长度: 1793
2026-01-09T00:38:14.098+08:00  INFO 18888 --- [carpool] [http-nio-8080-exec-7] c.e.c.c.LogLevelCountController          : 尝试读取日志统计文件...
2026-01-09T00:38:14.098+08:00  INFO 18888 --- [carpool] [http-nio-8080-exec-7] c.e.c.c.LogLevelCountController          : 找到日志统计文件: C:\Users\HS\Desktop\carpool\carpool-b\log_level_count.txt
2026-01-09T00:38:14.098+08:00  INFO 18888 --- [carpool] [http-nio-8080-exec-7] c.e.c.c.LogLevelCountController          : 成功读取日志统计文件，内容长度: 1793
2026-01-09T00:38:15.073+08:00  INFO 18888 --- [carpool] [http-nio-8080-exec-5] c.e.c.c.LogLevelCountController          : 尝试读取日志统计文件...
2026-01-09T00:38:15.073+08:00  INFO 18888 --- [carpool] [http-nio-8080-exec-5] c.e.c.c.LogLevelCountController          : 找到日志统计文件: C:\Users\HS\Desktop\carpool\carpool-b\log_level_count.txt
2026-01-09T00:38:15.073+08:00  INFO 18888 --- [carpool] [http-nio-8080-exec-5] c.e.c.c.LogLevelCountController          : 成功读取日志统计文件，内容长度: 1793
2026-01-09T00:38:15.075+08:00  INFO 18888 --- [carpool] [http-nio-8080-exec-8] c.e.c.c.LogLevelCountController          : 尝试读取日志统计文件...
2026-01-09T00:38:15.075+08:00  INFO 18888 --- [carpool] [http-nio-8080-exec-8] c.e.c.c.LogLevelCountController          : 找到日志统计文件: C:\Users\HS\Desktop\carpool\carpool-b\log_level_count.txt
2026-01-09T00:38:15.075+08:00  INFO 18888 --- [carpool] [http-nio-8080-exec-8] c.e.c.c.LogLevelCountController          : 成功读取日志统计文件，内容长度: 1793
2026-01-09T00:38:15.077+08:00  INFO 18888 --- [carpool] [http-nio-8080-exec-1] c.e.c.c.LogLevelCountController          : 尝试读取日志统计文件...
2026-01-09T00:38:15.077+08:00  INFO 18888 --- [carpool] [http-nio-8080-exec-1] c.e.c.c.LogLevelCountController          : 找到日志统计文件: C:\Users\HS\Desktop\carpool\carpool-b\log_level_count.txt
2026-01-09T00:38:15.078+08:00  INFO 18888 --- [carpool] [http-nio-8080-exec-1] c.e.c.c.LogLevelCountController          : 成功读取日志统计文件，内容长度: 1793
2026-01-09T00:38:16.069+08:00  INFO 18888 --- [carpool] [http-nio-8080-exec-4] c.e.c.c.LogLevelCountController          : 尝试读取日志统计文件...
2026-01-09T00:38:16.069+08:00  INFO 18888 --- [carpool] [http-nio-8080-exec-4] c.e.c.c.LogLevelCountController          : 找到日志统计文件: C:\Users\HS\Desktop\carpool\carpool-b\log_level_count.txt
2026-01-09T00:38:16.079+08:00  INFO 18888 --- [carpool] [http-nio-8080-exec-4] c.e.c.c.LogLevelCountController          : 成功读取日志统计文件，内容长度: 1794
2026-01-09T00:38:16.081+08:00  INFO 18888 --- [carpool] [http-nio-8080-exec-6] c.e.c.c.LogLevelCountController          : 尝试读取日志统计文件...
2026-01-09T00:38:16.081+08:00  INFO 18888 --- [carpool] [http-nio-8080-exec-6] c.e.c.c.LogLevelCountController          : 找到日志统计文件: C:\Users\HS\Desktop\carpool\carpool-b\log_level_count.txt
2026-01-09T00:38:16.081+08:00  INFO 18888 --- [carpool] [http-nio-8080-exec-6] c.e.c.c.LogLevelCountController          : 成功读取日志统计文件，内容长度: 1794
2026-01-09T00:38:16.084+08:00  INFO 18888 --- [carpool] [http-nio-8080-exec-3] c.e.c.c.LogLevelCountController          : 尝试读取日志统计文件...
2026-01-09T00:38:16.084+08:00  INFO 18888 --- [carpool] [http-nio-8080-exec-3] c.e.c.c.LogLevelCountController          : 找到日志统计文件: C:\Users\HS\Desktop\carpool\carpool-b\log_level_count.txt
2026-01-09T00:38:16.084+08:00  INFO 18888 --- [carpool] [http-nio-8080-exec-3] c.e.c.c.LogLevelCountController          : 成功读取日志统计文件，内容长度: 1794
2026-01-09T00:38:17.070+08:00  INFO 18888 --- [carpool] [http-nio-8080-exec-9] c.e.c.c.LogLevelCountController          : 尝试读取日志统计文件...
2026-01-09T00:38:17.070+08:00  INFO 18888 --- [carpool] [http-nio-8080-exec-9] c.e.c.c.LogLevelCountController          : 找到日志统计文件: C:\Users\HS\Desktop\carpool\carpool-b\log_level_count.txt
2026-01-09T00:38:17.082+08:00  INFO 18888 --- [carpool] [http-nio-8080-exec-9] c.e.c.c.LogLevelCountController          : 成功读取日志统计文件，内容长度: 1793
2026-01-09T00:38:17.084+08:00  INFO 18888 --- [carpool] [http-nio-8080-exec-10] c.e.c.c.LogLevelCountController          : 尝试读取日志统计文件...
2026-01-09T00:38:17.084+08:00  INFO 18888 --- [carpool] [http-nio-8080-exec-10] c.e.c.c.LogLevelCountController          : 找到日志统计文件: C:\Users\HS\Desktop\carpool\carpool-b\log_level_count.txt
2026-01-09T00:38:17.084+08:00  INFO 18888 --- [carpool] [http-nio-8080-exec-10] c.e.c.c.LogLevelCountController          : 成功读取日志统计文件，内容长度: 1793
2026-01-09T00:38:17.087+08:00  INFO 18888 --- [carpool] [http-nio-8080-exec-2] c.e.c.c.LogLevelCountController          : 尝试读取日志统计文件...
2026-01-09T00:38:17.087+08:00  INFO 18888 --- [carpool] [http-nio-8080-exec-2] c.e.c.c.LogLevelCountController          : 找到日志统计文件: C:\Users\HS\Desktop\carpool\carpool-b\log_level_count.txt
2026-01-09T00:38:17.088+08:00  INFO 18888 --- [carpool] [http-nio-8080-exec-2] c.e.c.c.LogLevelCountController          : 成功读取日志统计文件，内容长度: 1793
2026-01-09T00:38:18.075+08:00  INFO 18888 --- [carpool] [http-nio-8080-exec-7] c.e.c.c.LogLevelCountController          : 尝试读取日志统计文件...
2026-01-09T00:38:18.075+08:00  INFO 18888 --- [carpool] [http-nio-8080-exec-7] c.e.c.c.LogLevelCountController          : 找到日志统计文件: C:\Users\HS\Desktop\carpool\carpool-b\log_level_count.txt
2026-01-09T00:38:18.089+08:00  INFO 18888 --- [carpool] [http-nio-8080-exec-7] c.e.c.c.LogLevelCountController          : 成功读取日志统计文件，内容长度: 1793
2026-01-09T00:38:18.091+08:00  INFO 18888 --- [carpool] [http-nio-8080-exec-5] c.e.c.c.LogLevelCountController          : 尝试读取日志统计文件...
2026-01-09T00:38:18.092+08:00  INFO 18888 --- [carpool] [http-nio-8080-exec-5] c.e.c.c.LogLevelCountController          : 找到日志统计文件: C:\Users\HS\Desktop\carpool\carpool-b\log_level_count.txt
2026-01-09T00:38:18.092+08:00  INFO 18888 --- [carpool] [http-nio-8080-exec-5] c.e.c.c.LogLevelCountController          : 成功读取日志统计文件，内容长度: 1793
2026-01-09T00:38:18.094+08:00  INFO 18888 --- [carpool] [http-nio-8080-exec-8] c.e.c.c.LogLevelCountController          : 尝试读取日志统计文件...
2026-01-09T00:38:18.094+08:00  INFO 18888 --- [carpool] [http-nio-8080-exec-8] c.e.c.c.LogLevelCountController          : 找到日志统计文件: C:\Users\HS\Desktop\carpool\carpool-b\log_level_count.txt
2026-01-09T00:38:18.094+08:00  INFO 18888 --- [carpool] [http-nio-8080-exec-8] c.e.c.c.LogLevelCountController          : 成功读取日志统计文件，内容长度: 1793
2026-01-09T00:38:19.082+08:00  INFO 18888 --- [carpool] [http-nio-8080-exec-1] c.e.c.c.LogLevelCountController          : 尝试读取日志统计文件...
2026-01-09T00:38:19.082+08:00  INFO 18888 --- [carpool] [http-nio-8080-exec-1] c.e.c.c.LogLevelCountController          : 找到日志统计文件: C:\Users\HS\Desktop\carpool\carpool-b\log_level_count.txt
2026-01-09T00:38:19.091+08:00  INFO 18888 --- [carpool] [http-nio-8080-exec-1] c.e.c.c.LogLevelCountController          : 成功读取日志统计文件，内容长度: 1793
2026-01-09T00:38:19.094+08:00  INFO 18888 --- [carpool] [http-nio-8080-exec-4] c.e.c.c.LogLevelCountController          : 尝试读取日志统计文件...
2026-01-09T00:38:19.095+08:00  INFO 18888 --- [carpool] [http-nio-8080-exec-4] c.e.c.c.LogLevelCountController          : 找到日志统计文件: C:\Users\HS\Desktop\carpool\carpool-b\log_level_count.txt
2026-01-09T00:38:19.095+08:00  INFO 18888 --- [carpool] [http-nio-8080-exec-4] c.e.c.c.LogLevelCountController          : 成功读取日志统计文件，内容长度: 1793
2026-01-09T00:38:19.098+08:00  INFO 18888 --- [carpool] [http-nio-8080-exec-6] c.e.c.c.LogLevelCountController          : 尝试读取日志统计文件...
2026-01-09T00:38:19.098+08:00  INFO 18888 --- [carpool] [http-nio-8080-exec-6] c.e.c.c.LogLevelCountController          : 找到日志统计文件: C:\Users\HS\Desktop\carpool\carpool-b\log_level_count.txt
2026-01-09T00:38:19.099+08:00  INFO 18888 --- [carpool] [http-nio-8080-exec-6] c.e.c.c.LogLevelCountController          : 成功读取日志统计文件，内容长度: 1793
2026-01-09T00:38:20.070+08:00  INFO 18888 --- [carpool] [http-nio-8080-exec-3] c.e.c.c.LogLevelCountController          : 尝试读取日志统计文件...
2026-01-09T00:38:20.070+08:00  INFO 18888 --- [carpool] [http-nio-8080-exec-3] c.e.c.c.LogLevelCountController          : 找到日志统计文件: C:\Users\HS\Desktop\carpool\carpool-b\log_level_count.txt
2026-01-09T00:38:20.071+08:00  INFO 18888 --- [carpool] [http-nio-8080-exec-3] c.e.c.c.LogLevelCountController          : 成功读取日志统计文件，内容长度: 1793
2026-01-09T00:38:20.073+08:00  INFO 18888 --- [carpool] [http-nio-8080-exec-9] c.e.c.c.LogLevelCountController          : 尝试读取日志统计文件...
2026-01-09T00:38:20.073+08:00  INFO 18888 --- [carpool] [http-nio-8080-exec-9] c.e.c.c.LogLevelCountController          : 找到日志统计文件: C:\Users\HS\Desktop\carpool\carpool-b\log_level_count.txt
2026-01-09T00:38:20.073+08:00  INFO 18888 --- [carpool] [http-nio-8080-exec-9] c.e.c.c.LogLevelCountController          : 成功读取日志统计文件，内容长度: 1793
2026-01-09T00:38:20.076+08:00  INFO 18888 --- [carpool] [http-nio-8080-exec-10] c.e.c.c.LogLevelCountController          : 尝试读取日志统计文件...
2026-01-09T00:38:20.076+08:00  INFO 18888 --- [carpool] [http-nio-8080-exec-10] c.e.c.c.LogLevelCountController          : 找到日志统计文件: C:\Users\HS\Desktop\carpool\carpool-b\log_level_count.txt
2026-01-09T00:38:20.076+08:00  INFO 18888 --- [carpool] [http-nio-8080-exec-10] c.e.c.c.LogLevelCountController          : 成功读取日志统计文件，内容长度: 1793
2026-01-09T00:38:21.082+08:00  INFO 18888 --- [carpool] [http-nio-8080-exec-2] c.e.c.c.LogLevelCountController          : 尝试读取日志统计文件...
2026-01-09T00:38:21.082+08:00  INFO 18888 --- [carpool] [http-nio-8080-exec-2] c.e.c.c.LogLevelCountController          : 找到日志统计文件: C:\Users\HS\Desktop\carpool\carpool-b\log_level_count.txt
2026-01-09T00:38:21.094+08:00  INFO 18888 --- [carpool] [http-nio-8080-exec-2] c.e.c.c.LogLevelCountController          : 成功读取日志统计文件，内容长度: 1794
2026-01-09T00:38:21.098+08:00  INFO 18888 --- [carpool] [http-nio-8080-exec-7] c.e.c.c.LogLevelCountController          : 尝试读取日志统计文件...
2026-01-09T00:38:21.098+08:00  INFO 18888 --- [carpool] [http-nio-8080-exec-7] c.e.c.c.LogLevelCountController          : 找到日志统计文件: C:\Users\HS\Desktop\carpool\carpool-b\log_level_count.txt
2026-01-09T00:38:21.099+08:00  INFO 18888 --- [carpool] [http-nio-8080-exec-7] c.e.c.c.LogLevelCountController          : 成功读取日志统计文件，内容长度: 1794
2026-01-09T00:38:22.071+08:00  INFO 18888 --- [carpool] [http-nio-8080-exec-5] c.e.c.c.LogLevelCountController          : 尝试读取日志统计文件...
2026-01-09T00:38:22.071+08:00  INFO 18888 --- [carpool] [http-nio-8080-exec-5] c.e.c.c.LogLevelCountController          : 找到日志统计文件: C:\Users\HS\Desktop\carpool\carpool-b\log_level_count.txt
2026-01-09T00:38:22.081+08:00  INFO 18888 --- [carpool] [http-nio-8080-exec-5] c.e.c.c.LogLevelCountController          : 成功读取日志统计文件，内容长度: 1793
2026-01-09T00:38:22.086+08:00  INFO 18888 --- [carpool] [http-nio-8080-exec-8] c.e.c.c.LogLevelCountController          : 尝试读取日志统计文件...
2026-01-09T00:38:22.086+08:00  INFO 18888 --- [carpool] [http-nio-8080-exec-8] c.e.c.c.LogLevelCountController          : 找到日志统计文件: C:\Users\HS\Desktop\carpool\carpool-b\log_level_count.txt
2026-01-09T00:38:22.086+08:00  INFO 18888 --- [carpool] [http-nio-8080-exec-8] c.e.c.c.LogLevelCountController          : 成功读取日志统计文件，内容长度: 1793
2026-01-09T00:38:23.079+08:00  INFO 18888 --- [carpool] [http-nio-8080-exec-1] c.e.c.c.LogLevelCountController          : 尝试读取日志统计文件...
2026-01-09T00:38:23.079+08:00  INFO 18888 --- [carpool] [http-nio-8080-exec-1] c.e.c.c.LogLevelCountController          : 找到日志统计文件: C:\Users\HS\Desktop\carpool\carpool-b\log_level_count.txt
2026-01-09T00:38:23.090+08:00  INFO 18888 --- [carpool] [http-nio-8080-exec-1] c.e.c.c.LogLevelCountController          : 成功读取日志统计文件，内容长度: 1793
2026-01-09T00:38:23.093+08:00  INFO 18888 --- [carpool] [http-nio-8080-exec-4] c.e.c.c.LogLevelCountController          : 尝试读取日志统计文件...
2026-01-09T00:38:23.094+08:00  INFO 18888 --- [carpool] [http-nio-8080-exec-4] c.e.c.c.LogLevelCountController          : 找到日志统计文件: C:\Users\HS\Desktop\carpool\carpool-b\log_level_count.txt
2026-01-09T00:38:23.094+08:00  INFO 18888 --- [carpool] [http-nio-8080-exec-4] c.e.c.c.LogLevelCountController          : 成功读取日志统计文件，内容长度: 1793
2026-01-09T00:38:24.084+08:00  INFO 18888 --- [carpool] [http-nio-8080-exec-6] c.e.c.c.LogLevelCountController          : 尝试读取日志统计文件...
2026-01-09T00:38:24.084+08:00  INFO 18888 --- [carpool] [http-nio-8080-exec-6] c.e.c.c.LogLevelCountController          : 找到日志统计文件: C:\Users\HS\Desktop\carpool\carpool-b\log_level_count.txt
2026-01-09T00:38:24.084+08:00  INFO 18888 --- [carpool] [http-nio-8080-exec-6] c.e.c.c.LogLevelCountController          : 成功读取日志统计文件，内容长度: 1793
2026-01-09T00:38:24.086+08:00  INFO 18888 --- [carpool] [http-nio-8080-exec-3] c.e.c.c.LogLevelCountController          : 尝试读取日志统计文件...
2026-01-09T00:38:24.087+08:00  INFO 18888 --- [carpool] [http-nio-8080-exec-3] c.e.c.c.LogLevelCountController          : 找到日志统计文件: C:\Users\HS\Desktop\carpool\carpool-b\log_level_count.txt
2026-01-09T00:38:24.087+08:00  INFO 18888 --- [carpool] [http-nio-8080-exec-3] c.e.c.c.LogLevelCountController          : 成功读取日志统计文件，内容长度: 1793
2026-01-09T00:38:25.083+08:00  INFO 18888 --- [carpool] [http-nio-8080-exec-9] c.e.c.c.LogLevelCountController          : 尝试读取日志统计文件...
2026-01-09T00:38:25.083+08:00  INFO 18888 --- [carpool] [http-nio-8080-exec-9] c.e.c.c.LogLevelCountController          : 找到日志统计文件: C:\Users\HS\Desktop\carpool\carpool-b\log_level_count.txt
2026-01-09T00:38:25.100+08:00  INFO 18888 --- [carpool] [http-nio-8080-exec-9] c.e.c.c.LogLevelCountController          : 成功读取日志统计文件，内容长度: 1794
2026-01-09T00:38:26.080+08:00  INFO 18888 --- [carpool] [http-nio-8080-exec-10] c.e.c.c.LogLevelCountController          : 尝试读取日志统计文件...
2026-01-09T00:38:26.080+08:00  INFO 18888 --- [carpool] [http-nio-8080-exec-10] c.e.c.c.LogLevelCountController          : 找到日志统计文件: C:\Users\HS\Desktop\carpool\carpool-b\log_level_count.txt
2026-01-09T00:38:26.092+08:00  INFO 18888 --- [carpool] [http-nio-8080-exec-10] c.e.c.c.LogLevelCountController          : 成功读取日志统计文件，内容长度: 1792
2026-01-09T00:38:26.330+08:00  INFO 18888 --- [carpool] [http-nio-8080-exec-2] c.e.c.c.LogLevelCountController          : 尝试读取日志统计文件...
2026-01-09T00:38:26.331+08:00  INFO 18888 --- [carpool] [http-nio-8080-exec-2] c.e.c.c.LogLevelCountController          : 找到日志统计文件: C:\Users\HS\Desktop\carpool\carpool-b\log_level_count.txt
2026-01-09T00:38:26.331+08:00  INFO 18888 --- [carpool] [http-nio-8080-exec-2] c.e.c.c.LogLevelCountController          : 成功读取日志统计文件，内容长度: 1792
2026-01-09T00:38:26.746+08:00  INFO 18888 --- [carpool] [http-nio-8080-exec-7] c.e.c.c.LogLevelCountController          : 尝试读取日志统计文件...
2026-01-09T00:38:26.747+08:00  INFO 18888 --- [carpool] [http-nio-8080-exec-7] c.e.c.c.LogLevelCountController          : 找到日志统计文件: C:\Users\HS\Desktop\carpool\carpool-b\log_level_count.txt
2026-01-09T00:38:26.760+08:00  INFO 18888 --- [carpool] [http-nio-8080-exec-7] c.e.c.c.LogLevelCountController          : 成功读取日志统计文件，内容长度: 1793
2026-01-09T00:38:27.094+08:00  INFO 18888 --- [carpool] [http-nio-8080-exec-5] c.e.c.c.LogLevelCountController          : 尝试读取日志统计文件...
2026-01-09T00:38:27.094+08:00  INFO 18888 --- [carpool] [http-nio-8080-exec-5] c.e.c.c.LogLevelCountController          : 找到日志统计文件: C:\Users\HS\Desktop\carpool\carpool-b\log_level_count.txt
2026-01-09T00:38:27.094+08:00  INFO 18888 --- [carpool] [http-nio-8080-exec-5] c.e.c.c.LogLevelCountController          : 成功读取日志统计文件，内容长度: 1793
2026-01-09T00:38:27.740+08:00  INFO 18888 --- [carpool] [http-nio-8080-exec-8] c.e.c.c.LogLevelCountController          : 尝试读取日志统计文件...
2026-01-09T00:38:27.740+08:00  INFO 18888 --- [carpool] [http-nio-8080-exec-8] c.e.c.c.LogLevelCountController          : 找到日志统计文件: C:\Users\HS\Desktop\carpool\carpool-b\log_level_count.txt
2026-01-09T00:38:27.741+08:00  INFO 18888 --- [carpool] [http-nio-8080-exec-8] c.e.c.c.LogLevelCountController          : 成功读取日志统计文件，内容长度: 1793
2026-01-09T00:38:28.077+08:00  INFO 18888 --- [carpool] [http-nio-8080-exec-1] c.e.c.c.LogLevelCountController          : 尝试读取日志统计文件...
2026-01-09T00:38:28.078+08:00  INFO 18888 --- [carpool] [http-nio-8080-exec-1] c.e.c.c.LogLevelCountController          : 找到日志统计文件: C:\Users\HS\Desktop\carpool\carpool-b\log_level_count.txt
2026-01-09T00:38:28.091+08:00  INFO 18888 --- [carpool] [http-nio-8080-exec-1] c.e.c.c.LogLevelCountController          : 成功读取日志统计文件，内容长度: 1793
2026-01-09T00:38:28.744+08:00  INFO 18888 --- [carpool] [http-nio-8080-exec-4] c.e.c.c.LogLevelCountController          : 尝试读取日志统计文件...
2026-01-09T00:38:28.744+08:00  INFO 18888 --- [carpool] [http-nio-8080-exec-4] c.e.c.c.LogLevelCountController          : 找到日志统计文件: C:\Users\HS\Desktop\carpool\carpool-b\log_level_count.txt
2026-01-09T00:38:28.744+08:00  INFO 18888 --- [carpool] [http-nio-8080-exec-4] c.e.c.c.LogLevelCountController          : 成功读取日志统计文件，内容长度: 1793
2026-01-09T00:38:29.084+08:00  INFO 18888 --- [carpool] [http-nio-8080-exec-6] c.e.c.c.LogLevelCountController          : 尝试读取日志统计文件...
2026-01-09T00:38:29.084+08:00  INFO 18888 --- [carpool] [http-nio-8080-exec-6] c.e.c.c.LogLevelCountController          : 找到日志统计文件: C:\Users\HS\Desktop\carpool\carpool-b\log_level_count.txt
2026-01-09T00:38:29.084+08:00  INFO 18888 --- [carpool] [http-nio-8080-exec-6] c.e.c.c.LogLevelCountController          : 成功读取日志统计文件，内容长度: 1793
2026-01-09T00:38:29.748+08:00  INFO 18888 --- [carpool] [http-nio-8080-exec-3] c.e.c.c.LogLevelCountController          : 尝试读取日志统计文件...
2026-01-09T00:38:29.748+08:00  INFO 18888 --- [carpool] [http-nio-8080-exec-3] c.e.c.c.LogLevelCountController          : 找到日志统计文件: C:\Users\HS\Desktop\carpool\carpool-b\log_level_count.txt
2026-01-09T00:38:29.757+08:00  INFO 18888 --- [carpool] [http-nio-8080-exec-3] c.e.c.c.LogLevelCountController          : 成功读取日志统计文件，内容长度: 1793
2026-01-09T00:38:30.074+08:00  INFO 18888 --- [carpool] [http-nio-8080-exec-9] c.e.c.c.LogLevelCountController          : 尝试读取日志统计文件...
2026-01-09T00:38:30.074+08:00  INFO 18888 --- [carpool] [http-nio-8080-exec-9] c.e.c.c.LogLevelCountController          : 找到日志统计文件: C:\Users\HS\Desktop\carpool\carpool-b\log_level_count.txt
2026-01-09T00:38:30.075+08:00  INFO 18888 --- [carpool] [http-nio-8080-exec-9] c.e.c.c.LogLevelCountController          : 成功读取日志统计文件，内容长度: 1793
2026-01-09T00:38:30.741+08:00  INFO 18888 --- [carpool] [http-nio-8080-exec-10] c.e.c.c.LogLevelCountController          : 尝试读取日志统计文件...
2026-01-09T00:38:30.741+08:00  INFO 18888 --- [carpool] [http-nio-8080-exec-10] c.e.c.c.LogLevelCountController          : 找到日志统计文件: C:\Users\HS\Desktop\carpool\carpool-b\log_level_count.txt
2026-01-09T00:38:30.753+08:00  INFO 18888 --- [carpool] [http-nio-8080-exec-10] c.e.c.c.LogLevelCountController          : 成功读取日志统计文件，内容长度: 1793
2026-01-09T00:38:31.078+08:00  INFO 18888 --- [carpool] [http-nio-8080-exec-2] c.e.c.c.LogLevelCountController          : 尝试读取日志统计文件...
2026-01-09T00:38:31.078+08:00  INFO 18888 --- [carpool] [http-nio-8080-exec-2] c.e.c.c.LogLevelCountController          : 找到日志统计文件: C:\Users\HS\Desktop\carpool\carpool-b\log_level_count.txt
2026-01-09T00:38:31.078+08:00  INFO 18888 --- [carpool] [http-nio-8080-exec-2] c.e.c.c.LogLevelCountController          : 成功读取日志统计文件，内容长度: 1793
2026-01-09T00:38:31.983+08:00  INFO 18888 --- [carpool] [http-nio-8080-exec-7] c.e.c.c.LogLevelCountController          : 尝试读取日志统计文件...
2026-01-09T00:38:31.983+08:00  INFO 18888 --- [carpool] [http-nio-8080-exec-7] c.e.c.c.LogLevelCountController          : 找到日志统计文件: C:\Users\HS\Desktop\carpool\carpool-b\log_level_count.txt
2026-01-09T00:38:31.999+08:00  INFO 18888 --- [carpool] [http-nio-8080-exec-7] c.e.c.c.LogLevelCountController          : 成功读取日志统计文件，内容长度: 1793
2026-01-09T00:38:32.073+08:00  INFO 18888 --- [carpool] [http-nio-8080-exec-5] c.e.c.c.LogLevelCountController          : 尝试读取日志统计文件...
2026-01-09T00:38:32.073+08:00  INFO 18888 --- [carpool] [http-nio-8080-exec-5] c.e.c.c.LogLevelCountController          : 找到日志统计文件: C:\Users\HS\Desktop\carpool\carpool-b\log_level_count.txt
2026-01-09T00:38:32.074+08:00  INFO 18888 --- [carpool] [http-nio-8080-exec-5] c.e.c.c.LogLevelCountController          : 成功读取日志统计文件，内容长度: 1793
2026-01-09T00:38:32.076+08:00  INFO 18888 --- [carpool] [http-nio-8080-exec-8] c.e.c.c.LogLevelCountController          : 尝试读取日志统计文件...
2026-01-09T00:38:32.076+08:00  INFO 18888 --- [carpool] [http-nio-8080-exec-8] c.e.c.c.LogLevelCountController          : 找到日志统计文件: C:\Users\HS\Desktop\carpool\carpool-b\log_level_count.txt
2026-01-09T00:38:32.076+08:00  INFO 18888 --- [carpool] [http-nio-8080-exec-8] c.e.c.c.LogLevelCountController          : 成功读取日志统计文件，内容长度: 1793
2026-01-09T00:38:33.024+08:00  INFO 18888 --- [carpool] [http-nio-8080-exec-1] c.e.c.c.LogLevelCountController          : 尝试读取日志统计文件...
2026-01-09T00:38:33.025+08:00  INFO 18888 --- [carpool] [http-nio-8080-exec-1] c.e.c.c.LogLevelCountController          : 找到日志统计文件: C:\Users\HS\Desktop\carpool\carpool-b\log_level_count.txt
2026-01-09T00:38:33.025+08:00  INFO 18888 --- [carpool] [http-nio-8080-exec-1] c.e.c.c.LogLevelCountController          : 成功读取日志统计文件，内容长度: 1793
2026-01-09T00:38:33.080+08:00  INFO 18888 --- [carpool] [http-nio-8080-exec-4] c.e.c.c.LogLevelCountController          : 尝试读取日志统计文件...
2026-01-09T00:38:33.080+08:00  INFO 18888 --- [carpool] [http-nio-8080-exec-4] c.e.c.c.LogLevelCountController          : 找到日志统计文件: C:\Users\HS\Desktop\carpool\carpool-b\log_level_count.txt
2026-01-09T00:38:33.081+08:00  INFO 18888 --- [carpool] [http-nio-8080-exec-4] c.e.c.c.LogLevelCountController          : 成功读取日志统计文件，内容长度: 1793
2026-01-09T00:38:34.023+08:00  INFO 18888 --- [carpool] [http-nio-8080-exec-6] c.e.c.c.LogLevelCountController          : 尝试读取日志统计文件...
2026-01-09T00:38:34.024+08:00  INFO 18888 --- [carpool] [http-nio-8080-exec-6] c.e.c.c.LogLevelCountController          : 找到日志统计文件: C:\Users\HS\Desktop\carpool\carpool-b\log_level_count.txt
2026-01-09T00:38:34.034+08:00  INFO 18888 --- [carpool] [http-nio-8080-exec-6] c.e.c.c.LogLevelCountController          : 成功读取日志统计文件，内容长度: 1794
2026-01-09T00:38:34.072+08:00  INFO 18888 --- [carpool] [http-nio-8080-exec-3] c.e.c.c.LogLevelCountController          : 尝试读取日志统计文件...
2026-01-09T00:38:34.072+08:00  INFO 18888 --- [carpool] [http-nio-8080-exec-3] c.e.c.c.LogLevelCountController          : 找到日志统计文件: C:\Users\HS\Desktop\carpool\carpool-b\log_level_count.txt
2026-01-09T00:38:34.072+08:00  INFO 18888 --- [carpool] [http-nio-8080-exec-3] c.e.c.c.LogLevelCountController          : 成功读取日志统计文件，内容长度: 1794
2026-01-09T00:38:35.032+08:00  INFO 18888 --- [carpool] [http-nio-8080-exec-9] c.e.c.c.LogLevelCountController          : 尝试读取日志统计文件...
2026-01-09T00:38:35.032+08:00  INFO 18888 --- [carpool] [http-nio-8080-exec-9] c.e.c.c.LogLevelCountController          : 找到日志统计文件: C:\Users\HS\Desktop\carpool\carpool-b\log_level_count.txt
2026-01-09T00:38:35.043+08:00  INFO 18888 --- [carpool] [http-nio-8080-exec-9] c.e.c.c.LogLevelCountController          : 成功读取日志统计文件，内容长度: 1794
2026-01-09T00:38:35.079+08:00  INFO 18888 --- [carpool] [http-nio-8080-exec-10] c.e.c.c.LogLevelCountController          : 尝试读取日志统计文件...
2026-01-09T00:38:35.079+08:00  INFO 18888 --- [carpool] [http-nio-8080-exec-10] c.e.c.c.LogLevelCountController          : 找到日志统计文件: C:\Users\HS\Desktop\carpool\carpool-b\log_level_count.txt
2026-01-09T00:38:35.080+08:00  INFO 18888 --- [carpool] [http-nio-8080-exec-10] c.e.c.c.LogLevelCountController          : 成功读取日志统计文件，内容长度: 1794
2026-01-09T00:38:36.032+08:00  INFO 18888 --- [carpool] [http-nio-8080-exec-2] c.e.c.c.LogLevelCountController          : 尝试读取日志统计文件...
2026-01-09T00:38:36.033+08:00  INFO 18888 --- [carpool] [http-nio-8080-exec-2] c.e.c.c.LogLevelCountController          : 找到日志统计文件: C:\Users\HS\Desktop\carpool\carpool-b\log_level_count.txt
2026-01-09T00:38:36.043+08:00  INFO 18888 --- [carpool] [http-nio-8080-exec-2] c.e.c.c.LogLevelCountController          : 成功读取日志统计文件，内容长度: 1794
2026-01-09T00:38:36.081+08:00  INFO 18888 --- [carpool] [http-nio-8080-exec-7] c.e.c.c.LogLevelCountController          : 尝试读取日志统计文件...
2026-01-09T00:38:36.081+08:00  INFO 18888 --- [carpool] [http-nio-8080-exec-7] c.e.c.c.LogLevelCountController          : 找到日志统计文件: C:\Users\HS\Desktop\carpool\carpool-b\log_level_count.txt
2026-01-09T00:38:36.082+08:00  INFO 18888 --- [carpool] [http-nio-8080-exec-7] c.e.c.c.LogLevelCountController          : 成功读取日志统计文件，内容长度: 1794
2026-01-09T00:38:37.032+08:00  INFO 18888 --- [carpool] [http-nio-8080-exec-5] c.e.c.c.LogLevelCountController          : 尝试读取日志统计文件...
2026-01-09T00:38:37.032+08:00  INFO 18888 --- [carpool] [http-nio-8080-exec-5] c.e.c.c.LogLevelCountController          : 找到日志统计文件: C:\Users\HS\Desktop\carpool\carpool-b\log_level_count.txt
2026-01-09T00:38:37.032+08:00  INFO 18888 --- [carpool] [http-nio-8080-exec-5] c.e.c.c.LogLevelCountController          : 成功读取日志统计文件，内容长度: 1794
2026-01-09T00:38:37.072+08:00  INFO 18888 --- [carpool] [http-nio-8080-exec-8] c.e.c.c.LogLevelCountController          : 尝试读取日志统计文件...
2026-01-09T00:38:37.072+08:00  INFO 18888 --- [carpool] [http-nio-8080-exec-8] c.e.c.c.LogLevelCountController          : 找到日志统计文件: C:\Users\HS\Desktop\carpool\carpool-b\log_level_count.txt
2026-01-09T00:38:37.073+08:00  INFO 18888 --- [carpool] [http-nio-8080-exec-8] c.e.c.c.LogLevelCountController          : 成功读取日志统计文件，内容长度: 1794
2026-01-09T00:38:38.029+08:00  INFO 18888 --- [carpool] [http-nio-8080-exec-1] c.e.c.c.LogLevelCountController          : 尝试读取日志统计文件...
2026-01-09T00:38:38.030+08:00  INFO 18888 --- [carpool] [http-nio-8080-exec-1] c.e.c.c.LogLevelCountController          : 找到日志统计文件: C:\Users\HS\Desktop\carpool\carpool-b\log_level_count.txt
2026-01-09T00:38:38.041+08:00  INFO 18888 --- [carpool] [http-nio-8080-exec-1] c.e.c.c.LogLevelCountController          : 成功读取日志统计文件，内容长度: 1795
2026-01-09T00:38:38.079+08:00  INFO 18888 --- [carpool] [http-nio-8080-exec-4] c.e.c.c.LogLevelCountController          : 尝试读取日志统计文件...
2026-01-09T00:38:38.079+08:00  INFO 18888 --- [carpool] [http-nio-8080-exec-4] c.e.c.c.LogLevelCountController          : 找到日志统计文件: C:\Users\HS\Desktop\carpool\carpool-b\log_level_count.txt
2026-01-09T00:38:38.079+08:00  INFO 18888 --- [carpool] [http-nio-8080-exec-4] c.e.c.c.LogLevelCountController          : 成功读取日志统计文件，内容长度: 1795
2026-01-09T00:38:39.079+08:00  INFO 18888 --- [carpool] [http-nio-8080-exec-6] c.e.c.c.LogLevelCountController          : 尝试读取日志统计文件...
2026-01-09T00:38:39.079+08:00  INFO 18888 --- [carpool] [http-nio-8080-exec-6] c.e.c.c.LogLevelCountController          : 找到日志统计文件: C:\Users\HS\Desktop\carpool\carpool-b\log_level_count.txt
2026-01-09T00:38:39.093+08:00  INFO 18888 --- [carpool] [http-nio-8080-exec-6] c.e.c.c.LogLevelCountController          : 成功读取日志统计文件，内容长度: 1794
2026-01-09T00:38:39.095+08:00  INFO 18888 --- [carpool] [http-nio-8080-exec-3] c.e.c.c.LogLevelCountController          : 尝试读取日志统计文件...
2026-01-09T00:38:39.096+08:00  INFO 18888 --- [carpool] [http-nio-8080-exec-3] c.e.c.c.LogLevelCountController          : 找到日志统计文件: C:\Users\HS\Desktop\carpool\carpool-b\log_level_count.txt
2026-01-09T00:38:39.096+08:00  INFO 18888 --- [carpool] [http-nio-8080-exec-3] c.e.c.c.LogLevelCountController          : 成功读取日志统计文件，内容长度: 1794
2026-01-09T00:38:40.083+08:00  INFO 18888 --- [carpool] [http-nio-8080-exec-9] c.e.c.c.LogLevelCountController          : 尝试读取日志统计文件...
2026-01-09T00:38:40.083+08:00  INFO 18888 --- [carpool] [http-nio-8080-exec-9] c.e.c.c.LogLevelCountController          : 找到日志统计文件: C:\Users\HS\Desktop\carpool\carpool-b\log_level_count.txt
2026-01-09T00:38:40.097+08:00  INFO 18888 --- [carpool] [http-nio-8080-exec-9] c.e.c.c.LogLevelCountController          : 成功读取日志统计文件，内容长度: 1794
2026-01-09T00:38:40.100+08:00  INFO 18888 --- [carpool] [http-nio-8080-exec-10] c.e.c.c.LogLevelCountController          : 尝试读取日志统计文件...
2026-01-09T00:38:40.101+08:00  INFO 18888 --- [carpool] [http-nio-8080-exec-10] c.e.c.c.LogLevelCountController          : 找到日志统计文件: C:\Users\HS\Desktop\carpool\carpool-b\log_level_count.txt
2026-01-09T00:38:40.101+08:00  INFO 18888 --- [carpool] [http-nio-8080-exec-10] c.e.c.c.LogLevelCountController          : 成功读取日志统计文件，内容长度: 1794
2026-01-09T00:38:41.079+08:00  INFO 18888 --- [carpool] [http-nio-8080-exec-2] c.e.c.c.LogLevelCountController          : 尝试读取日志统计文件...
2026-01-09T00:38:41.079+08:00  INFO 18888 --- [carpool] [http-nio-8080-exec-2] c.e.c.c.LogLevelCountController          : 找到日志统计文件: C:\Users\HS\Desktop\carpool\carpool-b\log_level_count.txt
2026-01-09T00:38:41.091+08:00  INFO 18888 --- [carpool] [http-nio-8080-exec-2] c.e.c.c.LogLevelCountController          : 成功读取日志统计文件，内容长度: 1794
2026-01-09T00:38:41.094+08:00  INFO 18888 --- [carpool] [http-nio-8080-exec-7] c.e.c.c.LogLevelCountController          : 尝试读取日志统计文件...
2026-01-09T00:38:41.094+08:00  INFO 18888 --- [carpool] [http-nio-8080-exec-7] c.e.c.c.LogLevelCountController          : 找到日志统计文件: C:\Users\HS\Desktop\carpool\carpool-b\log_level_count.txt
2026-01-09T00:38:41.094+08:00  INFO 18888 --- [carpool] [http-nio-8080-exec-7] c.e.c.c.LogLevelCountController          : 成功读取日志统计文件，内容长度: 1794
2026-01-09T00:38:42.023+08:00  INFO 18888 --- [carpool] [http-nio-8080-exec-5] c.e.c.c.LogLevelCountController          : 尝试读取日志统计文件...
2026-01-09T00:38:42.023+08:00  INFO 18888 --- [carpool] [http-nio-8080-exec-5] c.e.c.c.LogLevelCountController          : 找到日志统计文件: C:\Users\HS\Desktop\carpool\carpool-b\log_level_count.txt
2026-01-09T00:38:42.024+08:00  INFO 18888 --- [carpool] [http-nio-8080-exec-5] c.e.c.c.LogLevelCountController          : 成功读取日志统计文件，内容长度: 1794
2026-01-09T00:38:42.080+08:00  INFO 18888 --- [carpool] [http-nio-8080-exec-8] c.e.c.c.LogLevelCountController          : 尝试读取日志统计文件...
2026-01-09T00:38:42.081+08:00  INFO 18888 --- [carpool] [http-nio-8080-exec-8] c.e.c.c.LogLevelCountController          : 找到日志统计文件: C:\Users\HS\Desktop\carpool\carpool-b\log_level_count.txt
2026-01-09T00:38:42.081+08:00  INFO 18888 --- [carpool] [http-nio-8080-exec-8] c.e.c.c.LogLevelCountController          : 成功读取日志统计文件，内容长度: 1794
2026-01-09T00:38:43.024+08:00  INFO 18888 --- [carpool] [http-nio-8080-exec-1] c.e.c.c.LogLevelCountController          : 尝试读取日志统计文件...
2026-01-09T00:38:43.024+08:00  INFO 18888 --- [carpool] [http-nio-8080-exec-1] c.e.c.c.LogLevelCountController          : 找到日志统计文件: C:\Users\HS\Desktop\carpool\carpool-b\log_level_count.txt
2026-01-09T00:38:43.034+08:00  INFO 18888 --- [carpool] [http-nio-8080-exec-1] c.e.c.c.LogLevelCountController          : 成功读取日志统计文件，内容长度: 1795
2026-01-09T00:38:43.084+08:00  INFO 18888 --- [carpool] [http-nio-8080-exec-4] c.e.c.c.LogLevelCountController          : 尝试读取日志统计文件...
2026-01-09T00:38:43.084+08:00  INFO 18888 --- [carpool] [http-nio-8080-exec-4] c.e.c.c.LogLevelCountController          : 找到日志统计文件: C:\Users\HS\Desktop\carpool\carpool-b\log_level_count.txt
2026-01-09T00:38:43.085+08:00  INFO 18888 --- [carpool] [http-nio-8080-exec-4] c.e.c.c.LogLevelCountController          : 成功读取日志统计文件，内容长度: 1795
2026-01-09T00:38:44.030+08:00  INFO 18888 --- [carpool] [http-nio-8080-exec-6] c.e.c.c.LogLevelCountController          : 尝试读取日志统计文件...
2026-01-09T00:38:44.030+08:00  INFO 18888 --- [carpool] [http-nio-8080-exec-6] c.e.c.c.LogLevelCountController          : 找到日志统计文件: C:\Users\HS\Desktop\carpool\carpool-b\log_level_count.txt
2026-01-09T00:38:44.040+08:00  INFO 18888 --- [carpool] [http-nio-8080-exec-6] c.e.c.c.LogLevelCountController          : 成功读取日志统计文件，内容长度: 1794
2026-01-09T00:38:44.079+08:00  INFO 18888 --- [carpool] [http-nio-8080-exec-3] c.e.c.c.LogLevelCountController          : 尝试读取日志统计文件...
2026-01-09T00:38:44.079+08:00  INFO 18888 --- [carpool] [http-nio-8080-exec-3] c.e.c.c.LogLevelCountController          : 找到日志统计文件: C:\Users\HS\Desktop\carpool\carpool-b\log_level_count.txt
2026-01-09T00:38:44.079+08:00  INFO 18888 --- [carpool] [http-nio-8080-exec-3] c.e.c.c.LogLevelCountController          : 成功读取日志统计文件，内容长度: 1794
2026-01-09T00:38:45.020+08:00  INFO 18888 --- [carpool] [http-nio-8080-exec-9] c.e.c.c.LogLevelCountController          : 尝试读取日志统计文件...
2026-01-09T00:38:45.021+08:00  INFO 18888 --- [carpool] [http-nio-8080-exec-9] c.e.c.c.LogLevelCountController          : 找到日志统计文件: C:\Users\HS\Desktop\carpool\carpool-b\log_level_count.txt
2026-01-09T00:38:45.031+08:00  INFO 18888 --- [carpool] [http-nio-8080-exec-9] c.e.c.c.LogLevelCountController          : 成功读取日志统计文件，内容长度: 1794
2026-01-09T00:38:45.083+08:00  INFO 18888 --- [carpool] [http-nio-8080-exec-10] c.e.c.c.LogLevelCountController          : 尝试读取日志统计文件...
2026-01-09T00:38:45.083+08:00  INFO 18888 --- [carpool] [http-nio-8080-exec-10] c.e.c.c.LogLevelCountController          : 找到日志统计文件: C:\Users\HS\Desktop\carpool\carpool-b\log_level_count.txt
2026-01-09T00:38:45.083+08:00  INFO 18888 --- [carpool] [http-nio-8080-exec-10] c.e.c.c.LogLevelCountController          : 成功读取日志统计文件，内容长度: 1794
2026-01-09T00:38:46.028+08:00  INFO 18888 --- [carpool] [http-nio-8080-exec-2] c.e.c.c.LogLevelCountController          : 尝试读取日志统计文件...
2026-01-09T00:38:46.030+08:00  INFO 18888 --- [carpool] [http-nio-8080-exec-2] c.e.c.c.LogLevelCountController          : 找到日志统计文件: C:\Users\HS\Desktop\carpool\carpool-b\log_level_count.txt
2026-01-09T00:38:46.030+08:00  INFO 18888 --- [carpool] [http-nio-8080-exec-2] c.e.c.c.LogLevelCountController          : 成功读取日志统计文件，内容长度: 1794
2026-01-09T00:38:46.077+08:00  INFO 18888 --- [carpool] [http-nio-8080-exec-7] c.e.c.c.LogLevelCountController          : 尝试读取日志统计文件...
2026-01-09T00:38:46.077+08:00  INFO 18888 --- [carpool] [http-nio-8080-exec-7] c.e.c.c.LogLevelCountController          : 找到日志统计文件: C:\Users\HS\Desktop\carpool\carpool-b\log_level_count.txt
2026-01-09T00:38:46.078+08:00  INFO 18888 --- [carpool] [http-nio-8080-exec-7] c.e.c.c.LogLevelCountController          : 成功读取日志统计文件，内容长度: 1794
2026-01-09T00:38:47.021+08:00  INFO 18888 --- [carpool] [http-nio-8080-exec-5] c.e.c.c.LogLevelCountController          : 尝试读取日志统计文件...
2026-01-09T00:38:47.021+08:00  INFO 18888 --- [carpool] [http-nio-8080-exec-5] c.e.c.c.LogLevelCountController          : 找到日志统计文件: C:\Users\HS\Desktop\carpool\carpool-b\log_level_count.txt
2026-01-09T00:38:47.033+08:00  INFO 18888 --- [carpool] [http-nio-8080-exec-5] c.e.c.c.LogLevelCountController          : 成功读取日志统计文件，内容长度: 1795
2026-01-09T00:38:47.084+08:00  INFO 18888 --- [carpool] [http-nio-8080-exec-8] c.e.c.c.LogLevelCountController          : 尝试读取日志统计文件...
2026-01-09T00:38:47.084+08:00  INFO 18888 --- [carpool] [http-nio-8080-exec-8] c.e.c.c.LogLevelCountController          : 找到日志统计文件: C:\Users\HS\Desktop\carpool\carpool-b\log_level_count.txt
2026-01-09T00:38:47.084+08:00  INFO 18888 --- [carpool] [http-nio-8080-exec-8] c.e.c.c.LogLevelCountController          : 成功读取日志统计文件，内容长度: 1795
2026-01-09T00:38:48.025+08:00  INFO 18888 --- [carpool] [http-nio-8080-exec-1] c.e.c.c.LogLevelCountController          : 尝试读取日志统计文件...
2026-01-09T00:38:48.025+08:00  INFO 18888 --- [carpool] [http-nio-8080-exec-1] c.e.c.c.LogLevelCountController          : 找到日志统计文件: C:\Users\HS\Desktop\carpool\carpool-b\log_level_count.txt
2026-01-09T00:38:48.038+08:00  INFO 18888 --- [carpool] [http-nio-8080-exec-1] c.e.c.c.LogLevelCountController          : 成功读取日志统计文件，内容长度: 1794
2026-01-09T00:38:48.077+08:00  INFO 18888 --- [carpool] [http-nio-8080-exec-4] c.e.c.c.LogLevelCountController          : 尝试读取日志统计文件...
2026-01-09T00:38:48.077+08:00  INFO 18888 --- [carpool] [http-nio-8080-exec-4] c.e.c.c.LogLevelCountController          : 找到日志统计文件: C:\Users\HS\Desktop\carpool\carpool-b\log_level_count.txt
2026-01-09T00:38:48.078+08:00  INFO 18888 --- [carpool] [http-nio-8080-exec-4] c.e.c.c.LogLevelCountController          : 成功读取日志统计文件，内容长度: 1794
2026-01-09T00:38:49.021+08:00  INFO 18888 --- [carpool] [http-nio-8080-exec-6] c.e.c.c.LogLevelCountController          : 尝试读取日志统计文件...
2026-01-09T00:38:49.021+08:00  INFO 18888 --- [carpool] [http-nio-8080-exec-6] c.e.c.c.LogLevelCountController          : 找到日志统计文件: C:\Users\HS\Desktop\carpool\carpool-b\log_level_count.txt
2026-01-09T00:38:49.033+08:00  INFO 18888 --- [carpool] [http-nio-8080-exec-6] c.e.c.c.LogLevelCountController          : 成功读取日志统计文件，内容长度: 1794
2026-01-09T00:38:49.070+08:00  INFO 18888 --- [carpool] [http-nio-8080-exec-3] c.e.c.c.LogLevelCountController          : 尝试读取日志统计文件...
2026-01-09T00:38:49.071+08:00  INFO 18888 --- [carpool] [http-nio-8080-exec-3] c.e.c.c.LogLevelCountController          : 找到日志统计文件: C:\Users\HS\Desktop\carpool\carpool-b\log_level_count.txt
2026-01-09T00:38:49.071+08:00  INFO 18888 --- [carpool] [http-nio-8080-exec-3] c.e.c.c.LogLevelCountController          : 成功读取日志统计文件，内容长度: 1794
2026-01-09T00:38:50.026+08:00  INFO 18888 --- [carpool] [http-nio-8080-exec-9] c.e.c.c.LogLevelCountController          : 尝试读取日志统计文件...
2026-01-09T00:38:50.027+08:00  INFO 18888 --- [carpool] [http-nio-8080-exec-9] c.e.c.c.LogLevelCountController          : 找到日志统计文件: C:\Users\HS\Desktop\carpool\carpool-b\log_level_count.txt
2026-01-09T00:38:50.027+08:00  INFO 18888 --- [carpool] [http-nio-8080-exec-9] c.e.c.c.LogLevelCountController          : 成功读取日志统计文件，内容长度: 1794
2026-01-09T00:38:50.082+08:00  INFO 18888 --- [carpool] [http-nio-8080-exec-10] c.e.c.c.LogLevelCountController          : 尝试读取日志统计文件...
2026-01-09T00:38:50.083+08:00  INFO 18888 --- [carpool] [http-nio-8080-exec-10] c.e.c.c.LogLevelCountController          : 找到日志统计文件: C:\Users\HS\Desktop\carpool\carpool-b\log_level_count.txt
2026-01-09T00:38:50.083+08:00  INFO 18888 --- [carpool] [http-nio-8080-exec-10] c.e.c.c.LogLevelCountController          : 成功读取日志统计文件，内容长度: 1794
2026-01-09T00:38:51.018+08:00  INFO 18888 --- [carpool] [http-nio-8080-exec-2] c.e.c.c.LogLevelCountController          : 尝试读取日志统计文件...
2026-01-09T00:38:51.019+08:00  INFO 18888 --- [carpool] [http-nio-8080-exec-2] c.e.c.c.LogLevelCountController          : 找到日志统计文件: C:\Users\HS\Desktop\carpool\carpool-b\log_level_count.txt
2026-01-09T00:38:51.029+08:00  INFO 18888 --- [carpool] [http-nio-8080-exec-2] c.e.c.c.LogLevelCountController          : 成功读取日志统计文件，内容长度: 1795
2026-01-09T00:38:51.075+08:00  INFO 18888 --- [carpool] [http-nio-8080-exec-7] c.e.c.c.LogLevelCountController          : 尝试读取日志统计文件...
2026-01-09T00:38:51.075+08:00  INFO 18888 --- [carpool] [http-nio-8080-exec-7] c.e.c.c.LogLevelCountController          : 找到日志统计文件: C:\Users\HS\Desktop\carpool\carpool-b\log_level_count.txt
2026-01-09T00:38:51.076+08:00  INFO 18888 --- [carpool] [http-nio-8080-exec-7] c.e.c.c.LogLevelCountController          : 成功读取日志统计文件，内容长度: 1795
2026-01-09T00:38:52.021+08:00  INFO 18888 --- [carpool] [http-nio-8080-exec-5] c.e.c.c.LogLevelCountController          : 尝试读取日志统计文件...
2026-01-09T00:38:52.022+08:00  INFO 18888 --- [carpool] [http-nio-8080-exec-5] c.e.c.c.LogLevelCountController          : 找到日志统计文件: C:\Users\HS\Desktop\carpool\carpool-b\log_level_count.txt
2026-01-09T00:38:52.032+08:00  INFO 18888 --- [carpool] [http-nio-8080-exec-5] c.e.c.c.LogLevelCountController          : 成功读取日志统计文件，内容长度: 1794
2026-01-09T00:38:52.069+08:00  INFO 18888 --- [carpool] [http-nio-8080-exec-8] c.e.c.c.LogLevelCountController          : 尝试读取日志统计文件...
2026-01-09T00:38:52.069+08:00  INFO 18888 --- [carpool] [http-nio-8080-exec-8] c.e.c.c.LogLevelCountController          : 找到日志统计文件: C:\Users\HS\Desktop\carpool\carpool-b\log_level_count.txt
2026-01-09T00:38:52.069+08:00  INFO 18888 --- [carpool] [http-nio-8080-exec-8] c.e.c.c.LogLevelCountController          : 成功读取日志统计文件，内容长度: 1794
2026-01-09T00:38:53.031+08:00  INFO 18888 --- [carpool] [http-nio-8080-exec-1] c.e.c.c.LogLevelCountController          : 尝试读取日志统计文件...
2026-01-09T00:38:53.032+08:00  INFO 18888 --- [carpool] [http-nio-8080-exec-1] c.e.c.c.LogLevelCountController          : 找到日志统计文件: C:\Users\HS\Desktop\carpool\carpool-b\log_level_count.txt
2026-01-09T00:38:53.042+08:00  INFO 18888 --- [carpool] [http-nio-8080-exec-1] c.e.c.c.LogLevelCountController          : 成功读取日志统计文件，内容长度: 1794
2026-01-09T00:38:53.078+08:00  INFO 18888 --- [carpool] [http-nio-8080-exec-4] c.e.c.c.LogLevelCountController          : 尝试读取日志统计文件...
2026-01-09T00:38:53.079+08:00  INFO 18888 --- [carpool] [http-nio-8080-exec-4] c.e.c.c.LogLevelCountController          : 找到日志统计文件: C:\Users\HS\Desktop\carpool\carpool-b\log_level_count.txt
2026-01-09T00:38:53.079+08:00  INFO 18888 --- [carpool] [http-nio-8080-exec-4] c.e.c.c.LogLevelCountController          : 成功读取日志统计文件，内容长度: 1794
2026-01-09T00:38:54.023+08:00  INFO 18888 --- [carpool] [http-nio-8080-exec-6] c.e.c.c.LogLevelCountController          : 尝试读取日志统计文件...
2026-01-09T00:38:54.023+08:00  INFO 18888 --- [carpool] [http-nio-8080-exec-6] c.e.c.c.LogLevelCountController          : 找到日志统计文件: C:\Users\HS\Desktop\carpool\carpool-b\log_level_count.txt
2026-01-09T00:38:54.023+08:00  INFO 18888 --- [carpool] [http-nio-8080-exec-6] c.e.c.c.LogLevelCountController          : 成功读取日志统计文件，内容长度: 1794
2026-01-09T00:38:54.070+08:00  INFO 18888 --- [carpool] [http-nio-8080-exec-3] c.e.c.c.LogLevelCountController          : 尝试读取日志统计文件...
2026-01-09T00:38:54.070+08:00  INFO 18888 --- [carpool] [http-nio-8080-exec-3] c.e.c.c.LogLevelCountController          : 找到日志统计文件: C:\Users\HS\Desktop\carpool\carpool-b\log_level_count.txt
2026-01-09T00:38:54.080+08:00  INFO 18888 --- [carpool] [http-nio-8080-exec-3] c.e.c.c.LogLevelCountController          : 成功读取日志统计文件，内容长度: 1794
2026-01-09T00:38:55.031+08:00  INFO 18888 --- [carpool] [http-nio-8080-exec-9] c.e.c.c.LogLevelCountController          : 尝试读取日志统计文件...
2026-01-09T00:38:55.031+08:00  INFO 18888 --- [carpool] [http-nio-8080-exec-9] c.e.c.c.LogLevelCountController          : 找到日志统计文件: C:\Users\HS\Desktop\carpool\carpool-b\log_level_count.txt
2026-01-09T00:38:55.032+08:00  INFO 18888 --- [carpool] [http-nio-8080-exec-9] c.e.c.c.LogLevelCountController          : 成功读取日志统计文件，内容长度: 1794
2026-01-09T00:38:55.077+08:00  INFO 18888 --- [carpool] [http-nio-8080-exec-10] c.e.c.c.LogLevelCountController          : 尝试读取日志统计文件...
2026-01-09T00:38:55.078+08:00  INFO 18888 --- [carpool] [http-nio-8080-exec-10] c.e.c.c.LogLevelCountController          : 找到日志统计文件: C:\Users\HS\Desktop\carpool\carpool-b\log_level_count.txt
2026-01-09T00:38:55.078+08:00  INFO 18888 --- [carpool] [http-nio-8080-exec-10] c.e.c.c.LogLevelCountController          : 成功读取日志统计文件，内容长度: 1794
2026-01-09T00:38:56.022+08:00  INFO 18888 --- [carpool] [http-nio-8080-exec-2] c.e.c.c.LogLevelCountController          : 尝试读取日志统计文件...
2026-01-09T00:38:56.023+08:00  INFO 18888 --- [carpool] [http-nio-8080-exec-2] c.e.c.c.LogLevelCountController          : 找到日志统计文件: C:\Users\HS\Desktop\carpool\carpool-b\log_level_count.txt
2026-01-09T00:38:56.034+08:00  INFO 18888 --- [carpool] [http-nio-8080-exec-2] c.e.c.c.LogLevelCountController          : 成功读取日志统计文件，内容长度: 1794
2026-01-09T00:38:56.084+08:00  INFO 18888 --- [carpool] [http-nio-8080-exec-7] c.e.c.c.LogLevelCountController          : 尝试读取日志统计文件...
2026-01-09T00:38:56.085+08:00  INFO 18888 --- [carpool] [http-nio-8080-exec-7] c.e.c.c.LogLevelCountController          : 找到日志统计文件: C:\Users\HS\Desktop\carpool\carpool-b\log_level_count.txt
2026-01-09T00:38:56.085+08:00  INFO 18888 --- [carpool] [http-nio-8080-exec-7] c.e.c.c.LogLevelCountController          : 成功读取日志统计文件，内容长度: 1794
2026-01-09T00:38:57.022+08:00  INFO 18888 --- [carpool] [http-nio-8080-exec-5] c.e.c.c.LogLevelCountController          : 尝试读取日志统计文件...
2026-01-09T00:38:57.022+08:00  INFO 18888 --- [carpool] [http-nio-8080-exec-5] c.e.c.c.LogLevelCountController          : 找到日志统计文件: C:\Users\HS\Desktop\carpool\carpool-b\log_level_count.txt
2026-01-09T00:38:57.034+08:00  INFO 18888 --- [carpool] [http-nio-8080-exec-5] c.e.c.c.LogLevelCountController          : 成功读取日志统计文件，内容长度: 1794
2026-01-09T00:38:57.076+08:00  INFO 18888 --- [carpool] [http-nio-8080-exec-8] c.e.c.c.LogLevelCountController          : 尝试读取日志统计文件...
2026-01-09T00:38:57.077+08:00  INFO 18888 --- [carpool] [http-nio-8080-exec-8] c.e.c.c.LogLevelCountController          : 找到日志统计文件: C:\Users\HS\Desktop\carpool\carpool-b\log_level_count.txt
2026-01-09T00:38:57.077+08:00  INFO 18888 --- [carpool] [http-nio-8080-exec-8] c.e.c.c.LogLevelCountController          : 成功读取日志统计文件，内容长度: 1794
2026-01-09T00:38:58.026+08:00  INFO 18888 --- [carpool] [http-nio-8080-exec-1] c.e.c.c.LogLevelCountController          : 尝试读取日志统计文件...
2026-01-09T00:38:58.026+08:00  INFO 18888 --- [carpool] [http-nio-8080-exec-1] c.e.c.c.LogLevelCountController          : 找到日志统计文件: C:\Users\HS\Desktop\carpool\carpool-b\log_level_count.txt
2026-01-09T00:38:58.036+08:00  INFO 18888 --- [carpool] [http-nio-8080-exec-1] c.e.c.c.LogLevelCountController          : 成功读取日志统计文件，内容长度: 1794
2026-01-09T00:38:58.072+08:00  INFO 18888 --- [carpool] [http-nio-8080-exec-4] c.e.c.c.LogLevelCountController          : 尝试读取日志统计文件...
2026-01-09T00:38:58.073+08:00  INFO 18888 --- [carpool] [http-nio-8080-exec-4] c.e.c.c.LogLevelCountController          : 找到日志统计文件: C:\Users\HS\Desktop\carpool\carpool-b\log_level_count.txt
2026-01-09T00:38:58.073+08:00  INFO 18888 --- [carpool] [http-nio-8080-exec-4] c.e.c.c.LogLevelCountController          : 成功读取日志统计文件，内容长度: 1794
2026-01-09T00:38:59.020+08:00  INFO 18888 --- [carpool] [http-nio-8080-exec-6] c.e.c.c.LogLevelCountController          : 尝试读取日志统计文件...
2026-01-09T00:38:59.020+08:00  INFO 18888 --- [carpool] [http-nio-8080-exec-6] c.e.c.c.LogLevelCountController          : 找到日志统计文件: C:\Users\HS\Desktop\carpool\carpool-b\log_level_count.txt
2026-01-09T00:38:59.020+08:00  INFO 18888 --- [carpool] [http-nio-8080-exec-6] c.e.c.c.LogLevelCountController          : 成功读取日志统计文件，内容长度: 1794
2026-01-09T00:38:59.082+08:00  INFO 18888 --- [carpool] [http-nio-8080-exec-3] c.e.c.c.LogLevelCountController          : 尝试读取日志统计文件...
2026-01-09T00:38:59.082+08:00  INFO 18888 --- [carpool] [http-nio-8080-exec-3] c.e.c.c.LogLevelCountController          : 找到日志统计文件: C:\Users\HS\Desktop\carpool\carpool-b\log_level_count.txt
2026-01-09T00:38:59.082+08:00  INFO 18888 --- [carpool] [http-nio-8080-exec-3] c.e.c.c.LogLevelCountController          : 成功读取日志统计文件，内容长度: 1794
2026-01-09T00:39:00.028+08:00  INFO 18888 --- [carpool] [http-nio-8080-exec-9] c.e.c.c.LogLevelCountController          : 尝试读取日志统计文件...
2026-01-09T00:39:00.028+08:00  INFO 18888 --- [carpool] [http-nio-8080-exec-9] c.e.c.c.LogLevelCountController          : 找到日志统计文件: C:\Users\HS\Desktop\carpool\carpool-b\log_level_count.txt
2026-01-09T00:39:00.039+08:00  INFO 18888 --- [carpool] [http-nio-8080-exec-9] c.e.c.c.LogLevelCountController          : 成功读取日志统计文件，内容长度: 1795
2026-01-09T00:39:00.076+08:00  INFO 18888 --- [carpool] [http-nio-8080-exec-10] c.e.c.c.LogLevelCountController          : 尝试读取日志统计文件...
2026-01-09T00:39:00.076+08:00  INFO 18888 --- [carpool] [http-nio-8080-exec-10] c.e.c.c.LogLevelCountController          : 找到日志统计文件: C:\Users\HS\Desktop\carpool\carpool-b\log_level_count.txt
2026-01-09T00:39:00.077+08:00  INFO 18888 --- [carpool] [http-nio-8080-exec-10] c.e.c.c.LogLevelCountController          : 成功读取日志统计文件，内容长度: 1795
2026-01-09T00:39:01.019+08:00  INFO 18888 --- [carpool] [http-nio-8080-exec-2] c.e.c.c.LogLevelCountController          : 尝试读取日志统计文件...
2026-01-09T00:39:01.019+08:00  INFO 18888 --- [carpool] [http-nio-8080-exec-2] c.e.c.c.LogLevelCountController          : 找到日志统计文件: C:\Users\HS\Desktop\carpool\carpool-b\log_level_count.txt
2026-01-09T00:39:01.031+08:00  INFO 18888 --- [carpool] [http-nio-8080-exec-2] c.e.c.c.LogLevelCountController          : 成功读取日志统计文件，内容长度: 1794
2026-01-09T00:39:01.081+08:00  INFO 18888 --- [carpool] [http-nio-8080-exec-7] c.e.c.c.LogLevelCountController          : 尝试读取日志统计文件...
2026-01-09T00:39:01.081+08:00  INFO 18888 --- [carpool] [http-nio-8080-exec-7] c.e.c.c.LogLevelCountController          : 找到日志统计文件: C:\Users\HS\Desktop\carpool\carpool-b\log_level_count.txt
2026-01-09T00:39:01.082+08:00  INFO 18888 --- [carpool] [http-nio-8080-exec-7] c.e.c.c.LogLevelCountController          : 成功读取日志统计文件，内容长度: 1794
2026-01-09T00:39:02.032+08:00  INFO 18888 --- [carpool] [http-nio-8080-exec-5] c.e.c.c.LogLevelCountController          : 尝试读取日志统计文件...
2026-01-09T00:39:02.032+08:00  INFO 18888 --- [carpool] [http-nio-8080-exec-5] c.e.c.c.LogLevelCountController          : 找到日志统计文件: C:\Users\HS\Desktop\carpool\carpool-b\log_level_count.txt
2026-01-09T00:39:02.044+08:00  INFO 18888 --- [carpool] [http-nio-8080-exec-5] c.e.c.c.LogLevelCountController          : 成功读取日志统计文件，内容长度: 1794
2026-01-09T00:39:03.023+08:00  INFO 18888 --- [carpool] [http-nio-8080-exec-8] c.e.c.c.LogLevelCountController          : 尝试读取日志统计文件...
2026-01-09T00:39:03.023+08:00  INFO 18888 --- [carpool] [http-nio-8080-exec-8] c.e.c.c.LogLevelCountController          : 找到日志统计文件: C:\Users\HS\Desktop\carpool\carpool-b\log_level_count.txt
2026-01-09T00:39:03.023+08:00  INFO 18888 --- [carpool] [http-nio-8080-exec-8] c.e.c.c.LogLevelCountController          : 成功读取日志统计文件，内容长度: 1794
2026-01-09T00:39:04.030+08:00  INFO 18888 --- [carpool] [http-nio-8080-exec-1] c.e.c.c.LogLevelCountController          : 尝试读取日志统计文件...
2026-01-09T00:39:04.030+08:00  INFO 18888 --- [carpool] [http-nio-8080-exec-1] c.e.c.c.LogLevelCountController          : 找到日志统计文件: C:\Users\HS\Desktop\carpool\carpool-b\log_level_count.txt
2026-01-09T00:39:04.041+08:00  INFO 18888 --- [carpool] [http-nio-8080-exec-1] c.e.c.c.LogLevelCountController          : 成功读取日志统计文件，内容长度: 1794
2026-01-09T00:39:05.018+08:00  INFO 18888 --- [carpool] [http-nio-8080-exec-4] c.e.c.c.LogLevelCountController          : 尝试读取日志统计文件...
2026-01-09T00:39:05.019+08:00  INFO 18888 --- [carpool] [http-nio-8080-exec-4] c.e.c.c.LogLevelCountController          : 找到日志统计文件: C:\Users\HS\Desktop\carpool\carpool-b\log_level_count.txt
2026-01-09T00:39:05.030+08:00  INFO 18888 --- [carpool] [http-nio-8080-exec-4] c.e.c.c.LogLevelCountController          : 成功读取日志统计文件，内容长度: 1793
2026-01-09T00:39:06.018+08:00  INFO 18888 --- [carpool] [http-nio-8080-exec-6] c.e.c.c.LogLevelCountController          : 尝试读取日志统计文件...
2026-01-09T00:39:06.018+08:00  INFO 18888 --- [carpool] [http-nio-8080-exec-6] c.e.c.c.LogLevelCountController          : 找到日志统计文件: C:\Users\HS\Desktop\carpool\carpool-b\log_level_count.txt
2026-01-09T00:39:06.030+08:00  INFO 18888 --- [carpool] [http-nio-8080-exec-6] c.e.c.c.LogLevelCountController          : 成功读取日志统计文件，内容长度: 1793
2026-01-09T00:39:07.025+08:00  INFO 18888 --- [carpool] [http-nio-8080-exec-3] c.e.c.c.LogLevelCountController          : 尝试读取日志统计文件...
2026-01-09T00:39:07.025+08:00  INFO 18888 --- [carpool] [http-nio-8080-exec-3] c.e.c.c.LogLevelCountController          : 找到日志统计文件: C:\Users\HS\Desktop\carpool\carpool-b\log_level_count.txt
2026-01-09T00:39:07.035+08:00  INFO 18888 --- [carpool] [http-nio-8080-exec-3] c.e.c.c.LogLevelCountController          : 成功读取日志统计文件，内容长度: 1793
2026-01-09T00:39:08.019+08:00  INFO 18888 --- [carpool] [http-nio-8080-exec-9] c.e.c.c.LogLevelCountController          : 尝试读取日志统计文件...
2026-01-09T00:39:08.019+08:00  INFO 18888 --- [carpool] [http-nio-8080-exec-9] c.e.c.c.LogLevelCountController          : 找到日志统计文件: C:\Users\HS\Desktop\carpool\carpool-b\log_level_count.txt
2026-01-09T00:39:08.019+08:00  INFO 18888 --- [carpool] [http-nio-8080-exec-9] c.e.c.c.LogLevelCountController          : 成功读取日志统计文件，内容长度: 1793
2026-01-09T00:39:08.401+08:00  INFO 18888 --- [carpool] [http-nio-8080-exec-10] c.e.c.c.LogLevelCountController          : 尝试读取日志统计文件...
2026-01-09T00:39:08.402+08:00  INFO 18888 --- [carpool] [http-nio-8080-exec-10] c.e.c.c.LogLevelCountController          : 找到日志统计文件: C:\Users\HS\Desktop\carpool\carpool-b\log_level_count.txt
2026-01-09T00:39:08.416+08:00  INFO 18888 --- [carpool] [http-nio-8080-exec-10] c.e.c.c.LogLevelCountController          : 成功读取日志统计文件，内容长度: 1794
2026-01-09T00:39:09.436+08:00  INFO 18888 --- [carpool] [http-nio-8080-exec-2] c.e.c.c.LogLevelCountController          : 尝试读取日志统计文件...
2026-01-09T00:39:09.436+08:00  INFO 18888 --- [carpool] [http-nio-8080-exec-2] c.e.c.c.LogLevelCountController          : 找到日志统计文件: C:\Users\HS\Desktop\carpool\carpool-b\log_level_count.txt
2026-01-09T00:39:09.436+08:00  INFO 18888 --- [carpool] [http-nio-8080-exec-2] c.e.c.c.LogLevelCountController          : 成功读取日志统计文件，内容长度: 1794
2026-01-09T00:39:10.449+08:00  INFO 18888 --- [carpool] [http-nio-8080-exec-7] c.e.c.c.LogLevelCountController          : 尝试读取日志统计文件...
2026-01-09T00:39:10.450+08:00  INFO 18888 --- [carpool] [http-nio-8080-exec-7] c.e.c.c.LogLevelCountController          : 找到日志统计文件: C:\Users\HS\Desktop\carpool\carpool-b\log_level_count.txt
2026-01-09T00:39:10.463+08:00  INFO 18888 --- [carpool] [http-nio-8080-exec-7] c.e.c.c.LogLevelCountController          : 成功读取日志统计文件，内容长度: 1794
2026-01-09T00:39:11.438+08:00  INFO 18888 --- [carpool] [http-nio-8080-exec-5] c.e.c.c.LogLevelCountController          : 尝试读取日志统计文件...
2026-01-09T00:39:11.439+08:00  INFO 18888 --- [carpool] [http-nio-8080-exec-5] c.e.c.c.LogLevelCountController          : 找到日志统计文件: C:\Users\HS\Desktop\carpool\carpool-b\log_level_count.txt
2026-01-09T00:39:11.452+08:00  INFO 18888 --- [carpool] [http-nio-8080-exec-5] c.e.c.c.LogLevelCountController          : 成功读取日志统计文件，内容长度: 1793
2026-01-09T00:39:12.447+08:00  INFO 18888 --- [carpool] [http-nio-8080-exec-8] c.e.c.c.LogLevelCountController          : 尝试读取日志统计文件...
2026-01-09T00:39:12.447+08:00  INFO 18888 --- [carpool] [http-nio-8080-exec-8] c.e.c.c.LogLevelCountController          : 找到日志统计文件: C:\Users\HS\Desktop\carpool\carpool-b\log_level_count.txt
2026-01-09T00:39:12.458+08:00  INFO 18888 --- [carpool] [http-nio-8080-exec-8] c.e.c.c.LogLevelCountController          : 成功读取日志统计文件，内容长度: 1793
2026-01-09T00:39:13.452+08:00  INFO 18888 --- [carpool] [http-nio-8080-exec-1] c.e.c.c.LogLevelCountController          : 尝试读取日志统计文件...
2026-01-09T00:39:13.453+08:00  INFO 18888 --- [carpool] [http-nio-8080-exec-1] c.e.c.c.LogLevelCountController          : 找到日志统计文件: C:\Users\HS\Desktop\carpool\carpool-b\log_level_count.txt
2026-01-09T00:39:13.462+08:00  INFO 18888 --- [carpool] [http-nio-8080-exec-1] c.e.c.c.LogLevelCountController          : 成功读取日志统计文件，内容长度: 1793
2026-01-09T00:39:14.438+08:00  INFO 18888 --- [carpool] [http-nio-8080-exec-4] c.e.c.c.LogLevelCountController          : 尝试读取日志统计文件...
2026-01-09T00:39:14.438+08:00  INFO 18888 --- [carpool] [http-nio-8080-exec-4] c.e.c.c.LogLevelCountController          : 找到日志统计文件: C:\Users\HS\Desktop\carpool\carpool-b\log_level_count.txt
2026-01-09T00:39:14.438+08:00  INFO 18888 --- [carpool] [http-nio-8080-exec-4] c.e.c.c.LogLevelCountController          : 成功读取日志统计文件，内容长度: 1793
2026-01-09T00:39:15.438+08:00  INFO 18888 --- [carpool] [http-nio-8080-exec-6] c.e.c.c.LogLevelCountController          : 尝试读取日志统计文件...
2026-01-09T00:39:15.439+08:00  INFO 18888 --- [carpool] [http-nio-8080-exec-6] c.e.c.c.LogLevelCountController          : 找到日志统计文件: C:\Users\HS\Desktop\carpool\carpool-b\log_level_count.txt
2026-01-09T00:39:15.452+08:00  INFO 18888 --- [carpool] [http-nio-8080-exec-6] c.e.c.c.LogLevelCountController          : 成功读取日志统计文件，内容长度: 1794
2026-01-09T00:39:16.437+08:00  INFO 18888 --- [carpool] [http-nio-8080-exec-3] c.e.c.c.LogLevelCountController          : 尝试读取日志统计文件...
2026-01-09T00:39:16.438+08:00  INFO 18888 --- [carpool] [http-nio-8080-exec-3] c.e.c.c.LogLevelCountController          : 找到日志统计文件: C:\Users\HS\Desktop\carpool\carpool-b\log_level_count.txt
2026-01-09T00:39:16.448+08:00  INFO 18888 --- [carpool] [http-nio-8080-exec-3] c.e.c.c.LogLevelCountController          : 成功读取日志统计文件，内容长度: 1793
2026-01-09T00:39:17.443+08:00  INFO 18888 --- [carpool] [http-nio-8080-exec-9] c.e.c.c.LogLevelCountController          : 尝试读取日志统计文件...
2026-01-09T00:39:17.443+08:00  INFO 18888 --- [carpool] [http-nio-8080-exec-9] c.e.c.c.LogLevelCountController          : 找到日志统计文件: C:\Users\HS\Desktop\carpool\carpool-b\log_level_count.txt
2026-01-09T00:39:17.454+08:00  INFO 18888 --- [carpool] [http-nio-8080-exec-9] c.e.c.c.LogLevelCountController          : 成功读取日志统计文件，内容长度: 1793
2026-01-09T00:39:18.439+08:00  INFO 18888 --- [carpool] [http-nio-8080-exec-10] c.e.c.c.LogLevelCountController          : 尝试读取日志统计文件...
2026-01-09T00:39:18.439+08:00  INFO 18888 --- [carpool] [http-nio-8080-exec-10] c.e.c.c.LogLevelCountController          : 找到日志统计文件: C:\Users\HS\Desktop\carpool\carpool-b\log_level_count.txt
2026-01-09T00:39:18.440+08:00  INFO 18888 --- [carpool] [http-nio-8080-exec-10] c.e.c.c.LogLevelCountController          : 成功读取日志统计文件，内容长度: 1793
2026-01-09T00:39:19.438+08:00  INFO 18888 --- [carpool] [http-nio-8080-exec-2] c.e.c.c.LogLevelCountController          : 尝试读取日志统计文件...
2026-01-09T00:39:19.438+08:00  INFO 18888 --- [carpool] [http-nio-8080-exec-2] c.e.c.c.LogLevelCountController          : 找到日志统计文件: C:\Users\HS\Desktop\carpool\carpool-b\log_level_count.txt
2026-01-09T00:39:19.453+08:00  INFO 18888 --- [carpool] [http-nio-8080-exec-2] c.e.c.c.LogLevelCountController          : 成功读取日志统计文件，内容长度: 1794
2026-01-09T00:39:20.436+08:00  INFO 18888 --- [carpool] [http-nio-8080-exec-7] c.e.c.c.LogLevelCountController          : 尝试读取日志统计文件...
2026-01-09T00:39:20.436+08:00  INFO 18888 --- [carpool] [http-nio-8080-exec-7] c.e.c.c.LogLevelCountController          : 找到日志统计文件: C:\Users\HS\Desktop\carpool\carpool-b\log_level_count.txt
2026-01-09T00:39:20.448+08:00  INFO 18888 --- [carpool] [http-nio-8080-exec-7] c.e.c.c.LogLevelCountController          : 成功读取日志统计文件，内容长度: 1793
2026-01-09T00:39:21.451+08:00  INFO 18888 --- [carpool] [http-nio-8080-exec-5] c.e.c.c.LogLevelCountController          : 尝试读取日志统计文件...
2026-01-09T00:39:21.451+08:00  INFO 18888 --- [carpool] [http-nio-8080-exec-5] c.e.c.c.LogLevelCountController          : 找到日志统计文件: C:\Users\HS\Desktop\carpool\carpool-b\log_level_count.txt
2026-01-09T00:39:21.462+08:00  INFO 18888 --- [carpool] [http-nio-8080-exec-5] c.e.c.c.LogLevelCountController          : 成功读取日志统计文件，内容长度: 1793
2026-01-09T00:39:22.435+08:00  INFO 18888 --- [carpool] [http-nio-8080-exec-8] c.e.c.c.LogLevelCountController          : 尝试读取日志统计文件...
2026-01-09T00:39:22.435+08:00  INFO 18888 --- [carpool] [http-nio-8080-exec-8] c.e.c.c.LogLevelCountController          : 找到日志统计文件: C:\Users\HS\Desktop\carpool\carpool-b\log_level_count.txt
2026-01-09T00:39:22.435+08:00  INFO 18888 --- [carpool] [http-nio-8080-exec-8] c.e.c.c.LogLevelCountController          : 成功读取日志统计文件，内容长度: 1793
2026-01-09T00:39:23.443+08:00  INFO 18888 --- [carpool] [http-nio-8080-exec-1] c.e.c.c.LogLevelCountController          : 尝试读取日志统计文件...
2026-01-09T00:39:23.443+08:00  INFO 18888 --- [carpool] [http-nio-8080-exec-1] c.e.c.c.LogLevelCountController          : 找到日志统计文件: C:\Users\HS\Desktop\carpool\carpool-b\log_level_count.txt
2026-01-09T00:39:23.456+08:00  INFO 18888 --- [carpool] [http-nio-8080-exec-1] c.e.c.c.LogLevelCountController          : 成功读取日志统计文件，内容长度: 1794
2026-01-09T00:39:23.738+08:00  INFO 18888 --- [carpool] [http-nio-8080-exec-4] c.e.c.c.LogLevelCountController          : 尝试读取日志统计文件...
2026-01-09T00:39:23.739+08:00  INFO 18888 --- [carpool] [http-nio-8080-exec-4] c.e.c.c.LogLevelCountController          : 找到日志统计文件: C:\Users\HS\Desktop\carpool\carpool-b\log_level_count.txt
2026-01-09T00:39:23.739+08:00  INFO 18888 --- [carpool] [http-nio-8080-exec-4] c.e.c.c.LogLevelCountController          : 成功读取日志统计文件，内容长度: 1794
2026-01-09T00:39:23.810+08:00  INFO 18888 --- [carpool] [http-nio-8080-exec-6] c.e.c.c.LogLevelCountController          : 尝试读取日志统计文件...
2026-01-09T00:39:23.810+08:00  INFO 18888 --- [carpool] [http-nio-8080-exec-6] c.e.c.c.LogLevelCountController          : 找到日志统计文件: C:\Users\HS\Desktop\carpool\carpool-b\log_level_count.txt
2026-01-09T00:39:23.822+08:00  INFO 18888 --- [carpool] [http-nio-8080-exec-6] c.e.c.c.LogLevelCountController          : 成功读取日志统计文件，内容长度: 1794
2026-01-09T00:39:24.773+08:00  INFO 18888 --- [carpool] [http-nio-8080-exec-3] c.e.c.c.LogLevelCountController          : 尝试读取日志统计文件...
2026-01-09T00:39:24.774+08:00  INFO 18888 --- [carpool] [http-nio-8080-exec-3] c.e.c.c.LogLevelCountController          : 找到日志统计文件: C:\Users\HS\Desktop\carpool\carpool-b\log_level_count.txt
2026-01-09T00:39:24.774+08:00  INFO 18888 --- [carpool] [http-nio-8080-exec-3] c.e.c.c.LogLevelCountController          : 成功读取日志统计文件，内容长度: 1794
2026-01-09T00:39:25.072+08:00  INFO 18888 --- [carpool] [http-nio-8080-exec-9] c.e.c.c.LogLevelCountController          : 尝试读取日志统计文件...
2026-01-09T00:39:25.072+08:00  INFO 18888 --- [carpool] [http-nio-8080-exec-9] c.e.c.c.LogLevelCountController          : 找到日志统计文件: C:\Users\HS\Desktop\carpool\carpool-b\log_level_count.txt
2026-01-09T00:39:25.072+08:00  INFO 18888 --- [carpool] [http-nio-8080-exec-9] c.e.c.c.LogLevelCountController          : 成功读取日志统计文件，内容长度: 1794
2026-01-09T00:39:25.772+08:00  INFO 18888 --- [carpool] [http-nio-8080-exec-10] c.e.c.c.LogLevelCountController          : 尝试读取日志统计文件...
2026-01-09T00:39:25.772+08:00  INFO 18888 --- [carpool] [http-nio-8080-exec-10] c.e.c.c.LogLevelCountController          : 找到日志统计文件: C:\Users\HS\Desktop\carpool\carpool-b\log_level_count.txt
2026-01-09T00:39:25.784+08:00  INFO 18888 --- [carpool] [http-nio-8080-exec-10] c.e.c.c.LogLevelCountController          : 成功读取日志统计文件，内容长度: 1794
2026-01-09T00:39:26.083+08:00  INFO 18888 --- [carpool] [http-nio-8080-exec-2] c.e.c.c.LogLevelCountController          : 尝试读取日志统计文件...
2026-01-09T00:39:26.083+08:00  INFO 18888 --- [carpool] [http-nio-8080-exec-2] c.e.c.c.LogLevelCountController          : 找到日志统计文件: C:\Users\HS\Desktop\carpool\carpool-b\log_level_count.txt
2026-01-09T00:39:26.083+08:00  INFO 18888 --- [carpool] [http-nio-8080-exec-2] c.e.c.c.LogLevelCountController          : 成功读取日志统计文件，内容长度: 1794
2026-01-09T00:39:26.768+08:00  INFO 18888 --- [carpool] [http-nio-8080-exec-7] c.e.c.c.LogLevelCountController          : 尝试读取日志统计文件...
2026-01-09T00:39:26.768+08:00  INFO 18888 --- [carpool] [http-nio-8080-exec-7] c.e.c.c.LogLevelCountController          : 找到日志统计文件: C:\Users\HS\Desktop\carpool\carpool-b\log_level_count.txt
2026-01-09T00:39:26.780+08:00  INFO 18888 --- [carpool] [http-nio-8080-exec-7] c.e.c.c.LogLevelCountController          : 成功读取日志统计文件，内容长度: 1794
2026-01-09T00:39:27.079+08:00  INFO 18888 --- [carpool] [http-nio-8080-exec-5] c.e.c.c.LogLevelCountController          : 尝试读取日志统计文件...
2026-01-09T00:39:27.079+08:00  INFO 18888 --- [carpool] [http-nio-8080-exec-5] c.e.c.c.LogLevelCountController          : 找到日志统计文件: C:\Users\HS\Desktop\carpool\carpool-b\log_level_count.txt
2026-01-09T00:39:27.079+08:00  INFO 18888 --- [carpool] [http-nio-8080-exec-5] c.e.c.c.LogLevelCountController          : 成功读取日志统计文件，内容长度: 1794
2026-01-09T00:39:27.777+08:00  INFO 18888 --- [carpool] [http-nio-8080-exec-8] c.e.c.c.LogLevelCountController          : 尝试读取日志统计文件...
2026-01-09T00:39:27.777+08:00  INFO 18888 --- [carpool] [http-nio-8080-exec-8] c.e.c.c.LogLevelCountController          : 找到日志统计文件: C:\Users\HS\Desktop\carpool\carpool-b\log_level_count.txt
2026-01-09T00:39:27.787+08:00  INFO 18888 --- [carpool] [http-nio-8080-exec-8] c.e.c.c.LogLevelCountController          : 成功读取日志统计文件，内容长度: 1794
2026-01-09T00:39:28.077+08:00  INFO 18888 --- [carpool] [http-nio-8080-exec-1] c.e.c.c.LogLevelCountController          : 尝试读取日志统计文件...
2026-01-09T00:39:28.078+08:00  INFO 18888 --- [carpool] [http-nio-8080-exec-1] c.e.c.c.LogLevelCountController          : 找到日志统计文件: C:\Users\HS\Desktop\carpool\carpool-b\log_level_count.txt
2026-01-09T00:39:28.078+08:00  INFO 18888 --- [carpool] [http-nio-8080-exec-1] c.e.c.c.LogLevelCountController          : 成功读取日志统计文件，内容长度: 1794
2026-01-09T00:39:28.772+08:00  INFO 18888 --- [carpool] [http-nio-8080-exec-4] c.e.c.c.LogLevelCountController          : 尝试读取日志统计文件...
2026-01-09T00:39:28.773+08:00  INFO 18888 --- [carpool] [http-nio-8080-exec-4] c.e.c.c.LogLevelCountController          : 找到日志统计文件: C:\Users\HS\Desktop\carpool\carpool-b\log_level_count.txt
2026-01-09T00:39:28.773+08:00  INFO 18888 --- [carpool] [http-nio-8080-exec-4] c.e.c.c.LogLevelCountController          : 成功读取日志统计文件，内容长度: 1794
2026-01-09T00:39:29.083+08:00  INFO 18888 --- [carpool] [http-nio-8080-exec-6] c.e.c.c.LogLevelCountController          : 尝试读取日志统计文件...
2026-01-09T00:39:29.084+08:00  INFO 18888 --- [carpool] [http-nio-8080-exec-6] c.e.c.c.LogLevelCountController          : 找到日志统计文件: C:\Users\HS\Desktop\carpool\carpool-b\log_level_count.txt
2026-01-09T00:39:29.096+08:00  INFO 18888 --- [carpool] [http-nio-8080-exec-6] c.e.c.c.LogLevelCountController          : 成功读取日志统计文件，内容长度: 1794
2026-01-09T00:39:29.782+08:00  INFO 18888 --- [carpool] [http-nio-8080-exec-3] c.e.c.c.LogLevelCountController          : 尝试读取日志统计文件...
2026-01-09T00:39:29.783+08:00  INFO 18888 --- [carpool] [http-nio-8080-exec-3] c.e.c.c.LogLevelCountController          : 找到日志统计文件: C:\Users\HS\Desktop\carpool\carpool-b\log_level_count.txt
2026-01-09T00:39:29.783+08:00  INFO 18888 --- [carpool] [http-nio-8080-exec-3] c.e.c.c.LogLevelCountController          : 成功读取日志统计文件，内容长度: 1794
2026-01-09T00:39:30.075+08:00  INFO 18888 --- [carpool] [http-nio-8080-exec-9] c.e.c.c.LogLevelCountController          : 尝试读取日志统计文件...
2026-01-09T00:39:30.075+08:00  INFO 18888 --- [carpool] [http-nio-8080-exec-9] c.e.c.c.LogLevelCountController          : 找到日志统计文件: C:\Users\HS\Desktop\carpool\carpool-b\log_level_count.txt
2026-01-09T00:39:30.076+08:00  INFO 18888 --- [carpool] [http-nio-8080-exec-9] c.e.c.c.LogLevelCountController          : 成功读取日志统计文件，内容长度: 1794
2026-01-09T00:39:30.770+08:00  INFO 18888 --- [carpool] [http-nio-8080-exec-10] c.e.c.c.LogLevelCountController          : 尝试读取日志统计文件...
2026-01-09T00:39:30.771+08:00  INFO 18888 --- [carpool] [http-nio-8080-exec-10] c.e.c.c.LogLevelCountController          : 找到日志统计文件: C:\Users\HS\Desktop\carpool\carpool-b\log_level_count.txt
2026-01-09T00:39:30.782+08:00  INFO 18888 --- [carpool] [http-nio-8080-exec-10] c.e.c.c.LogLevelCountController          : 成功读取日志统计文件，内容长度: 1794
2026-01-09T00:39:31.769+08:00  INFO 18888 --- [carpool] [http-nio-8080-exec-2] c.e.c.c.LogLevelCountController          : 尝试读取日志统计文件...
2026-01-09T00:39:31.769+08:00  INFO 18888 --- [carpool] [http-nio-8080-exec-2] c.e.c.c.LogLevelCountController          : 找到日志统计文件: C:\Users\HS\Desktop\carpool\carpool-b\log_level_count.txt
2026-01-09T00:39:31.776+08:00  INFO 18888 --- [carpool] [http-nio-8080-exec-2] c.e.c.c.LogLevelCountController          : 成功读取日志统计文件，内容长度: 1793
2026-01-09T00:39:32.077+08:00  INFO 18888 --- [carpool] [http-nio-8080-exec-7] c.e.c.c.LogLevelCountController          : 尝试读取日志统计文件...
2026-01-09T00:39:32.077+08:00  INFO 18888 --- [carpool] [http-nio-8080-exec-7] c.e.c.c.LogLevelCountController          : 找到日志统计文件: C:\Users\HS\Desktop\carpool\carpool-b\log_level_count.txt
2026-01-09T00:39:32.077+08:00  INFO 18888 --- [carpool] [http-nio-8080-exec-7] c.e.c.c.LogLevelCountController          : 成功读取日志统计文件，内容长度: 1793
2026-01-09T00:39:32.770+08:00  INFO 18888 --- [carpool] [http-nio-8080-exec-5] c.e.c.c.LogLevelCountController          : 尝试读取日志统计文件...
2026-01-09T00:39:32.771+08:00  INFO 18888 --- [carpool] [http-nio-8080-exec-5] c.e.c.c.LogLevelCountController          : 找到日志统计文件: C:\Users\HS\Desktop\carpool\carpool-b\log_level_count.txt
2026-01-09T00:39:32.771+08:00  INFO 18888 --- [carpool] [http-nio-8080-exec-5] c.e.c.c.LogLevelCountController          : 成功读取日志统计文件，内容长度: 1793
2026-01-09T00:39:33.781+08:00  INFO 18888 --- [carpool] [http-nio-8080-exec-8] c.e.c.c.LogLevelCountController          : 尝试读取日志统计文件...
2026-01-09T00:39:33.781+08:00  INFO 18888 --- [carpool] [http-nio-8080-exec-8] c.e.c.c.LogLevelCountController          : 找到日志统计文件: C:\Users\HS\Desktop\carpool\carpool-b\log_level_count.txt
2026-01-09T00:39:33.793+08:00  INFO 18888 --- [carpool] [http-nio-8080-exec-8] c.e.c.c.LogLevelCountController          : 成功读取日志统计文件，内容长度: 1794
2026-01-09T00:39:34.775+08:00  INFO 18888 --- [carpool] [http-nio-8080-exec-1] c.e.c.c.LogLevelCountController          : 尝试读取日志统计文件...
2026-01-09T00:39:34.775+08:00  INFO 18888 --- [carpool] [http-nio-8080-exec-1] c.e.c.c.LogLevelCountController          : 找到日志统计文件: C:\Users\HS\Desktop\carpool\carpool-b\log_level_count.txt
2026-01-09T00:39:34.789+08:00  INFO 18888 --- [carpool] [http-nio-8080-exec-1] c.e.c.c.LogLevelCountController          : 成功读取日志统计文件，内容长度: 1793
2026-01-09T00:39:35.769+08:00  INFO 18888 --- [carpool] [http-nio-8080-exec-4] c.e.c.c.LogLevelCountController          : 尝试读取日志统计文件...
2026-01-09T00:39:35.769+08:00  INFO 18888 --- [carpool] [http-nio-8080-exec-4] c.e.c.c.LogLevelCountController          : 找到日志统计文件: C:\Users\HS\Desktop\carpool\carpool-b\log_level_count.txt
2026-01-09T00:39:35.780+08:00  INFO 18888 --- [carpool] [http-nio-8080-exec-4] c.e.c.c.LogLevelCountController          : 成功读取日志统计文件，内容长度: 1793
2026-01-09T00:39:36.769+08:00  INFO 18888 --- [carpool] [http-nio-8080-exec-6] c.e.c.c.LogLevelCountController          : 尝试读取日志统计文件...
2026-01-09T00:39:36.769+08:00  INFO 18888 --- [carpool] [http-nio-8080-exec-6] c.e.c.c.LogLevelCountController          : 找到日志统计文件: C:\Users\HS\Desktop\carpool\carpool-b\log_level_count.txt
2026-01-09T00:39:36.769+08:00  INFO 18888 --- [carpool] [http-nio-8080-exec-6] c.e.c.c.LogLevelCountController          : 成功读取日志统计文件，内容长度: 1793
2026-01-09T00:39:37.783+08:00  INFO 18888 --- [carpool] [http-nio-8080-exec-3] c.e.c.c.LogLevelCountController          : 尝试读取日志统计文件...
2026-01-09T00:39:37.783+08:00  INFO 18888 --- [carpool] [http-nio-8080-exec-3] c.e.c.c.LogLevelCountController          : 找到日志统计文件: C:\Users\HS\Desktop\carpool\carpool-b\log_level_count.txt
2026-01-09T00:39:37.795+08:00  INFO 18888 --- [carpool] [http-nio-8080-exec-3] c.e.c.c.LogLevelCountController          : 成功读取日志统计文件，内容长度: 1794
2026-01-09T00:39:38.776+08:00  INFO 18888 --- [carpool] [http-nio-8080-exec-9] c.e.c.c.LogLevelCountController          : 尝试读取日志统计文件...
2026-01-09T00:39:38.776+08:00  INFO 18888 --- [carpool] [http-nio-8080-exec-9] c.e.c.c.LogLevelCountController          : 找到日志统计文件: C:\Users\HS\Desktop\carpool\carpool-b\log_level_count.txt
2026-01-09T00:39:38.785+08:00  INFO 18888 --- [carpool] [http-nio-8080-exec-9] c.e.c.c.LogLevelCountController          : 成功读取日志统计文件，内容长度: 1793
2026-01-09T00:39:39.784+08:00  INFO 18888 --- [carpool] [http-nio-8080-exec-10] c.e.c.c.LogLevelCountController          : 尝试读取日志统计文件...
2026-01-09T00:39:39.784+08:00  INFO 18888 --- [carpool] [http-nio-8080-exec-10] c.e.c.c.LogLevelCountController          : 找到日志统计文件: C:\Users\HS\Desktop\carpool\carpool-b\log_level_count.txt
2026-01-09T00:39:39.800+08:00  INFO 18888 --- [carpool] [http-nio-8080-exec-10] c.e.c.c.LogLevelCountController          : 成功读取日志统计文件，内容长度: 1793
2026-01-09T00:39:40.777+08:00  INFO 18888 --- [carpool] [http-nio-8080-exec-2] c.e.c.c.LogLevelCountController          : 尝试读取日志统计文件...
2026-01-09T00:39:40.778+08:00  INFO 18888 --- [carpool] [http-nio-8080-exec-2] c.e.c.c.LogLevelCountController          : 找到日志统计文件: C:\Users\HS\Desktop\carpool\carpool-b\log_level_count.txt
2026-01-09T00:39:40.778+08:00  INFO 18888 --- [carpool] [http-nio-8080-exec-2] c.e.c.c.LogLevelCountController          : 成功读取日志统计文件，内容长度: 1793
2026-01-09T00:39:41.771+08:00  INFO 18888 --- [carpool] [http-nio-8080-exec-7] c.e.c.c.LogLevelCountController          : 尝试读取日志统计文件...
2026-01-09T00:39:41.772+08:00  INFO 18888 --- [carpool] [http-nio-8080-exec-7] c.e.c.c.LogLevelCountController          : 找到日志统计文件: C:\Users\HS\Desktop\carpool\carpool-b\log_level_count.txt
2026-01-09T00:39:41.783+08:00  INFO 18888 --- [carpool] [http-nio-8080-exec-7] c.e.c.c.LogLevelCountController          : 成功读取日志统计文件，内容长度: 1794
2026-01-09T00:39:42.780+08:00  INFO 18888 --- [carpool] [http-nio-8080-exec-8] c.e.c.c.LogLevelCountController          : 尝试读取日志统计文件...
2026-01-09T00:39:42.781+08:00  INFO 18888 --- [carpool] [http-nio-8080-exec-8] c.e.c.c.LogLevelCountController          : 找到日志统计文件: C:\Users\HS\Desktop\carpool\carpool-b\log_level_count.txt
2026-01-09T00:39:42.790+08:00  INFO 18888 --- [carpool] [http-nio-8080-exec-8] c.e.c.c.LogLevelCountController          : 成功读取日志统计文件，内容长度: 1793
2026-01-09T00:39:43.770+08:00  INFO 18888 --- [carpool] [http-nio-8080-exec-1] c.e.c.c.LogLevelCountController          : 尝试读取日志统计文件...
2026-01-09T00:39:43.770+08:00  INFO 18888 --- [carpool] [http-nio-8080-exec-1] c.e.c.c.LogLevelCountController          : 找到日志统计文件: C:\Users\HS\Desktop\carpool\carpool-b\log_level_count.txt
2026-01-09T00:39:43.778+08:00  INFO 18888 --- [carpool] [http-nio-8080-exec-1] c.e.c.c.LogLevelCountController          : 成功读取日志统计文件，内容长度: 1793
2026-01-09T00:39:44.768+08:00  INFO 18888 --- [carpool] [http-nio-8080-exec-4] c.e.c.c.LogLevelCountController          : 尝试读取日志统计文件...
2026-01-09T00:39:44.768+08:00  INFO 18888 --- [carpool] [http-nio-8080-exec-4] c.e.c.c.LogLevelCountController          : 找到日志统计文件: C:\Users\HS\Desktop\carpool\carpool-b\log_level_count.txt
2026-01-09T00:39:44.781+08:00  INFO 18888 --- [carpool] [http-nio-8080-exec-4] c.e.c.c.LogLevelCountController          : 成功读取日志统计文件，内容长度: 1793
2026-01-09T00:39:45.768+08:00  INFO 18888 --- [carpool] [http-nio-8080-exec-6] c.e.c.c.LogLevelCountController          : 尝试读取日志统计文件...
2026-01-09T00:39:45.768+08:00  INFO 18888 --- [carpool] [http-nio-8080-exec-6] c.e.c.c.LogLevelCountController          : 找到日志统计文件: C:\Users\HS\Desktop\carpool\carpool-b\log_level_count.txt
2026-01-09T00:39:45.768+08:00  INFO 18888 --- [carpool] [http-nio-8080-exec-6] c.e.c.c.LogLevelCountController          : 成功读取日志统计文件，内容长度: 1793
2026-01-09T00:39:46.782+08:00  INFO 18888 --- [carpool] [http-nio-8080-exec-3] c.e.c.c.LogLevelCountController          : 尝试读取日志统计文件...
2026-01-09T00:39:46.782+08:00  INFO 18888 --- [carpool] [http-nio-8080-exec-3] c.e.c.c.LogLevelCountController          : 找到日志统计文件: C:\Users\HS\Desktop\carpool\carpool-b\log_level_count.txt
2026-01-09T00:39:46.793+08:00  INFO 18888 --- [carpool] [http-nio-8080-exec-3] c.e.c.c.LogLevelCountController          : 成功读取日志统计文件，内容长度: 1794
2026-01-09T00:39:48.073+08:00  INFO 18888 --- [carpool] [http-nio-8080-exec-9] c.e.c.c.LogLevelCountController          : 尝试读取日志统计文件...
2026-01-09T00:39:48.073+08:00  INFO 18888 --- [carpool] [http-nio-8080-exec-9] c.e.c.c.LogLevelCountController          : 找到日志统计文件: C:\Users\HS\Desktop\carpool\carpool-b\log_level_count.txt
2026-01-09T00:39:48.083+08:00  INFO 18888 --- [carpool] [http-nio-8080-exec-9] c.e.c.c.LogLevelCountController          : 成功读取日志统计文件，内容长度: 1793
2026-01-09T00:39:49.070+08:00  INFO 18888 --- [carpool] [http-nio-8080-exec-10] c.e.c.c.LogLevelCountController          : 尝试读取日志统计文件...
2026-01-09T00:39:49.070+08:00  INFO 18888 --- [carpool] [http-nio-8080-exec-10] c.e.c.c.LogLevelCountController          : 找到日志统计文件: C:\Users\HS\Desktop\carpool\carpool-b\log_level_count.txt
2026-01-09T00:39:49.082+08:00  INFO 18888 --- [carpool] [http-nio-8080-exec-10] c.e.c.c.LogLevelCountController          : 成功读取日志统计文件，内容长度: 1793
2026-01-09T00:39:50.080+08:00  INFO 18888 --- [carpool] [http-nio-8080-exec-2] c.e.c.c.LogLevelCountController          : 尝试读取日志统计文件...
2026-01-09T00:39:50.080+08:00  INFO 18888 --- [carpool] [http-nio-8080-exec-2] c.e.c.c.LogLevelCountController          : 找到日志统计文件: C:\Users\HS\Desktop\carpool\carpool-b\log_level_count.txt
2026-01-09T00:39:50.088+08:00  INFO 18888 --- [carpool] [http-nio-8080-exec-2] c.e.c.c.LogLevelCountController          : 成功读取日志统计文件，内容长度: 73
2026-01-09T00:39:51.077+08:00  INFO 18888 --- [carpool] [http-nio-8080-exec-5] c.e.c.c.LogLevelCountController          : 尝试读取日志统计文件...
2026-01-09T00:39:51.077+08:00  INFO 18888 --- [carpool] [http-nio-8080-exec-5] c.e.c.c.LogLevelCountController          : 找到日志统计文件: C:\Users\HS\Desktop\carpool\carpool-b\log_level_count.txt
2026-01-09T00:39:51.087+08:00  INFO 18888 --- [carpool] [http-nio-8080-exec-5] c.e.c.c.LogLevelCountController          : 成功读取日志统计文件，内容长度: 1793
2026-01-09T00:39:52.075+08:00  INFO 18888 --- [carpool] [http-nio-8080-exec-7] c.e.c.c.LogLevelCountController          : 尝试读取日志统计文件...
2026-01-09T00:39:52.075+08:00  INFO 18888 --- [carpool] [http-nio-8080-exec-7] c.e.c.c.LogLevelCountController          : 找到日志统计文件: C:\Users\HS\Desktop\carpool\carpool-b\log_level_count.txt
2026-01-09T00:39:52.088+08:00  INFO 18888 --- [carpool] [http-nio-8080-exec-7] c.e.c.c.LogLevelCountController          : 成功读取日志统计文件，内容长度: 1794
2026-01-09T00:39:53.071+08:00  INFO 18888 --- [carpool] [http-nio-8080-exec-8] c.e.c.c.LogLevelCountController          : 尝试读取日志统计文件...
2026-01-09T00:39:53.071+08:00  INFO 18888 --- [carpool] [http-nio-8080-exec-8] c.e.c.c.LogLevelCountController          : 找到日志统计文件: C:\Users\HS\Desktop\carpool\carpool-b\log_level_count.txt
2026-01-09T00:39:53.081+08:00  INFO 18888 --- [carpool] [http-nio-8080-exec-8] c.e.c.c.LogLevelCountController          : 成功读取日志统计文件，内容长度: 1793
2026-01-09T00:39:54.071+08:00  INFO 18888 --- [carpool] [http-nio-8080-exec-1] c.e.c.c.LogLevelCountController          : 尝试读取日志统计文件...
2026-01-09T00:39:54.071+08:00  INFO 18888 --- [carpool] [http-nio-8080-exec-1] c.e.c.c.LogLevelCountController          : 找到日志统计文件: C:\Users\HS\Desktop\carpool\carpool-b\log_level_count.txt
2026-01-09T00:39:54.081+08:00  INFO 18888 --- [carpool] [http-nio-8080-exec-1] c.e.c.c.LogLevelCountController          : 成功读取日志统计文件，内容长度: 1793
2026-01-09T00:39:55.079+08:00  INFO 18888 --- [carpool] [http-nio-8080-exec-4] c.e.c.c.LogLevelCountController          : 尝试读取日志统计文件...
2026-01-09T00:39:55.079+08:00  INFO 18888 --- [carpool] [http-nio-8080-exec-4] c.e.c.c.LogLevelCountController          : 找到日志统计文件: C:\Users\HS\Desktop\carpool\carpool-b\log_level_count.txt
2026-01-09T00:39:55.079+08:00  INFO 18888 --- [carpool] [http-nio-8080-exec-4] c.e.c.c.LogLevelCountController          : 成功读取日志统计文件，内容长度: 1793
2026-01-09T00:39:56.076+08:00  INFO 18888 --- [carpool] [http-nio-8080-exec-6] c.e.c.c.LogLevelCountController          : 尝试读取日志统计文件...
2026-01-09T00:39:56.076+08:00  INFO 18888 --- [carpool] [http-nio-8080-exec-6] c.e.c.c.LogLevelCountController          : 找到日志统计文件: C:\Users\HS\Desktop\carpool\carpool-b\log_level_count.txt
2026-01-09T00:39:56.088+08:00  INFO 18888 --- [carpool] [http-nio-8080-exec-6] c.e.c.c.LogLevelCountController          : 成功读取日志统计文件，内容长度: 1794
2026-01-09T00:39:57.076+08:00  INFO 18888 --- [carpool] [http-nio-8080-exec-3] c.e.c.c.LogLevelCountController          : 尝试读取日志统计文件...
2026-01-09T00:39:57.076+08:00  INFO 18888 --- [carpool] [http-nio-8080-exec-3] c.e.c.c.LogLevelCountController          : 找到日志统计文件: C:\Users\HS\Desktop\carpool\carpool-b\log_level_count.txt
2026-01-09T00:39:57.088+08:00  INFO 18888 --- [carpool] [http-nio-8080-exec-3] c.e.c.c.LogLevelCountController          : 成功读取日志统计文件，内容长度: 1793
2026-01-09T00:39:58.085+08:00  INFO 18888 --- [carpool] [http-nio-8080-exec-9] c.e.c.c.LogLevelCountController          : 尝试读取日志统计文件...
2026-01-09T00:39:58.085+08:00  INFO 18888 --- [carpool] [http-nio-8080-exec-9] c.e.c.c.LogLevelCountController          : 找到日志统计文件: C:\Users\HS\Desktop\carpool\carpool-b\log_level_count.txt
2026-01-09T00:39:58.097+08:00  INFO 18888 --- [carpool] [http-nio-8080-exec-9] c.e.c.c.LogLevelCountController          : 成功读取日志统计文件，内容长度: 1793
2026-01-09T00:39:59.084+08:00  INFO 18888 --- [carpool] [http-nio-8080-exec-10] c.e.c.c.LogLevelCountController          : 尝试读取日志统计文件...
2026-01-09T00:39:59.084+08:00  INFO 18888 --- [carpool] [http-nio-8080-exec-10] c.e.c.c.LogLevelCountController          : 找到日志统计文件: C:\Users\HS\Desktop\carpool\carpool-b\log_level_count.txt
2026-01-09T00:39:59.084+08:00  INFO 18888 --- [carpool] [http-nio-8080-exec-10] c.e.c.c.LogLevelCountController          : 成功读取日志统计文件，内容长度: 1793
2026-01-09T00:40:00.078+08:00  INFO 18888 --- [carpool] [http-nio-8080-exec-2] c.e.c.c.LogLevelCountController          : 尝试读取日志统计文件...
2026-01-09T00:40:00.078+08:00  INFO 18888 --- [carpool] [http-nio-8080-exec-2] c.e.c.c.LogLevelCountController          : 找到日志统计文件: C:\Users\HS\Desktop\carpool\carpool-b\log_level_count.txt
2026-01-09T00:40:00.089+08:00  INFO 18888 --- [carpool] [http-nio-8080-exec-2] c.e.c.c.LogLevelCountController          : 成功读取日志统计文件，内容长度: 1794
2026-01-09T00:40:01.145+08:00  INFO 18888 --- [carpool] [http-nio-8080-exec-5] c.e.c.c.LogLevelCountController          : 尝试读取日志统计文件...
2026-01-09T00:40:01.145+08:00  INFO 18888 --- [carpool] [http-nio-8080-exec-5] c.e.c.c.LogLevelCountController          : 找到日志统计文件: C:\Users\HS\Desktop\carpool\carpool-b\log_level_count.txt
2026-01-09T00:40:01.161+08:00  INFO 18888 --- [carpool] [http-nio-8080-exec-5] c.e.c.c.LogLevelCountController          : 成功读取日志统计文件，内容长度: 1793
2026-01-09T00:40:02.075+08:00  INFO 18888 --- [carpool] [http-nio-8080-exec-7] c.e.c.c.LogLevelCountController          : 尝试读取日志统计文件...
2026-01-09T00:40:02.076+08:00  INFO 18888 --- [carpool] [http-nio-8080-exec-7] c.e.c.c.LogLevelCountController          : 找到日志统计文件: C:\Users\HS\Desktop\carpool\carpool-b\log_level_count.txt
2026-01-09T00:40:02.088+08:00  INFO 18888 --- [carpool] [http-nio-8080-exec-7] c.e.c.c.LogLevelCountController          : 成功读取日志统计文件，内容长度: 1793
2026-01-09T00:40:03.080+08:00  INFO 18888 --- [carpool] [http-nio-8080-exec-8] c.e.c.c.LogLevelCountController          : 尝试读取日志统计文件...
2026-01-09T00:40:03.081+08:00  INFO 18888 --- [carpool] [http-nio-8080-exec-8] c.e.c.c.LogLevelCountController          : 找到日志统计文件: C:\Users\HS\Desktop\carpool\carpool-b\log_level_count.txt
2026-01-09T00:40:03.081+08:00  INFO 18888 --- [carpool] [http-nio-8080-exec-8] c.e.c.c.LogLevelCountController          : 成功读取日志统计文件，内容长度: 1793
2026-01-09T00:40:04.075+08:00  INFO 18888 --- [carpool] [http-nio-8080-exec-1] c.e.c.c.LogLevelCountController          : 尝试读取日志统计文件...
2026-01-09T00:40:04.075+08:00  INFO 18888 --- [carpool] [http-nio-8080-exec-1] c.e.c.c.LogLevelCountController          : 找到日志统计文件: C:\Users\HS\Desktop\carpool\carpool-b\log_level_count.txt
2026-01-09T00:40:04.087+08:00  INFO 18888 --- [carpool] [http-nio-8080-exec-1] c.e.c.c.LogLevelCountController          : 成功读取日志统计文件，内容长度: 1794
2026-01-09T00:40:05.084+08:00  INFO 18888 --- [carpool] [http-nio-8080-exec-4] c.e.c.c.LogLevelCountController          : 尝试读取日志统计文件...
2026-01-09T00:40:05.084+08:00  INFO 18888 --- [carpool] [http-nio-8080-exec-4] c.e.c.c.LogLevelCountController          : 找到日志统计文件: C:\Users\HS\Desktop\carpool\carpool-b\log_level_count.txt
2026-01-09T00:40:05.096+08:00  INFO 18888 --- [carpool] [http-nio-8080-exec-4] c.e.c.c.LogLevelCountController          : 成功读取日志统计文件，内容长度: 1793
2026-01-09T00:40:06.083+08:00  INFO 18888 --- [carpool] [http-nio-8080-exec-6] c.e.c.c.LogLevelCountController          : 尝试读取日志统计文件...
2026-01-09T00:40:06.084+08:00  INFO 18888 --- [carpool] [http-nio-8080-exec-6] c.e.c.c.LogLevelCountController          : 找到日志统计文件: C:\Users\HS\Desktop\carpool\carpool-b\log_level_count.txt
2026-01-09T00:40:06.092+08:00  INFO 18888 --- [carpool] [http-nio-8080-exec-6] c.e.c.c.LogLevelCountController          : 成功读取日志统计文件，内容长度: 1793
2026-01-09T00:40:07.076+08:00  INFO 18888 --- [carpool] [http-nio-8080-exec-3] c.e.c.c.LogLevelCountController          : 尝试读取日志统计文件...
2026-01-09T00:40:07.076+08:00  INFO 18888 --- [carpool] [http-nio-8080-exec-3] c.e.c.c.LogLevelCountController          : 找到日志统计文件: C:\Users\HS\Desktop\carpool\carpool-b\log_level_count.txt
2026-01-09T00:40:07.076+08:00  INFO 18888 --- [carpool] [http-nio-8080-exec-3] c.e.c.c.LogLevelCountController          : 成功读取日志统计文件，内容长度: 1793
2026-01-09T00:40:08.075+08:00  INFO 18888 --- [carpool] [http-nio-8080-exec-9] c.e.c.c.LogLevelCountController          : 尝试读取日志统计文件...
2026-01-09T00:40:08.075+08:00  INFO 18888 --- [carpool] [http-nio-8080-exec-9] c.e.c.c.LogLevelCountController          : 找到日志统计文件: C:\Users\HS\Desktop\carpool\carpool-b\log_level_count.txt
2026-01-09T00:40:08.085+08:00  INFO 18888 --- [carpool] [http-nio-8080-exec-9] c.e.c.c.LogLevelCountController          : 成功读取日志统计文件，内容长度: 1794
2026-01-09T00:40:09.073+08:00  INFO 18888 --- [carpool] [http-nio-8080-exec-10] c.e.c.c.LogLevelCountController          : 尝试读取日志统计文件...
2026-01-09T00:40:09.073+08:00  INFO 18888 --- [carpool] [http-nio-8080-exec-10] c.e.c.c.LogLevelCountController          : 找到日志统计文件: C:\Users\HS\Desktop\carpool\carpool-b\log_level_count.txt
2026-01-09T00:40:09.083+08:00  INFO 18888 --- [carpool] [http-nio-8080-exec-10] c.e.c.c.LogLevelCountController          : 成功读取日志统计文件，内容长度: 1793
2026-01-09T00:40:10.082+08:00  INFO 18888 --- [carpool] [http-nio-8080-exec-2] c.e.c.c.LogLevelCountController          : 尝试读取日志统计文件...
2026-01-09T00:40:10.082+08:00  INFO 18888 --- [carpool] [http-nio-8080-exec-2] c.e.c.c.LogLevelCountController          : 找到日志统计文件: C:\Users\HS\Desktop\carpool\carpool-b\log_level_count.txt
2026-01-09T00:40:10.093+08:00  INFO 18888 --- [carpool] [http-nio-8080-exec-2] c.e.c.c.LogLevelCountController          : 成功读取日志统计文件，内容长度: 1793
2026-01-09T00:40:11.080+08:00  INFO 18888 --- [carpool] [http-nio-8080-exec-5] c.e.c.c.LogLevelCountController          : 尝试读取日志统计文件...
2026-01-09T00:40:11.081+08:00  INFO 18888 --- [carpool] [http-nio-8080-exec-5] c.e.c.c.LogLevelCountController          : 找到日志统计文件: C:\Users\HS\Desktop\carpool\carpool-b\log_level_count.txt
2026-01-09T00:40:11.091+08:00  INFO 18888 --- [carpool] [http-nio-8080-exec-5] c.e.c.c.LogLevelCountController          : 成功读取日志统计文件，内容长度: 1793
2026-01-09T00:40:12.074+08:00  INFO 18888 --- [carpool] [http-nio-8080-exec-7] c.e.c.c.LogLevelCountController          : 尝试读取日志统计文件...
2026-01-09T00:40:12.074+08:00  INFO 18888 --- [carpool] [http-nio-8080-exec-7] c.e.c.c.LogLevelCountController          : 找到日志统计文件: C:\Users\HS\Desktop\carpool\carpool-b\log_level_count.txt
2026-01-09T00:40:12.074+08:00  INFO 18888 --- [carpool] [http-nio-8080-exec-7] c.e.c.c.LogLevelCountController          : 成功读取日志统计文件，内容长度: 1793
2026-01-09T00:40:13.085+08:00  INFO 18888 --- [carpool] [http-nio-8080-exec-8] c.e.c.c.LogLevelCountController          : 尝试读取日志统计文件...
2026-01-09T00:40:13.085+08:00  INFO 18888 --- [carpool] [http-nio-8080-exec-8] c.e.c.c.LogLevelCountController          : 找到日志统计文件: C:\Users\HS\Desktop\carpool\carpool-b\log_level_count.txt
2026-01-09T00:40:13.101+08:00  INFO 18888 --- [carpool] [http-nio-8080-exec-8] c.e.c.c.LogLevelCountController          : 成功读取日志统计文件，内容长度: 1794
2026-01-09T00:40:14.080+08:00  INFO 18888 --- [carpool] [http-nio-8080-exec-1] c.e.c.c.LogLevelCountController          : 尝试读取日志统计文件...
2026-01-09T00:40:14.081+08:00  INFO 18888 --- [carpool] [http-nio-8080-exec-1] c.e.c.c.LogLevelCountController          : 找到日志统计文件: C:\Users\HS\Desktop\carpool\carpool-b\log_level_count.txt
2026-01-09T00:40:14.091+08:00  INFO 18888 --- [carpool] [http-nio-8080-exec-1] c.e.c.c.LogLevelCountController          : 成功读取日志统计文件，内容长度: 1793
2026-01-09T00:40:15.074+08:00  INFO 18888 --- [carpool] [http-nio-8080-exec-4] c.e.c.c.LogLevelCountController          : 尝试读取日志统计文件...
2026-01-09T00:40:15.074+08:00  INFO 18888 --- [carpool] [http-nio-8080-exec-4] c.e.c.c.LogLevelCountController          : 找到日志统计文件: C:\Users\HS\Desktop\carpool\carpool-b\log_level_count.txt
2026-01-09T00:40:15.084+08:00  INFO 18888 --- [carpool] [http-nio-8080-exec-4] c.e.c.c.LogLevelCountController          : 成功读取日志统计文件，内容长度: 1793
2026-01-09T00:40:16.070+08:00  INFO 18888 --- [carpool] [http-nio-8080-exec-6] c.e.c.c.LogLevelCountController          : 尝试读取日志统计文件...
2026-01-09T00:40:16.070+08:00  INFO 18888 --- [carpool] [http-nio-8080-exec-6] c.e.c.c.LogLevelCountController          : 找到日志统计文件: C:\Users\HS\Desktop\carpool\carpool-b\log_level_count.txt
2026-01-09T00:40:16.071+08:00  INFO 18888 --- [carpool] [http-nio-8080-exec-6] c.e.c.c.LogLevelCountController          : 成功读取日志统计文件，内容长度: 1793
2026-01-09T00:40:17.080+08:00  INFO 18888 --- [carpool] [http-nio-8080-exec-3] c.e.c.c.LogLevelCountController          : 尝试读取日志统计文件...
2026-01-09T00:40:17.080+08:00  INFO 18888 --- [carpool] [http-nio-8080-exec-3] c.e.c.c.LogLevelCountController          : 找到日志统计文件: C:\Users\HS\Desktop\carpool\carpool-b\log_level_count.txt
2026-01-09T00:40:17.093+08:00  INFO 18888 --- [carpool] [http-nio-8080-exec-3] c.e.c.c.LogLevelCountController          : 成功读取日志统计文件，内容长度: 1794
2026-01-09T00:40:18.078+08:00  INFO 18888 --- [carpool] [http-nio-8080-exec-9] c.e.c.c.LogLevelCountController          : 尝试读取日志统计文件...
2026-01-09T00:40:18.078+08:00  INFO 18888 --- [carpool] [http-nio-8080-exec-9] c.e.c.c.LogLevelCountController          : 找到日志统计文件: C:\Users\HS\Desktop\carpool\carpool-b\log_level_count.txt
2026-01-09T00:40:18.090+08:00  INFO 18888 --- [carpool] [http-nio-8080-exec-9] c.e.c.c.LogLevelCountController          : 成功读取日志统计文件，内容长度: 1793
2026-01-09T00:40:19.074+08:00  INFO 18888 --- [carpool] [http-nio-8080-exec-10] c.e.c.c.LogLevelCountController          : 尝试读取日志统计文件...
2026-01-09T00:40:19.074+08:00  INFO 18888 --- [carpool] [http-nio-8080-exec-10] c.e.c.c.LogLevelCountController          : 找到日志统计文件: C:\Users\HS\Desktop\carpool\carpool-b\log_level_count.txt
2026-01-09T00:40:19.084+08:00  INFO 18888 --- [carpool] [http-nio-8080-exec-10] c.e.c.c.LogLevelCountController          : 成功读取日志统计文件，内容长度: 1793
2026-01-09T00:40:20.075+08:00  INFO 18888 --- [carpool] [http-nio-8080-exec-2] c.e.c.c.LogLevelCountController          : 尝试读取日志统计文件...
2026-01-09T00:40:20.075+08:00  INFO 18888 --- [carpool] [http-nio-8080-exec-2] c.e.c.c.LogLevelCountController          : 找到日志统计文件: C:\Users\HS\Desktop\carpool\carpool-b\log_level_count.txt
2026-01-09T00:40:20.076+08:00  INFO 18888 --- [carpool] [http-nio-8080-exec-2] c.e.c.c.LogLevelCountController          : 成功读取日志统计文件，内容长度: 1793
2026-01-09T00:40:21.073+08:00  INFO 18888 --- [carpool] [http-nio-8080-exec-5] c.e.c.c.LogLevelCountController          : 尝试读取日志统计文件...
2026-01-09T00:40:21.073+08:00  INFO 18888 --- [carpool] [http-nio-8080-exec-5] c.e.c.c.LogLevelCountController          : 找到日志统计文件: C:\Users\HS\Desktop\carpool\carpool-b\log_level_count.txt
2026-01-09T00:40:21.086+08:00  INFO 18888 --- [carpool] [http-nio-8080-exec-5] c.e.c.c.LogLevelCountController          : 成功读取日志统计文件，内容长度: 1794
2026-01-09T00:40:22.084+08:00  INFO 18888 --- [carpool] [http-nio-8080-exec-7] c.e.c.c.LogLevelCountController          : 尝试读取日志统计文件...
2026-01-09T00:40:22.085+08:00  INFO 18888 --- [carpool] [http-nio-8080-exec-7] c.e.c.c.LogLevelCountController          : 找到日志统计文件: C:\Users\HS\Desktop\carpool\carpool-b\log_level_count.txt
2026-01-09T00:40:22.096+08:00  INFO 18888 --- [carpool] [http-nio-8080-exec-7] c.e.c.c.LogLevelCountController          : 成功读取日志统计文件，内容长度: 1793
2026-01-09T00:40:23.075+08:00  INFO 18888 --- [carpool] [http-nio-8080-exec-8] c.e.c.c.LogLevelCountController          : 尝试读取日志统计文件...
2026-01-09T00:40:23.077+08:00  INFO 18888 --- [carpool] [http-nio-8080-exec-8] c.e.c.c.LogLevelCountController          : 找到日志统计文件: C:\Users\HS\Desktop\carpool\carpool-b\log_level_count.txt
2026-01-09T00:40:23.086+08:00  INFO 18888 --- [carpool] [http-nio-8080-exec-8] c.e.c.c.LogLevelCountController          : 成功读取日志统计文件，内容长度: 1793
2026-01-09T00:40:24.073+08:00  INFO 18888 --- [carpool] [http-nio-8080-exec-1] c.e.c.c.LogLevelCountController          : 尝试读取日志统计文件...
2026-01-09T00:40:24.073+08:00  INFO 18888 --- [carpool] [http-nio-8080-exec-1] c.e.c.c.LogLevelCountController          : 找到日志统计文件: C:\Users\HS\Desktop\carpool\carpool-b\log_level_count.txt
2026-01-09T00:40:24.073+08:00  INFO 18888 --- [carpool] [http-nio-8080-exec-1] c.e.c.c.LogLevelCountController          : 成功读取日志统计文件，内容长度: 1793
2026-01-09T00:40:25.077+08:00  INFO 18888 --- [carpool] [http-nio-8080-exec-4] c.e.c.c.LogLevelCountController          : 尝试读取日志统计文件...
2026-01-09T00:40:25.077+08:00  INFO 18888 --- [carpool] [http-nio-8080-exec-4] c.e.c.c.LogLevelCountController          : 找到日志统计文件: C:\Users\HS\Desktop\carpool\carpool-b\log_level_count.txt
2026-01-09T00:40:25.089+08:00  INFO 18888 --- [carpool] [http-nio-8080-exec-4] c.e.c.c.LogLevelCountController          : 成功读取日志统计文件，内容长度: 1794
2026-01-09T00:40:25.500+08:00  INFO 18888 --- [carpool] [http-nio-8080-exec-6] c.e.c.c.LogLevelCountController          : 尝试读取日志统计文件...
2026-01-09T00:40:25.501+08:00  INFO 18888 --- [carpool] [http-nio-8080-exec-6] c.e.c.c.LogLevelCountController          : 找到日志统计文件: C:\Users\HS\Desktop\carpool\carpool-b\log_level_count.txt
2026-01-09T00:40:25.501+08:00  INFO 18888 --- [carpool] [http-nio-8080-exec-6] c.e.c.c.LogLevelCountController          : 成功读取日志统计文件，内容长度: 1794
2026-01-09T00:40:25.504+08:00  INFO 18888 --- [carpool] [http-nio-8080-exec-3] c.e.c.c.LogLevelCountController          : 尝试读取日志统计文件...
2026-01-09T00:40:25.504+08:00  INFO 18888 --- [carpool] [http-nio-8080-exec-3] c.e.c.c.LogLevelCountController          : 找到日志统计文件: C:\Users\HS\Desktop\carpool\carpool-b\log_level_count.txt
2026-01-09T00:40:25.504+08:00  INFO 18888 --- [carpool] [http-nio-8080-exec-3] c.e.c.c.LogLevelCountController          : 成功读取日志统计文件，内容长度: 1794
2026-01-09T00:40:26.632+08:00  INFO 18888 --- [carpool] [http-nio-8080-exec-9] c.e.c.c.LogLevelCountController          : 尝试读取日志统计文件...
2026-01-09T00:40:26.634+08:00  INFO 18888 --- [carpool] [http-nio-8080-exec-9] c.e.c.c.LogLevelCountController          : 找到日志统计文件: C:\Users\HS\Desktop\carpool\carpool-b\log_level_count.txt
2026-01-09T00:40:26.649+08:00  INFO 18888 --- [carpool] [http-nio-8080-exec-9] c.e.c.c.LogLevelCountController          : 成功读取日志统计文件，内容长度: 1794
2026-01-09T00:40:27.082+08:00  INFO 18888 --- [carpool] [http-nio-8080-exec-10] c.e.c.c.LogLevelCountController          : 尝试读取日志统计文件...
2026-01-09T00:40:27.083+08:00  INFO 18888 --- [carpool] [http-nio-8080-exec-10] c.e.c.c.LogLevelCountController          : 找到日志统计文件: C:\Users\HS\Desktop\carpool\carpool-b\log_level_count.txt
2026-01-09T00:40:27.098+08:00  INFO 18888 --- [carpool] [http-nio-8080-exec-10] c.e.c.c.LogLevelCountController          : 成功读取日志统计文件，内容长度: 1793
2026-01-09T00:40:27.582+08:00  INFO 18888 --- [carpool] [http-nio-8080-exec-2] c.e.c.c.LogLevelCountController          : 尝试读取日志统计文件...
2026-01-09T00:40:27.582+08:00  INFO 18888 --- [carpool] [http-nio-8080-exec-2] c.e.c.c.LogLevelCountController          : 找到日志统计文件: C:\Users\HS\Desktop\carpool\carpool-b\log_level_count.txt
2026-01-09T00:40:27.582+08:00  INFO 18888 --- [carpool] [http-nio-8080-exec-2] c.e.c.c.LogLevelCountController          : 成功读取日志统计文件，内容长度: 1793
2026-01-09T00:40:28.079+08:00  INFO 18888 --- [carpool] [http-nio-8080-exec-5] c.e.c.c.LogLevelCountController          : 尝试读取日志统计文件...
2026-01-09T00:40:28.080+08:00  INFO 18888 --- [carpool] [http-nio-8080-exec-5] c.e.c.c.LogLevelCountController          : 找到日志统计文件: C:\Users\HS\Desktop\carpool\carpool-b\log_level_count.txt
2026-01-09T00:40:28.080+08:00  INFO 18888 --- [carpool] [http-nio-8080-exec-5] c.e.c.c.LogLevelCountController          : 成功读取日志统计文件，内容长度: 1793
2026-01-09T00:40:28.577+08:00  INFO 18888 --- [carpool] [http-nio-8080-exec-7] c.e.c.c.LogLevelCountController          : 尝试读取日志统计文件...
2026-01-09T00:40:28.578+08:00  INFO 18888 --- [carpool] [http-nio-8080-exec-7] c.e.c.c.LogLevelCountController          : 找到日志统计文件: C:\Users\HS\Desktop\carpool\carpool-b\log_level_count.txt
2026-01-09T00:40:28.588+08:00  INFO 18888 --- [carpool] [http-nio-8080-exec-7] c.e.c.c.LogLevelCountController          : 成功读取日志统计文件，内容长度: 1794
2026-01-09T00:40:29.077+08:00  INFO 18888 --- [carpool] [http-nio-8080-exec-8] c.e.c.c.LogLevelCountController          : 尝试读取日志统计文件...
2026-01-09T00:40:29.077+08:00  INFO 18888 --- [carpool] [http-nio-8080-exec-8] c.e.c.c.LogLevelCountController          : 找到日志统计文件: C:\Users\HS\Desktop\carpool\carpool-b\log_level_count.txt
2026-01-09T00:40:29.077+08:00  INFO 18888 --- [carpool] [http-nio-8080-exec-8] c.e.c.c.LogLevelCountController          : 成功读取日志统计文件，内容长度: 1794
2026-01-09T00:40:29.576+08:00  INFO 18888 --- [carpool] [http-nio-8080-exec-1] c.e.c.c.LogLevelCountController          : 尝试读取日志统计文件...
2026-01-09T00:40:29.576+08:00  INFO 18888 --- [carpool] [http-nio-8080-exec-1] c.e.c.c.LogLevelCountController          : 找到日志统计文件: C:\Users\HS\Desktop\carpool\carpool-b\log_level_count.txt
2026-01-09T00:40:29.576+08:00  INFO 18888 --- [carpool] [http-nio-8080-exec-1] c.e.c.c.LogLevelCountController          : 成功读取日志统计文件，内容长度: 1794
2026-01-09T00:40:30.072+08:00  INFO 18888 --- [carpool] [http-nio-8080-exec-4] c.e.c.c.LogLevelCountController          : 尝试读取日志统计文件...
2026-01-09T00:40:30.073+08:00  INFO 18888 --- [carpool] [http-nio-8080-exec-4] c.e.c.c.LogLevelCountController          : 找到日志统计文件: C:\Users\HS\Desktop\carpool\carpool-b\log_level_count.txt
2026-01-09T00:40:30.083+08:00  INFO 18888 --- [carpool] [http-nio-8080-exec-4] c.e.c.c.LogLevelCountController          : 成功读取日志统计文件，内容长度: 1794
2026-01-09T00:40:30.574+08:00  INFO 18888 --- [carpool] [http-nio-8080-exec-6] c.e.c.c.LogLevelCountController          : 尝试读取日志统计文件...
2026-01-09T00:40:30.574+08:00  INFO 18888 --- [carpool] [http-nio-8080-exec-6] c.e.c.c.LogLevelCountController          : 找到日志统计文件: C:\Users\HS\Desktop\carpool\carpool-b\log_level_count.txt
2026-01-09T00:40:30.574+08:00  INFO 18888 --- [carpool] [http-nio-8080-exec-6] c.e.c.c.LogLevelCountController          : 成功读取日志统计文件，内容长度: 1794
2026-01-09T00:40:31.081+08:00  INFO 18888 --- [carpool] [http-nio-8080-exec-3] c.e.c.c.LogLevelCountController          : 尝试读取日志统计文件...
2026-01-09T00:40:31.082+08:00  INFO 18888 --- [carpool] [http-nio-8080-exec-3] c.e.c.c.LogLevelCountController          : 找到日志统计文件: C:\Users\HS\Desktop\carpool\carpool-b\log_level_count.txt
2026-01-09T00:40:31.092+08:00  INFO 18888 --- [carpool] [http-nio-8080-exec-3] c.e.c.c.LogLevelCountController          : 成功读取日志统计文件，内容长度: 1794
2026-01-09T00:40:31.575+08:00  INFO 18888 --- [carpool] [http-nio-8080-exec-9] c.e.c.c.LogLevelCountController          : 尝试读取日志统计文件...
2026-01-09T00:40:31.576+08:00  INFO 18888 --- [carpool] [http-nio-8080-exec-9] c.e.c.c.LogLevelCountController          : 找到日志统计文件: C:\Users\HS\Desktop\carpool\carpool-b\log_level_count.txt
2026-01-09T00:40:31.576+08:00  INFO 18888 --- [carpool] [http-nio-8080-exec-9] c.e.c.c.LogLevelCountController          : 成功读取日志统计文件，内容长度: 1794
2026-01-09T00:40:32.074+08:00  INFO 18888 --- [carpool] [http-nio-8080-exec-10] c.e.c.c.LogLevelCountController          : 尝试读取日志统计文件...
2026-01-09T00:40:32.074+08:00  INFO 18888 --- [carpool] [http-nio-8080-exec-10] c.e.c.c.LogLevelCountController          : 找到日志统计文件: C:\Users\HS\Desktop\carpool\carpool-b\log_level_count.txt
2026-01-09T00:40:32.075+08:00  INFO 18888 --- [carpool] [http-nio-8080-exec-10] c.e.c.c.LogLevelCountController          : 成功读取日志统计文件，内容长度: 1794
2026-01-09T00:40:32.584+08:00  INFO 18888 --- [carpool] [http-nio-8080-exec-2] c.e.c.c.LogLevelCountController          : 尝试读取日志统计文件...
2026-01-09T00:40:32.585+08:00  INFO 18888 --- [carpool] [http-nio-8080-exec-2] c.e.c.c.LogLevelCountController          : 找到日志统计文件: C:\Users\HS\Desktop\carpool\carpool-b\log_level_count.txt
2026-01-09T00:40:32.595+08:00  INFO 18888 --- [carpool] [http-nio-8080-exec-2] c.e.c.c.LogLevelCountController          : 成功读取日志统计文件，内容长度: 1794
2026-01-09T00:40:33.076+08:00  INFO 18888 --- [carpool] [http-nio-8080-exec-5] c.e.c.c.LogLevelCountController          : 尝试读取日志统计文件...
2026-01-09T00:40:33.076+08:00  INFO 18888 --- [carpool] [http-nio-8080-exec-5] c.e.c.c.LogLevelCountController          : 找到日志统计文件: C:\Users\HS\Desktop\carpool\carpool-b\log_level_count.txt
2026-01-09T00:40:33.077+08:00  INFO 18888 --- [carpool] [http-nio-8080-exec-5] c.e.c.c.LogLevelCountController          : 成功读取日志统计文件，内容长度: 1794
2026-01-09T00:40:33.573+08:00  INFO 18888 --- [carpool] [http-nio-8080-exec-7] c.e.c.c.LogLevelCountController          : 尝试读取日志统计文件...
2026-01-09T00:40:33.573+08:00  INFO 18888 --- [carpool] [http-nio-8080-exec-7] c.e.c.c.LogLevelCountController          : 找到日志统计文件: C:\Users\HS\Desktop\carpool\carpool-b\log_level_count.txt
2026-01-09T00:40:33.573+08:00  INFO 18888 --- [carpool] [http-nio-8080-exec-7] c.e.c.c.LogLevelCountController          : 成功读取日志统计文件，内容长度: 1794
2026-01-09T00:40:34.584+08:00  INFO 18888 --- [carpool] [http-nio-8080-exec-8] c.e.c.c.LogLevelCountController          : 尝试读取日志统计文件...
2026-01-09T00:40:34.585+08:00  INFO 18888 --- [carpool] [http-nio-8080-exec-8] c.e.c.c.LogLevelCountController          : 找到日志统计文件: C:\Users\HS\Desktop\carpool\carpool-b\log_level_count.txt
2026-01-09T00:40:34.597+08:00  INFO 18888 --- [carpool] [http-nio-8080-exec-8] c.e.c.c.LogLevelCountController          : 成功读取日志统计文件，内容长度: 1794
2026-01-09T00:40:35.573+08:00  INFO 18888 --- [carpool] [http-nio-8080-exec-1] c.e.c.c.LogLevelCountController          : 尝试读取日志统计文件...
2026-01-09T00:40:35.573+08:00  INFO 18888 --- [carpool] [http-nio-8080-exec-1] c.e.c.c.LogLevelCountController          : 找到日志统计文件: C:\Users\HS\Desktop\carpool\carpool-b\log_level_count.txt
2026-01-09T00:40:35.586+08:00  INFO 18888 --- [carpool] [http-nio-8080-exec-1] c.e.c.c.LogLevelCountController          : 成功读取日志统计文件，内容长度: 1793
2026-01-09T00:40:36.579+08:00  INFO 18888 --- [carpool] [http-nio-8080-exec-4] c.e.c.c.LogLevelCountController          : 尝试读取日志统计文件...
2026-01-09T00:40:36.579+08:00  INFO 18888 --- [carpool] [http-nio-8080-exec-4] c.e.c.c.LogLevelCountController          : 找到日志统计文件: C:\Users\HS\Desktop\carpool\carpool-b\log_level_count.txt
2026-01-09T00:40:36.590+08:00  INFO 18888 --- [carpool] [http-nio-8080-exec-4] c.e.c.c.LogLevelCountController          : 成功读取日志统计文件，内容长度: 1793
2026-01-09T00:40:37.585+08:00  INFO 18888 --- [carpool] [http-nio-8080-exec-6] c.e.c.c.LogLevelCountController          : 尝试读取日志统计文件...
2026-01-09T00:40:37.586+08:00  INFO 18888 --- [carpool] [http-nio-8080-exec-6] c.e.c.c.LogLevelCountController          : 找到日志统计文件: C:\Users\HS\Desktop\carpool\carpool-b\log_level_count.txt
2026-01-09T00:40:37.586+08:00  INFO 18888 --- [carpool] [http-nio-8080-exec-6] c.e.c.c.LogLevelCountController          : 成功读取日志统计文件，内容长度: 1793
2026-01-09T00:40:38.574+08:00  INFO 18888 --- [carpool] [http-nio-8080-exec-3] c.e.c.c.LogLevelCountController          : 尝试读取日志统计文件...
2026-01-09T00:40:38.574+08:00  INFO 18888 --- [carpool] [http-nio-8080-exec-3] c.e.c.c.LogLevelCountController          : 找到日志统计文件: C:\Users\HS\Desktop\carpool\carpool-b\log_level_count.txt
2026-01-09T00:40:38.585+08:00  INFO 18888 --- [carpool] [http-nio-8080-exec-3] c.e.c.c.LogLevelCountController          : 成功读取日志统计文件，内容长度: 1794
2026-01-09T00:40:39.574+08:00  INFO 18888 --- [carpool] [http-nio-8080-exec-9] c.e.c.c.LogLevelCountController          : 尝试读取日志统计文件...
2026-01-09T00:40:39.574+08:00  INFO 18888 --- [carpool] [http-nio-8080-exec-9] c.e.c.c.LogLevelCountController          : 找到日志统计文件: C:\Users\HS\Desktop\carpool\carpool-b\log_level_count.txt
2026-01-09T00:40:39.591+08:00  INFO 18888 --- [carpool] [http-nio-8080-exec-9] c.e.c.c.LogLevelCountController          : 成功读取日志统计文件，内容长度: 1793
2026-01-09T00:40:40.578+08:00  INFO 18888 --- [carpool] [http-nio-8080-exec-10] c.e.c.c.LogLevelCountController          : 尝试读取日志统计文件...
2026-01-09T00:40:40.579+08:00  INFO 18888 --- [carpool] [http-nio-8080-exec-10] c.e.c.c.LogLevelCountController          : 找到日志统计文件: C:\Users\HS\Desktop\carpool\carpool-b\log_level_count.txt
2026-01-09T00:40:40.588+08:00  INFO 18888 --- [carpool] [http-nio-8080-exec-10] c.e.c.c.LogLevelCountController          : 成功读取日志统计文件，内容长度: 1793
2026-01-09T00:40:41.584+08:00  INFO 18888 --- [carpool] [http-nio-8080-exec-2] c.e.c.c.LogLevelCountController          : 尝试读取日志统计文件...
2026-01-09T00:40:41.585+08:00  INFO 18888 --- [carpool] [http-nio-8080-exec-2] c.e.c.c.LogLevelCountController          : 找到日志统计文件: C:\Users\HS\Desktop\carpool\carpool-b\log_level_count.txt
2026-01-09T00:40:41.585+08:00  INFO 18888 --- [carpool] [http-nio-8080-exec-2] c.e.c.c.LogLevelCountController          : 成功读取日志统计文件，内容长度: 1793
2026-01-09T00:40:42.572+08:00  INFO 18888 --- [carpool] [http-nio-8080-exec-5] c.e.c.c.LogLevelCountController          : 尝试读取日志统计文件...
2026-01-09T00:40:42.572+08:00  INFO 18888 --- [carpool] [http-nio-8080-exec-5] c.e.c.c.LogLevelCountController          : 找到日志统计文件: C:\Users\HS\Desktop\carpool\carpool-b\log_level_count.txt
2026-01-09T00:40:42.584+08:00  INFO 18888 --- [carpool] [http-nio-8080-exec-5] c.e.c.c.LogLevelCountController          : 成功读取日志统计文件，内容长度: 1794
2026-01-09T00:40:43.572+08:00  INFO 18888 --- [carpool] [http-nio-8080-exec-7] c.e.c.c.LogLevelCountController          : 尝试读取日志统计文件...
2026-01-09T00:40:43.572+08:00  INFO 18888 --- [carpool] [http-nio-8080-exec-7] c.e.c.c.LogLevelCountController          : 找到日志统计文件: C:\Users\HS\Desktop\carpool\carpool-b\log_level_count.txt
2026-01-09T00:40:43.584+08:00  INFO 18888 --- [carpool] [http-nio-8080-exec-7] c.e.c.c.LogLevelCountController          : 成功读取日志统计文件，内容长度: 1793
2026-01-09T00:40:44.584+08:00  INFO 18888 --- [carpool] [http-nio-8080-exec-8] c.e.c.c.LogLevelCountController          : 尝试读取日志统计文件...
2026-01-09T00:40:44.584+08:00  INFO 18888 --- [carpool] [http-nio-8080-exec-8] c.e.c.c.LogLevelCountController          : 找到日志统计文件: C:\Users\HS\Desktop\carpool\carpool-b\log_level_count.txt
2026-01-09T00:40:44.596+08:00  INFO 18888 --- [carpool] [http-nio-8080-exec-8] c.e.c.c.LogLevelCountController          : 成功读取日志统计文件，内容长度: 1793
2026-01-09T00:40:45.572+08:00  INFO 18888 --- [carpool] [http-nio-8080-exec-1] c.e.c.c.LogLevelCountController          : 尝试读取日志统计文件...
2026-01-09T00:40:45.572+08:00  INFO 18888 --- [carpool] [http-nio-8080-exec-1] c.e.c.c.LogLevelCountController          : 找到日志统计文件: C:\Users\HS\Desktop\carpool\carpool-b\log_level_count.txt
2026-01-09T00:40:45.572+08:00  INFO 18888 --- [carpool] [http-nio-8080-exec-1] c.e.c.c.LogLevelCountController          : 成功读取日志统计文件，内容长度: 1793
2026-01-09T00:40:46.580+08:00  INFO 18888 --- [carpool] [http-nio-8080-exec-4] c.e.c.c.LogLevelCountController          : 尝试读取日志统计文件...
2026-01-09T00:40:46.580+08:00  INFO 18888 --- [carpool] [http-nio-8080-exec-4] c.e.c.c.LogLevelCountController          : 找到日志统计文件: C:\Users\HS\Desktop\carpool\carpool-b\log_level_count.txt
2026-01-09T00:40:46.591+08:00  INFO 18888 --- [carpool] [http-nio-8080-exec-4] c.e.c.c.LogLevelCountController          : 成功读取日志统计文件，内容长度: 1794
2026-01-09T00:40:47.573+08:00  INFO 18888 --- [carpool] [http-nio-8080-exec-6] c.e.c.c.LogLevelCountController          : 尝试读取日志统计文件...
2026-01-09T00:40:47.573+08:00  INFO 18888 --- [carpool] [http-nio-8080-exec-6] c.e.c.c.LogLevelCountController          : 找到日志统计文件: C:\Users\HS\Desktop\carpool\carpool-b\log_level_count.txt
2026-01-09T00:40:47.584+08:00  INFO 18888 --- [carpool] [http-nio-8080-exec-6] c.e.c.c.LogLevelCountController          : 成功读取日志统计文件，内容长度: 1793
2026-01-09T00:40:48.578+08:00  INFO 18888 --- [carpool] [http-nio-8080-exec-3] c.e.c.c.LogLevelCountController          : 尝试读取日志统计文件...
2026-01-09T00:40:48.578+08:00  INFO 18888 --- [carpool] [http-nio-8080-exec-3] c.e.c.c.LogLevelCountController          : 找到日志统计文件: C:\Users\HS\Desktop\carpool\carpool-b\log_level_count.txt
2026-01-09T00:40:48.587+08:00  INFO 18888 --- [carpool] [http-nio-8080-exec-3] c.e.c.c.LogLevelCountController          : 成功读取日志统计文件，内容长度: 1793
2026-01-09T00:40:49.575+08:00  INFO 18888 --- [carpool] [http-nio-8080-exec-9] c.e.c.c.LogLevelCountController          : 尝试读取日志统计文件...
2026-01-09T00:40:49.575+08:00  INFO 18888 --- [carpool] [http-nio-8080-exec-9] c.e.c.c.LogLevelCountController          : 找到日志统计文件: C:\Users\HS\Desktop\carpool\carpool-b\log_level_count.txt
2026-01-09T00:40:49.576+08:00  INFO 18888 --- [carpool] [http-nio-8080-exec-9] c.e.c.c.LogLevelCountController          : 成功读取日志统计文件，内容长度: 1793
2026-01-09T00:40:50.585+08:00  INFO 18888 --- [carpool] [http-nio-8080-exec-10] c.e.c.c.LogLevelCountController          : 尝试读取日志统计文件...
2026-01-09T00:40:50.585+08:00  INFO 18888 --- [carpool] [http-nio-8080-exec-10] c.e.c.c.LogLevelCountController          : 找到日志统计文件: C:\Users\HS\Desktop\carpool\carpool-b\log_level_count.txt
2026-01-09T00:40:50.600+08:00  INFO 18888 --- [carpool] [http-nio-8080-exec-10] c.e.c.c.LogLevelCountController          : 成功读取日志统计文件，内容长度: 1794
2026-01-09T00:40:51.573+08:00  INFO 18888 --- [carpool] [http-nio-8080-exec-2] c.e.c.c.LogLevelCountController          : 尝试读取日志统计文件...
2026-01-09T00:40:51.574+08:00  INFO 18888 --- [carpool] [http-nio-8080-exec-2] c.e.c.c.LogLevelCountController          : 找到日志统计文件: C:\Users\HS\Desktop\carpool\carpool-b\log_level_count.txt
2026-01-09T00:40:51.584+08:00  INFO 18888 --- [carpool] [http-nio-8080-exec-2] c.e.c.c.LogLevelCountController          : 成功读取日志统计文件，内容长度: 1793
2026-01-09T00:40:52.572+08:00  INFO 18888 --- [carpool] [http-nio-8080-exec-5] c.e.c.c.LogLevelCountController          : 尝试读取日志统计文件...
2026-01-09T00:40:52.572+08:00  INFO 18888 --- [carpool] [http-nio-8080-exec-5] c.e.c.c.LogLevelCountController          : 找到日志统计文件: C:\Users\HS\Desktop\carpool\carpool-b\log_level_count.txt
2026-01-09T00:40:52.584+08:00  INFO 18888 --- [carpool] [http-nio-8080-exec-5] c.e.c.c.LogLevelCountController          : 成功读取日志统计文件，内容长度: 1793
2026-01-09T00:40:53.578+08:00  INFO 18888 --- [carpool] [http-nio-8080-exec-7] c.e.c.c.LogLevelCountController          : 尝试读取日志统计文件...
2026-01-09T00:40:53.579+08:00  INFO 18888 --- [carpool] [http-nio-8080-exec-7] c.e.c.c.LogLevelCountController          : 找到日志统计文件: C:\Users\HS\Desktop\carpool\carpool-b\log_level_count.txt
2026-01-09T00:40:53.579+08:00  INFO 18888 --- [carpool] [http-nio-8080-exec-7] c.e.c.c.LogLevelCountController          : 成功读取日志统计文件，内容长度: 1793
2026-01-09T00:40:54.575+08:00  INFO 18888 --- [carpool] [http-nio-8080-exec-8] c.e.c.c.LogLevelCountController          : 尝试读取日志统计文件...
2026-01-09T00:40:54.575+08:00  INFO 18888 --- [carpool] [http-nio-8080-exec-8] c.e.c.c.LogLevelCountController          : 找到日志统计文件: C:\Users\HS\Desktop\carpool\carpool-b\log_level_count.txt
2026-01-09T00:40:54.585+08:00  INFO 18888 --- [carpool] [http-nio-8080-exec-8] c.e.c.c.LogLevelCountController          : 成功读取日志统计文件，内容长度: 1794
2026-01-09T00:40:55.574+08:00  INFO 18888 --- [carpool] [http-nio-8080-exec-1] c.e.c.c.LogLevelCountController          : 尝试读取日志统计文件...
2026-01-09T00:40:55.574+08:00  INFO 18888 --- [carpool] [http-nio-8080-exec-1] c.e.c.c.LogLevelCountController          : 找到日志统计文件: C:\Users\HS\Desktop\carpool\carpool-b\log_level_count.txt
2026-01-09T00:40:55.585+08:00  INFO 18888 --- [carpool] [http-nio-8080-exec-1] c.e.c.c.LogLevelCountController          : 成功读取日志统计文件，内容长度: 1793
2026-01-09T00:40:56.575+08:00  INFO 18888 --- [carpool] [http-nio-8080-exec-4] c.e.c.c.LogLevelCountController          : 尝试读取日志统计文件...
2026-01-09T00:40:56.575+08:00  INFO 18888 --- [carpool] [http-nio-8080-exec-4] c.e.c.c.LogLevelCountController          : 找到日志统计文件: C:\Users\HS\Desktop\carpool\carpool-b\log_level_count.txt
2026-01-09T00:40:56.586+08:00  INFO 18888 --- [carpool] [http-nio-8080-exec-4] c.e.c.c.LogLevelCountController          : 成功读取日志统计文件，内容长度: 1793
2026-01-09T00:40:57.585+08:00  INFO 18888 --- [carpool] [http-nio-8080-exec-6] c.e.c.c.LogLevelCountController          : 尝试读取日志统计文件...
2026-01-09T00:40:57.585+08:00  INFO 18888 --- [carpool] [http-nio-8080-exec-6] c.e.c.c.LogLevelCountController          : 找到日志统计文件: C:\Users\HS\Desktop\carpool\carpool-b\log_level_count.txt
2026-01-09T00:40:57.586+08:00  INFO 18888 --- [carpool] [http-nio-8080-exec-6] c.e.c.c.LogLevelCountController          : 成功读取日志统计文件，内容长度: 1793
2026-01-09T00:40:58.583+08:00  INFO 18888 --- [carpool] [http-nio-8080-exec-3] c.e.c.c.LogLevelCountController          : 尝试读取日志统计文件...
2026-01-09T00:40:58.583+08:00  INFO 18888 --- [carpool] [http-nio-8080-exec-3] c.e.c.c.LogLevelCountController          : 找到日志统计文件: C:\Users\HS\Desktop\carpool\carpool-b\log_level_count.txt
2026-01-09T00:40:58.594+08:00  INFO 18888 --- [carpool] [http-nio-8080-exec-3] c.e.c.c.LogLevelCountController          : 成功读取日志统计文件，内容长度: 1794
2026-01-09T00:40:59.573+08:00  INFO 18888 --- [carpool] [http-nio-8080-exec-9] c.e.c.c.LogLevelCountController          : 尝试读取日志统计文件...
2026-01-09T00:40:59.573+08:00  INFO 18888 --- [carpool] [http-nio-8080-exec-9] c.e.c.c.LogLevelCountController          : 找到日志统计文件: C:\Users\HS\Desktop\carpool\carpool-b\log_level_count.txt
2026-01-09T00:40:59.585+08:00  INFO 18888 --- [carpool] [http-nio-8080-exec-9] c.e.c.c.LogLevelCountController          : 成功读取日志统计文件，内容长度: 1793
2026-01-09T00:41:00.572+08:00  INFO 18888 --- [carpool] [http-nio-8080-exec-10] c.e.c.c.LogLevelCountController          : 尝试读取日志统计文件...
2026-01-09T00:41:00.572+08:00  INFO 18888 --- [carpool] [http-nio-8080-exec-10] c.e.c.c.LogLevelCountController          : 找到日志统计文件: C:\Users\HS\Desktop\carpool\carpool-b\log_level_count.txt
2026-01-09T00:41:00.583+08:00  INFO 18888 --- [carpool] [http-nio-8080-exec-10] c.e.c.c.LogLevelCountController          : 成功读取日志统计文件，内容长度: 1793
2026-01-09T00:41:01.573+08:00  INFO 18888 --- [carpool] [http-nio-8080-exec-2] c.e.c.c.LogLevelCountController          : 尝试读取日志统计文件...
2026-01-09T00:41:01.574+08:00  INFO 18888 --- [carpool] [http-nio-8080-exec-2] c.e.c.c.LogLevelCountController          : 找到日志统计文件: C:\Users\HS\Desktop\carpool\carpool-b\log_level_count.txt
2026-01-09T00:41:01.574+08:00  INFO 18888 --- [carpool] [http-nio-8080-exec-2] c.e.c.c.LogLevelCountController          : 成功读取日志统计文件，内容长度: 1793
2026-01-09T00:41:02.587+08:00  INFO 18888 --- [carpool] [http-nio-8080-exec-5] c.e.c.c.LogLevelCountController          : 尝试读取日志统计文件...
2026-01-09T00:41:02.587+08:00  INFO 18888 --- [carpool] [http-nio-8080-exec-5] c.e.c.c.LogLevelCountController          : 找到日志统计文件: C:\Users\HS\Desktop\carpool\carpool-b\log_level_count.txt
2026-01-09T00:41:02.600+08:00  INFO 18888 --- [carpool] [http-nio-8080-exec-5] c.e.c.c.LogLevelCountController          : 成功读取日志统计文件，内容长度: 1794
2026-01-09T00:41:03.574+08:00  INFO 18888 --- [carpool] [http-nio-8080-exec-7] c.e.c.c.LogLevelCountController          : 尝试读取日志统计文件...
2026-01-09T00:41:03.574+08:00  INFO 18888 --- [carpool] [http-nio-8080-exec-7] c.e.c.c.LogLevelCountController          : 找到日志统计文件: C:\Users\HS\Desktop\carpool\carpool-b\log_level_count.txt
2026-01-09T00:41:03.586+08:00  INFO 18888 --- [carpool] [http-nio-8080-exec-7] c.e.c.c.LogLevelCountController          : 成功读取日志统计文件，内容长度: 1793
2026-01-09T00:41:04.577+08:00  INFO 18888 --- [carpool] [http-nio-8080-exec-8] c.e.c.c.LogLevelCountController          : 尝试读取日志统计文件...
2026-01-09T00:41:04.578+08:00  INFO 18888 --- [carpool] [http-nio-8080-exec-8] c.e.c.c.LogLevelCountController          : 找到日志统计文件: C:\Users\HS\Desktop\carpool\carpool-b\log_level_count.txt
2026-01-09T00:41:04.588+08:00  INFO 18888 --- [carpool] [http-nio-8080-exec-8] c.e.c.c.LogLevelCountController          : 成功读取日志统计文件，内容长度: 1793
2026-01-09T00:41:05.577+08:00  INFO 18888 --- [carpool] [http-nio-8080-exec-1] c.e.c.c.LogLevelCountController          : 尝试读取日志统计文件...
2026-01-09T00:41:05.577+08:00  INFO 18888 --- [carpool] [http-nio-8080-exec-1] c.e.c.c.LogLevelCountController          : 找到日志统计文件: C:\Users\HS\Desktop\carpool\carpool-b\log_level_count.txt
2026-01-09T00:41:05.578+08:00  INFO 18888 --- [carpool] [http-nio-8080-exec-1] c.e.c.c.LogLevelCountController          : 成功读取日志统计文件，内容长度: 1793
2026-01-09T00:41:05.851+08:00  INFO 18888 --- [carpool] [http-nio-8080-exec-4] c.e.c.c.LogLevelCountController          : 尝试读取日志统计文件...
2026-01-09T00:41:05.851+08:00  INFO 18888 --- [carpool] [http-nio-8080-exec-4] c.e.c.c.LogLevelCountController          : 找到日志统计文件: C:\Users\HS\Desktop\carpool\carpool-b\log_level_count.txt
2026-01-09T00:41:05.867+08:00  INFO 18888 --- [carpool] [http-nio-8080-exec-4] c.e.c.c.LogLevelCountController          : 成功读取日志统计文件，内容长度: 1794
2026-01-09T00:41:05.902+08:00  INFO 18888 --- [carpool] [http-nio-8080-exec-6] c.e.c.c.LogLevelCountController          : 尝试读取日志统计文件...
2026-01-09T00:41:05.902+08:00  INFO 18888 --- [carpool] [http-nio-8080-exec-6] c.e.c.c.LogLevelCountController          : 找到日志统计文件: C:\Users\HS\Desktop\carpool\carpool-b\log_level_count.txt
2026-01-09T00:41:05.902+08:00  INFO 18888 --- [carpool] [http-nio-8080-exec-6] c.e.c.c.LogLevelCountController          : 成功读取日志统计文件，内容长度: 1794
2026-01-09T00:41:05.962+08:00  INFO 18888 --- [carpool] [http-nio-8080-exec-3] c.e.c.c.LogLevelCountController          : 尝试读取日志统计文件...
2026-01-09T00:41:05.963+08:00  INFO 18888 --- [carpool] [http-nio-8080-exec-3] c.e.c.c.LogLevelCountController          : 找到日志统计文件: C:\Users\HS\Desktop\carpool\carpool-b\log_level_count.txt
2026-01-09T00:41:05.963+08:00  INFO 18888 --- [carpool] [http-nio-8080-exec-3] c.e.c.c.LogLevelCountController          : 成功读取日志统计文件，内容长度: 1794
2026-01-09T00:41:06.993+08:00  INFO 18888 --- [carpool] [http-nio-8080-exec-9] c.e.c.c.LogLevelCountController          : 尝试读取日志统计文件...
2026-01-09T00:41:06.993+08:00  INFO 18888 --- [carpool] [http-nio-8080-exec-9] c.e.c.c.LogLevelCountController          : 找到日志统计文件: C:\Users\HS\Desktop\carpool\carpool-b\log_level_count.txt
2026-01-09T00:41:06.994+08:00  INFO 18888 --- [carpool] [http-nio-8080-exec-9] c.e.c.c.LogLevelCountController          : 成功读取日志统计文件，内容长度: 1794
2026-01-09T00:41:07.077+08:00  INFO 18888 --- [carpool] [http-nio-8080-exec-10] c.e.c.c.LogLevelCountController          : 尝试读取日志统计文件...
2026-01-09T00:41:07.078+08:00  INFO 18888 --- [carpool] [http-nio-8080-exec-10] c.e.c.c.LogLevelCountController          : 找到日志统计文件: C:\Users\HS\Desktop\carpool\carpool-b\log_level_count.txt
2026-01-09T00:41:07.090+08:00  INFO 18888 --- [carpool] [http-nio-8080-exec-10] c.e.c.c.LogLevelCountController          : 成功读取日志统计文件，内容长度: 1795
2026-01-09T00:41:07.573+08:00  INFO 18888 --- [carpool] [http-nio-8080-exec-2] c.e.c.c.LogLevelCountController          : 尝试读取日志统计文件...
2026-01-09T00:41:07.573+08:00  INFO 18888 --- [carpool] [http-nio-8080-exec-2] c.e.c.c.LogLevelCountController          : 找到日志统计文件: C:\Users\HS\Desktop\carpool\carpool-b\log_level_count.txt
2026-01-09T00:41:07.587+08:00  INFO 18888 --- [carpool] [http-nio-8080-exec-2] c.e.c.c.LogLevelCountController          : 成功读取日志统计文件，内容长度: 1795
2026-01-09T00:41:09.076+08:00  INFO 18888 --- [carpool] [http-nio-8080-exec-5] c.e.c.c.LogLevelCountController          : 尝试读取日志统计文件...
2026-01-09T00:41:09.076+08:00  INFO 18888 --- [carpool] [http-nio-8080-exec-5] c.e.c.c.LogLevelCountController          : 找到日志统计文件: C:\Users\HS\Desktop\carpool\carpool-b\log_level_count.txt
2026-01-09T00:41:09.087+08:00  INFO 18888 --- [carpool] [http-nio-8080-exec-5] c.e.c.c.LogLevelCountController          : 成功读取日志统计文件，内容长度: 1794
2026-01-09T00:41:09.834+08:00  INFO 18888 --- [carpool] [http-nio-8080-exec-7] c.e.c.c.LogLevelCountController          : 尝试读取日志统计文件...
2026-01-09T00:41:09.834+08:00  INFO 18888 --- [carpool] [http-nio-8080-exec-7] c.e.c.c.LogLevelCountController          : 找到日志统计文件: C:\Users\HS\Desktop\carpool\carpool-b\log_level_count.txt
2026-01-09T00:41:09.848+08:00  INFO 18888 --- [carpool] [http-nio-8080-exec-7] c.e.c.c.LogLevelCountController          : 成功读取日志统计文件，内容长度: 1793
2026-01-09T00:41:10.584+08:00  INFO 18888 --- [carpool] [http-nio-8080-exec-8] c.e.c.c.LogLevelCountController          : 尝试读取日志统计文件...
2026-01-09T00:41:10.584+08:00  INFO 18888 --- [carpool] [http-nio-8080-exec-8] c.e.c.c.LogLevelCountController          : 找到日志统计文件: C:\Users\HS\Desktop\carpool\carpool-b\log_level_count.txt
2026-01-09T00:41:10.585+08:00  INFO 18888 --- [carpool] [http-nio-8080-exec-8] c.e.c.c.LogLevelCountController          : 成功读取日志统计文件，内容长度: 1793
2026-01-09T00:41:11.572+08:00  INFO 18888 --- [carpool] [http-nio-8080-exec-1] c.e.c.c.LogLevelCountController          : 尝试读取日志统计文件...
2026-01-09T00:41:11.572+08:00  INFO 18888 --- [carpool] [http-nio-8080-exec-1] c.e.c.c.LogLevelCountController          : 找到日志统计文件: C:\Users\HS\Desktop\carpool\carpool-b\log_level_count.txt
2026-01-09T00:41:11.583+08:00  INFO 18888 --- [carpool] [http-nio-8080-exec-1] c.e.c.c.LogLevelCountController          : 成功读取日志统计文件，内容长度: 1794
2026-01-09T00:41:12.579+08:00  INFO 18888 --- [carpool] [http-nio-8080-exec-4] c.e.c.c.LogLevelCountController          : 尝试读取日志统计文件...
2026-01-09T00:41:12.579+08:00  INFO 18888 --- [carpool] [http-nio-8080-exec-4] c.e.c.c.LogLevelCountController          : 找到日志统计文件: C:\Users\HS\Desktop\carpool\carpool-b\log_level_count.txt
2026-01-09T00:41:12.589+08:00  INFO 18888 --- [carpool] [http-nio-8080-exec-4] c.e.c.c.LogLevelCountController          : 成功读取日志统计文件，内容长度: 1793
2026-01-09T00:41:13.573+08:00  INFO 18888 --- [carpool] [http-nio-8080-exec-6] c.e.c.c.LogLevelCountController          : 尝试读取日志统计文件...
2026-01-09T00:41:13.573+08:00  INFO 18888 --- [carpool] [http-nio-8080-exec-6] c.e.c.c.LogLevelCountController          : 找到日志统计文件: C:\Users\HS\Desktop\carpool\carpool-b\log_level_count.txt
2026-01-09T00:41:13.573+08:00  INFO 18888 --- [carpool] [http-nio-8080-exec-6] c.e.c.c.LogLevelCountController          : 成功读取日志统计文件，内容长度: 1793
2026-01-09T00:41:14.581+08:00  INFO 18888 --- [carpool] [http-nio-8080-exec-3] c.e.c.c.LogLevelCountController          : 尝试读取日志统计文件...
2026-01-09T00:41:14.582+08:00  INFO 18888 --- [carpool] [http-nio-8080-exec-3] c.e.c.c.LogLevelCountController          : 找到日志统计文件: C:\Users\HS\Desktop\carpool\carpool-b\log_level_count.txt
2026-01-09T00:41:14.594+08:00  INFO 18888 --- [carpool] [http-nio-8080-exec-3] c.e.c.c.LogLevelCountController          : 成功读取日志统计文件，内容长度: 1794
2026-01-09T00:41:15.575+08:00  INFO 18888 --- [carpool] [http-nio-8080-exec-9] c.e.c.c.LogLevelCountController          : 尝试读取日志统计文件...
2026-01-09T00:41:15.575+08:00  INFO 18888 --- [carpool] [http-nio-8080-exec-9] c.e.c.c.LogLevelCountController          : 找到日志统计文件: C:\Users\HS\Desktop\carpool\carpool-b\log_level_count.txt
2026-01-09T00:41:15.586+08:00  INFO 18888 --- [carpool] [http-nio-8080-exec-9] c.e.c.c.LogLevelCountController          : 成功读取日志统计文件，内容长度: 1793
2026-01-09T00:41:16.573+08:00  INFO 18888 --- [carpool] [http-nio-8080-exec-10] c.e.c.c.LogLevelCountController          : 尝试读取日志统计文件...
2026-01-09T00:41:16.573+08:00  INFO 18888 --- [carpool] [http-nio-8080-exec-10] c.e.c.c.LogLevelCountController          : 找到日志统计文件: C:\Users\HS\Desktop\carpool\carpool-b\log_level_count.txt
2026-01-09T00:41:16.581+08:00  INFO 18888 --- [carpool] [http-nio-8080-exec-10] c.e.c.c.LogLevelCountController          : 成功读取日志统计文件，内容长度: 1793
2026-01-09T00:41:17.574+08:00  INFO 18888 --- [carpool] [http-nio-8080-exec-2] c.e.c.c.LogLevelCountController          : 尝试读取日志统计文件...
2026-01-09T00:41:17.575+08:00  INFO 18888 --- [carpool] [http-nio-8080-exec-2] c.e.c.c.LogLevelCountController          : 找到日志统计文件: C:\Users\HS\Desktop\carpool\carpool-b\log_level_count.txt
2026-01-09T00:41:17.575+08:00  INFO 18888 --- [carpool] [http-nio-8080-exec-2] c.e.c.c.LogLevelCountController          : 成功读取日志统计文件，内容长度: 1793
2026-01-09T00:41:18.586+08:00  INFO 18888 --- [carpool] [http-nio-8080-exec-5] c.e.c.c.LogLevelCountController          : 尝试读取日志统计文件...
2026-01-09T00:41:18.586+08:00  INFO 18888 --- [carpool] [http-nio-8080-exec-5] c.e.c.c.LogLevelCountController          : 找到日志统计文件: C:\Users\HS\Desktop\carpool\carpool-b\log_level_count.txt
2026-01-09T00:41:18.598+08:00  INFO 18888 --- [carpool] [http-nio-8080-exec-5] c.e.c.c.LogLevelCountController          : 成功读取日志统计文件，内容长度: 1794
2026-01-09T00:41:19.577+08:00  INFO 18888 --- [carpool] [http-nio-8080-exec-7] c.e.c.c.LogLevelCountController          : 尝试读取日志统计文件...
2026-01-09T00:41:19.577+08:00  INFO 18888 --- [carpool] [http-nio-8080-exec-7] c.e.c.c.LogLevelCountController          : 找到日志统计文件: C:\Users\HS\Desktop\carpool\carpool-b\log_level_count.txt
2026-01-09T00:41:19.587+08:00  INFO 18888 --- [carpool] [http-nio-8080-exec-7] c.e.c.c.LogLevelCountController          : 成功读取日志统计文件，内容长度: 1793
2026-01-09T00:41:20.585+08:00  INFO 18888 --- [carpool] [http-nio-8080-exec-8] c.e.c.c.LogLevelCountController          : 尝试读取日志统计文件...
2026-01-09T00:41:20.585+08:00  INFO 18888 --- [carpool] [http-nio-8080-exec-8] c.e.c.c.LogLevelCountController          : 找到日志统计文件: C:\Users\HS\Desktop\carpool\carpool-b\log_level_count.txt
2026-01-09T00:41:20.595+08:00  INFO 18888 --- [carpool] [http-nio-8080-exec-8] c.e.c.c.LogLevelCountController          : 成功读取日志统计文件，内容长度: 1793
2026-01-09T00:41:21.572+08:00  INFO 18888 --- [carpool] [http-nio-8080-exec-1] c.e.c.c.LogLevelCountController          : 尝试读取日志统计文件...
2026-01-09T00:41:21.572+08:00  INFO 18888 --- [carpool] [http-nio-8080-exec-1] c.e.c.c.LogLevelCountController          : 找到日志统计文件: C:\Users\HS\Desktop\carpool\carpool-b\log_level_count.txt
2026-01-09T00:41:21.573+08:00  INFO 18888 --- [carpool] [http-nio-8080-exec-1] c.e.c.c.LogLevelCountController          : 成功读取日志统计文件，内容长度: 1793
2026-01-09T00:41:22.577+08:00  INFO 18888 --- [carpool] [http-nio-8080-exec-4] c.e.c.c.LogLevelCountController          : 尝试读取日志统计文件...
2026-01-09T00:41:22.577+08:00  INFO 18888 --- [carpool] [http-nio-8080-exec-4] c.e.c.c.LogLevelCountController          : 找到日志统计文件: C:\Users\HS\Desktop\carpool\carpool-b\log_level_count.txt
2026-01-09T00:41:22.589+08:00  INFO 18888 --- [carpool] [http-nio-8080-exec-4] c.e.c.c.LogLevelCountController          : 成功读取日志统计文件，内容长度: 1794
2026-01-09T00:41:23.584+08:00  INFO 18888 --- [carpool] [http-nio-8080-exec-6] c.e.c.c.LogLevelCountController          : 尝试读取日志统计文件...
2026-01-09T00:41:23.584+08:00  INFO 18888 --- [carpool] [http-nio-8080-exec-6] c.e.c.c.LogLevelCountController          : 找到日志统计文件: C:\Users\HS\Desktop\carpool\carpool-b\log_level_count.txt
2026-01-09T00:41:23.594+08:00  INFO 18888 --- [carpool] [http-nio-8080-exec-6] c.e.c.c.LogLevelCountController          : 成功读取日志统计文件，内容长度: 1793
2026-01-09T00:41:24.576+08:00  INFO 18888 --- [carpool] [http-nio-8080-exec-3] c.e.c.c.LogLevelCountController          : 尝试读取日志统计文件...
2026-01-09T00:41:24.576+08:00  INFO 18888 --- [carpool] [http-nio-8080-exec-3] c.e.c.c.LogLevelCountController          : 找到日志统计文件: C:\Users\HS\Desktop\carpool\carpool-b\log_level_count.txt
2026-01-09T00:41:24.587+08:00  INFO 18888 --- [carpool] [http-nio-8080-exec-3] c.e.c.c.LogLevelCountController          : 成功读取日志统计文件，内容长度: 1793
2026-01-09T00:41:25.572+08:00  INFO 18888 --- [carpool] [http-nio-8080-exec-9] c.e.c.c.LogLevelCountController          : 尝试读取日志统计文件...
2026-01-09T00:41:25.573+08:00  INFO 18888 --- [carpool] [http-nio-8080-exec-9] c.e.c.c.LogLevelCountController          : 找到日志统计文件: C:\Users\HS\Desktop\carpool\carpool-b\log_level_count.txt
2026-01-09T00:41:25.573+08:00  INFO 18888 --- [carpool] [http-nio-8080-exec-9] c.e.c.c.LogLevelCountController          : 成功读取日志统计文件，内容长度: 1793
2026-01-09T00:41:26.580+08:00  INFO 18888 --- [carpool] [http-nio-8080-exec-2] c.e.c.c.LogLevelCountController          : 尝试读取日志统计文件...
2026-01-09T00:41:26.580+08:00  INFO 18888 --- [carpool] [http-nio-8080-exec-2] c.e.c.c.LogLevelCountController          : 找到日志统计文件: C:\Users\HS\Desktop\carpool\carpool-b\log_level_count.txt
2026-01-09T00:41:26.591+08:00  INFO 18888 --- [carpool] [http-nio-8080-exec-2] c.e.c.c.LogLevelCountController          : 成功读取日志统计文件，内容长度: 1794
2026-01-09T00:41:27.574+08:00  INFO 18888 --- [carpool] [http-nio-8080-exec-5] c.e.c.c.LogLevelCountController          : 尝试读取日志统计文件...
2026-01-09T00:41:27.574+08:00  INFO 18888 --- [carpool] [http-nio-8080-exec-5] c.e.c.c.LogLevelCountController          : 找到日志统计文件: C:\Users\HS\Desktop\carpool\carpool-b\log_level_count.txt
2026-01-09T00:41:27.586+08:00  INFO 18888 --- [carpool] [http-nio-8080-exec-5] c.e.c.c.LogLevelCountController          : 成功读取日志统计文件，内容长度: 1793
2026-01-09T00:41:28.582+08:00  INFO 18888 --- [carpool] [http-nio-8080-exec-7] c.e.c.c.LogLevelCountController          : 尝试读取日志统计文件...
2026-01-09T00:41:28.582+08:00  INFO 18888 --- [carpool] [http-nio-8080-exec-7] c.e.c.c.LogLevelCountController          : 找到日志统计文件: C:\Users\HS\Desktop\carpool\carpool-b\log_level_count.txt
2026-01-09T00:41:28.594+08:00  INFO 18888 --- [carpool] [http-nio-8080-exec-7] c.e.c.c.LogLevelCountController          : 成功读取日志统计文件，内容长度: 1793
2026-01-09T00:41:29.576+08:00  INFO 18888 --- [carpool] [http-nio-8080-exec-8] c.e.c.c.LogLevelCountController          : 尝试读取日志统计文件...
2026-01-09T00:41:29.576+08:00  INFO 18888 --- [carpool] [http-nio-8080-exec-8] c.e.c.c.LogLevelCountController          : 找到日志统计文件: C:\Users\HS\Desktop\carpool\carpool-b\log_level_count.txt
2026-01-09T00:41:29.576+08:00  INFO 18888 --- [carpool] [http-nio-8080-exec-8] c.e.c.c.LogLevelCountController          : 成功读取日志统计文件，内容长度: 1793
2026-01-09T00:41:30.584+08:00  INFO 18888 --- [carpool] [http-nio-8080-exec-1] c.e.c.c.LogLevelCountController          : 尝试读取日志统计文件...
2026-01-09T00:41:30.585+08:00  INFO 18888 --- [carpool] [http-nio-8080-exec-1] c.e.c.c.LogLevelCountController          : 找到日志统计文件: C:\Users\HS\Desktop\carpool\carpool-b\log_level_count.txt
2026-01-09T00:41:30.595+08:00  INFO 18888 --- [carpool] [http-nio-8080-exec-1] c.e.c.c.LogLevelCountController          : 成功读取日志统计文件，内容长度: 1794
2026-01-09T00:41:31.575+08:00  INFO 18888 --- [carpool] [http-nio-8080-exec-4] c.e.c.c.LogLevelCountController          : 尝试读取日志统计文件...
2026-01-09T00:41:31.575+08:00  INFO 18888 --- [carpool] [http-nio-8080-exec-4] c.e.c.c.LogLevelCountController          : 找到日志统计文件: C:\Users\HS\Desktop\carpool\carpool-b\log_level_count.txt
2026-01-09T00:41:31.586+08:00  INFO 18888 --- [carpool] [http-nio-8080-exec-4] c.e.c.c.LogLevelCountController          : 成功读取日志统计文件，内容长度: 1793
2026-01-09T00:41:32.072+08:00  INFO 18888 --- [carpool] [http-nio-8080-exec-6] c.e.c.c.LogLevelCountController          : 尝试读取日志统计文件...
2026-01-09T00:41:32.072+08:00  INFO 18888 --- [carpool] [http-nio-8080-exec-6] c.e.c.c.LogLevelCountController          : 找到日志统计文件: C:\Users\HS\Desktop\carpool\carpool-b\log_level_count.txt
2026-01-09T00:41:32.073+08:00  INFO 18888 --- [carpool] [http-nio-8080-exec-6] c.e.c.c.LogLevelCountController          : 成功读取日志统计文件，内容长度: 1793
2026-01-09T00:41:32.586+08:00  INFO 18888 --- [carpool] [http-nio-8080-exec-3] c.e.c.c.LogLevelCountController          : 尝试读取日志统计文件...
2026-01-09T00:41:32.587+08:00  INFO 18888 --- [carpool] [http-nio-8080-exec-3] c.e.c.c.LogLevelCountController          : 找到日志统计文件: C:\Users\HS\Desktop\carpool\carpool-b\log_level_count.txt
2026-01-09T00:41:32.597+08:00  INFO 18888 --- [carpool] [http-nio-8080-exec-3] c.e.c.c.LogLevelCountController          : 成功读取日志统计文件，内容长度: 1794
2026-01-09T00:41:33.582+08:00  INFO 18888 --- [carpool] [http-nio-8080-exec-9] c.e.c.c.LogLevelCountController          : 尝试读取日志统计文件...
2026-01-09T00:41:33.583+08:00  INFO 18888 --- [carpool] [http-nio-8080-exec-9] c.e.c.c.LogLevelCountController          : 找到日志统计文件: C:\Users\HS\Desktop\carpool\carpool-b\log_level_count.txt
2026-01-09T00:41:33.583+08:00  INFO 18888 --- [carpool] [http-nio-8080-exec-9] c.e.c.c.LogLevelCountController          : 成功读取日志统计文件，内容长度: 1794
2026-01-09T00:41:34.578+08:00  INFO 18888 --- [carpool] [http-nio-8080-exec-10] c.e.c.c.LogLevelCountController          : 尝试读取日志统计文件...
2026-01-09T00:41:34.578+08:00  INFO 18888 --- [carpool] [http-nio-8080-exec-10] c.e.c.c.LogLevelCountController          : 找到日志统计文件: C:\Users\HS\Desktop\carpool\carpool-b\log_level_count.txt
2026-01-09T00:41:34.589+08:00  INFO 18888 --- [carpool] [http-nio-8080-exec-10] c.e.c.c.LogLevelCountController          : 成功读取日志统计文件，内容长度: 1794
2026-01-09T00:41:35.573+08:00  INFO 18888 --- [carpool] [http-nio-8080-exec-2] c.e.c.c.LogLevelCountController          : 尝试读取日志统计文件...
2026-01-09T00:41:35.573+08:00  INFO 18888 --- [carpool] [http-nio-8080-exec-2] c.e.c.c.LogLevelCountController          : 找到日志统计文件: C:\Users\HS\Desktop\carpool\carpool-b\log_level_count.txt
2026-01-09T00:41:35.583+08:00  INFO 18888 --- [carpool] [http-nio-8080-exec-2] c.e.c.c.LogLevelCountController          : 成功读取日志统计文件，内容长度: 1793
2026-01-09T00:41:36.588+08:00  INFO 18888 --- [carpool] [http-nio-8080-exec-5] c.e.c.c.LogLevelCountController          : 尝试读取日志统计文件...
2026-01-09T00:41:36.589+08:00  INFO 18888 --- [carpool] [http-nio-8080-exec-5] c.e.c.c.LogLevelCountController          : 找到日志统计文件: C:\Users\HS\Desktop\carpool\carpool-b\log_level_count.txt
2026-01-09T00:41:36.598+08:00  INFO 18888 --- [carpool] [http-nio-8080-exec-5] c.e.c.c.LogLevelCountController          : 成功读取日志统计文件，内容长度: 1793
2026-01-09T00:41:37.572+08:00  INFO 18888 --- [carpool] [http-nio-8080-exec-7] c.e.c.c.LogLevelCountController          : 尝试读取日志统计文件...
2026-01-09T00:41:37.573+08:00  INFO 18888 --- [carpool] [http-nio-8080-exec-7] c.e.c.c.LogLevelCountController          : 找到日志统计文件: C:\Users\HS\Desktop\carpool\carpool-b\log_level_count.txt
2026-01-09T00:41:37.573+08:00  INFO 18888 --- [carpool] [http-nio-8080-exec-7] c.e.c.c.LogLevelCountController          : 成功读取日志统计文件，内容长度: 1793
2026-01-09T00:41:38.573+08:00  INFO 18888 --- [carpool] [http-nio-8080-exec-8] c.e.c.c.LogLevelCountController          : 尝试读取日志统计文件...
2026-01-09T00:41:38.573+08:00  INFO 18888 --- [carpool] [http-nio-8080-exec-8] c.e.c.c.LogLevelCountController          : 找到日志统计文件: C:\Users\HS\Desktop\carpool\carpool-b\log_level_count.txt
2026-01-09T00:41:38.584+08:00  INFO 18888 --- [carpool] [http-nio-8080-exec-8] c.e.c.c.LogLevelCountController          : 成功读取日志统计文件，内容长度: 1794
2026-01-09T00:41:39.573+08:00  INFO 18888 --- [carpool] [http-nio-8080-exec-1] c.e.c.c.LogLevelCountController          : 尝试读取日志统计文件...
2026-01-09T00:41:39.573+08:00  INFO 18888 --- [carpool] [http-nio-8080-exec-1] c.e.c.c.LogLevelCountController          : 找到日志统计文件: C:\Users\HS\Desktop\carpool\carpool-b\log_level_count.txt
2026-01-09T00:41:39.582+08:00  INFO 18888 --- [carpool] [http-nio-8080-exec-1] c.e.c.c.LogLevelCountController          : 成功读取日志统计文件，内容长度: 1793
2026-01-09T00:41:40.573+08:00  INFO 18888 --- [carpool] [http-nio-8080-exec-4] c.e.c.c.LogLevelCountController          : 尝试读取日志统计文件...
2026-01-09T00:41:40.573+08:00  INFO 18888 --- [carpool] [http-nio-8080-exec-4] c.e.c.c.LogLevelCountController          : 找到日志统计文件: C:\Users\HS\Desktop\carpool\carpool-b\log_level_count.txt
2026-01-09T00:41:40.582+08:00  INFO 18888 --- [carpool] [http-nio-8080-exec-4] c.e.c.c.LogLevelCountController          : 成功读取日志统计文件，内容长度: 1793
2026-01-09T00:41:41.579+08:00  INFO 18888 --- [carpool] [http-nio-8080-exec-6] c.e.c.c.LogLevelCountController          : 尝试读取日志统计文件...
2026-01-09T00:41:41.580+08:00  INFO 18888 --- [carpool] [http-nio-8080-exec-6] c.e.c.c.LogLevelCountController          : 找到日志统计文件: C:\Users\HS\Desktop\carpool\carpool-b\log_level_count.txt
2026-01-09T00:41:41.580+08:00  INFO 18888 --- [carpool] [http-nio-8080-exec-6] c.e.c.c.LogLevelCountController          : 成功读取日志统计文件，内容长度: 1793
2026-01-09T00:41:42.574+08:00  INFO 18888 --- [carpool] [http-nio-8080-exec-3] c.e.c.c.LogLevelCountController          : 尝试读取日志统计文件...
2026-01-09T00:41:42.574+08:00  INFO 18888 --- [carpool] [http-nio-8080-exec-3] c.e.c.c.LogLevelCountController          : 找到日志统计文件: C:\Users\HS\Desktop\carpool\carpool-b\log_level_count.txt
2026-01-09T00:41:42.584+08:00  INFO 18888 --- [carpool] [http-nio-8080-exec-3] c.e.c.c.LogLevelCountController          : 成功读取日志统计文件，内容长度: 1794
2026-01-09T00:41:43.586+08:00  INFO 18888 --- [carpool] [http-nio-8080-exec-9] c.e.c.c.LogLevelCountController          : 尝试读取日志统计文件...
2026-01-09T00:41:43.587+08:00  INFO 18888 --- [carpool] [http-nio-8080-exec-9] c.e.c.c.LogLevelCountController          : 找到日志统计文件: C:\Users\HS\Desktop\carpool\carpool-b\log_level_count.txt
2026-01-09T00:41:43.596+08:00  INFO 18888 --- [carpool] [http-nio-8080-exec-9] c.e.c.c.LogLevelCountController          : 成功读取日志统计文件，内容长度: 1793
2026-01-09T00:41:44.572+08:00  INFO 18888 --- [carpool] [http-nio-8080-exec-10] c.e.c.c.LogLevelCountController          : 尝试读取日志统计文件...
2026-01-09T00:41:44.573+08:00  INFO 18888 --- [carpool] [http-nio-8080-exec-10] c.e.c.c.LogLevelCountController          : 找到日志统计文件: C:\Users\HS\Desktop\carpool\carpool-b\log_level_count.txt
2026-01-09T00:41:44.580+08:00  INFO 18888 --- [carpool] [http-nio-8080-exec-10] c.e.c.c.LogLevelCountController          : 成功读取日志统计文件，内容长度: 73
2026-01-09T00:41:45.573+08:00  INFO 18888 --- [carpool] [http-nio-8080-exec-2] c.e.c.c.LogLevelCountController          : 尝试读取日志统计文件...
2026-01-09T00:41:45.573+08:00  INFO 18888 --- [carpool] [http-nio-8080-exec-2] c.e.c.c.LogLevelCountController          : 找到日志统计文件: C:\Users\HS\Desktop\carpool\carpool-b\log_level_count.txt
2026-01-09T00:41:45.585+08:00  INFO 18888 --- [carpool] [http-nio-8080-exec-2] c.e.c.c.LogLevelCountController          : 成功读取日志统计文件，内容长度: 1793
2026-01-09T00:41:46.573+08:00  INFO 18888 --- [carpool] [http-nio-8080-exec-5] c.e.c.c.LogLevelCountController          : 尝试读取日志统计文件...
2026-01-09T00:41:46.573+08:00  INFO 18888 --- [carpool] [http-nio-8080-exec-5] c.e.c.c.LogLevelCountController          : 找到日志统计文件: C:\Users\HS\Desktop\carpool\carpool-b\log_level_count.txt
2026-01-09T00:41:46.585+08:00  INFO 18888 --- [carpool] [http-nio-8080-exec-5] c.e.c.c.LogLevelCountController          : 成功读取日志统计文件，内容长度: 1794
2026-01-09T00:41:47.579+08:00  INFO 18888 --- [carpool] [http-nio-8080-exec-7] c.e.c.c.LogLevelCountController          : 尝试读取日志统计文件...
2026-01-09T00:41:47.580+08:00  INFO 18888 --- [carpool] [http-nio-8080-exec-7] c.e.c.c.LogLevelCountController          : 找到日志统计文件: C:\Users\HS\Desktop\carpool\carpool-b\log_level_count.txt
2026-01-09T00:41:47.590+08:00  INFO 18888 --- [carpool] [http-nio-8080-exec-7] c.e.c.c.LogLevelCountController          : 成功读取日志统计文件，内容长度: 1793
2026-01-09T00:41:48.573+08:00  INFO 18888 --- [carpool] [http-nio-8080-exec-8] c.e.c.c.LogLevelCountController          : 尝试读取日志统计文件...
2026-01-09T00:41:48.573+08:00  INFO 18888 --- [carpool] [http-nio-8080-exec-8] c.e.c.c.LogLevelCountController          : 找到日志统计文件: C:\Users\HS\Desktop\carpool\carpool-b\log_level_count.txt
2026-01-09T00:41:48.573+08:00  INFO 18888 --- [carpool] [http-nio-8080-exec-8] c.e.c.c.LogLevelCountController          : 成功读取日志统计文件，内容长度: 1793
2026-01-09T00:41:49.572+08:00  INFO 18888 --- [carpool] [http-nio-8080-exec-1] c.e.c.c.LogLevelCountController          : 尝试读取日志统计文件...
2026-01-09T00:41:49.572+08:00  INFO 18888 --- [carpool] [http-nio-8080-exec-1] c.e.c.c.LogLevelCountController          : 找到日志统计文件: C:\Users\HS\Desktop\carpool\carpool-b\log_level_count.txt
2026-01-09T00:41:49.582+08:00  INFO 18888 --- [carpool] [http-nio-8080-exec-1] c.e.c.c.LogLevelCountController          : 成功读取日志统计文件，内容长度: 1794
2026-01-09T00:41:50.573+08:00  INFO 18888 --- [carpool] [http-nio-8080-exec-4] c.e.c.c.LogLevelCountController          : 尝试读取日志统计文件...
2026-01-09T00:41:50.573+08:00  INFO 18888 --- [carpool] [http-nio-8080-exec-4] c.e.c.c.LogLevelCountController          : 找到日志统计文件: C:\Users\HS\Desktop\carpool\carpool-b\log_level_count.txt
2026-01-09T00:41:50.584+08:00  INFO 18888 --- [carpool] [http-nio-8080-exec-4] c.e.c.c.LogLevelCountController          : 成功读取日志统计文件，内容长度: 1793
2026-01-09T00:41:51.572+08:00  INFO 18888 --- [carpool] [http-nio-8080-exec-6] c.e.c.c.LogLevelCountController          : 尝试读取日志统计文件...
2026-01-09T00:41:51.573+08:00  INFO 18888 --- [carpool] [http-nio-8080-exec-6] c.e.c.c.LogLevelCountController          : 找到日志统计文件: C:\Users\HS\Desktop\carpool\carpool-b\log_level_count.txt
2026-01-09T00:41:51.583+08:00  INFO 18888 --- [carpool] [http-nio-8080-exec-6] c.e.c.c.LogLevelCountController          : 成功读取日志统计文件，内容长度: 1793
2026-01-09T00:41:52.573+08:00  INFO 18888 --- [carpool] [http-nio-8080-exec-3] c.e.c.c.LogLevelCountController          : 尝试读取日志统计文件...
2026-01-09T00:41:52.573+08:00  INFO 18888 --- [carpool] [http-nio-8080-exec-3] c.e.c.c.LogLevelCountController          : 找到日志统计文件: C:\Users\HS\Desktop\carpool\carpool-b\log_level_count.txt
2026-01-09T00:41:52.574+08:00  INFO 18888 --- [carpool] [http-nio-8080-exec-3] c.e.c.c.LogLevelCountController          : 成功读取日志统计文件，内容长度: 1793
2026-01-09T00:41:53.574+08:00  INFO 18888 --- [carpool] [http-nio-8080-exec-9] c.e.c.c.LogLevelCountController          : 尝试读取日志统计文件...
2026-01-09T00:41:53.575+08:00  INFO 18888 --- [carpool] [http-nio-8080-exec-9] c.e.c.c.LogLevelCountController          : 找到日志统计文件: C:\Users\HS\Desktop\carpool\carpool-b\log_level_count.txt
2026-01-09T00:41:53.586+08:00  INFO 18888 --- [carpool] [http-nio-8080-exec-9] c.e.c.c.LogLevelCountController          : 成功读取日志统计文件，内容长度: 1794
2026-01-09T00:41:54.573+08:00  INFO 18888 --- [carpool] [http-nio-8080-exec-10] c.e.c.c.LogLevelCountController          : 尝试读取日志统计文件...
2026-01-09T00:41:54.573+08:00  INFO 18888 --- [carpool] [http-nio-8080-exec-10] c.e.c.c.LogLevelCountController          : 找到日志统计文件: C:\Users\HS\Desktop\carpool\carpool-b\log_level_count.txt
2026-01-09T00:41:54.585+08:00  INFO 18888 --- [carpool] [http-nio-8080-exec-10] c.e.c.c.LogLevelCountController          : 成功读取日志统计文件，内容长度: 1793
2026-01-09T00:41:55.574+08:00  INFO 18888 --- [carpool] [http-nio-8080-exec-2] c.e.c.c.LogLevelCountController          : 尝试读取日志统计文件...
2026-01-09T00:41:55.574+08:00  INFO 18888 --- [carpool] [http-nio-8080-exec-2] c.e.c.c.LogLevelCountController          : 找到日志统计文件: C:\Users\HS\Desktop\carpool\carpool-b\log_level_count.txt
2026-01-09T00:41:55.586+08:00  INFO 18888 --- [carpool] [http-nio-8080-exec-2] c.e.c.c.LogLevelCountController          : 成功读取日志统计文件，内容长度: 1793
2026-01-09T00:41:56.581+08:00  INFO 18888 --- [carpool] [http-nio-8080-exec-5] c.e.c.c.LogLevelCountController          : 尝试读取日志统计文件...
2026-01-09T00:41:56.581+08:00  INFO 18888 --- [carpool] [http-nio-8080-exec-5] c.e.c.c.LogLevelCountController          : 找到日志统计文件: C:\Users\HS\Desktop\carpool\carpool-b\log_level_count.txt
2026-01-09T00:41:56.581+08:00  INFO 18888 --- [carpool] [http-nio-8080-exec-5] c.e.c.c.LogLevelCountController          : 成功读取日志统计文件，内容长度: 1793
2026-01-09T00:41:57.573+08:00  INFO 18888 --- [carpool] [http-nio-8080-exec-7] c.e.c.c.LogLevelCountController          : 尝试读取日志统计文件...
2026-01-09T00:41:57.573+08:00  INFO 18888 --- [carpool] [http-nio-8080-exec-7] c.e.c.c.LogLevelCountController          : 找到日志统计文件: C:\Users\HS\Desktop\carpool\carpool-b\log_level_count.txt
2026-01-09T00:41:57.585+08:00  INFO 18888 --- [carpool] [http-nio-8080-exec-7] c.e.c.c.LogLevelCountController          : 成功读取日志统计文件，内容长度: 1794
2026-01-09T00:41:58.586+08:00  INFO 18888 --- [carpool] [http-nio-8080-exec-8] c.e.c.c.LogLevelCountController          : 尝试读取日志统计文件...
2026-01-09T00:41:58.586+08:00  INFO 18888 --- [carpool] [http-nio-8080-exec-8] c.e.c.c.LogLevelCountController          : 找到日志统计文件: C:\Users\HS\Desktop\carpool\carpool-b\log_level_count.txt
2026-01-09T00:41:58.598+08:00  INFO 18888 --- [carpool] [http-nio-8080-exec-8] c.e.c.c.LogLevelCountController          : 成功读取日志统计文件，内容长度: 1793
2026-01-09T00:41:59.579+08:00  INFO 18888 --- [carpool] [http-nio-8080-exec-1] c.e.c.c.LogLevelCountController          : 尝试读取日志统计文件...
2026-01-09T00:41:59.579+08:00  INFO 18888 --- [carpool] [http-nio-8080-exec-1] c.e.c.c.LogLevelCountController          : 找到日志统计文件: C:\Users\HS\Desktop\carpool\carpool-b\log_level_count.txt
2026-01-09T00:41:59.589+08:00  INFO 18888 --- [carpool] [http-nio-8080-exec-1] c.e.c.c.LogLevelCountController          : 成功读取日志统计文件，内容长度: 1793
2026-01-09T00:42:00.572+08:00  INFO 18888 --- [carpool] [http-nio-8080-exec-4] c.e.c.c.LogLevelCountController          : 尝试读取日志统计文件...
2026-01-09T00:42:00.572+08:00  INFO 18888 --- [carpool] [http-nio-8080-exec-4] c.e.c.c.LogLevelCountController          : 找到日志统计文件: C:\Users\HS\Desktop\carpool\carpool-b\log_level_count.txt
2026-01-09T00:42:00.572+08:00  INFO 18888 --- [carpool] [http-nio-8080-exec-4] c.e.c.c.LogLevelCountController          : 成功读取日志统计文件，内容长度: 1793
2026-01-09T00:42:01.578+08:00  INFO 18888 --- [carpool] [http-nio-8080-exec-6] c.e.c.c.LogLevelCountController          : 尝试读取日志统计文件...
2026-01-09T00:42:01.578+08:00  INFO 18888 --- [carpool] [http-nio-8080-exec-6] c.e.c.c.LogLevelCountController          : 找到日志统计文件: C:\Users\HS\Desktop\carpool\carpool-b\log_level_count.txt
2026-01-09T00:42:01.587+08:00  INFO 18888 --- [carpool] [http-nio-8080-exec-6] c.e.c.c.LogLevelCountController          : 成功读取日志统计文件，内容长度: 1794
2026-01-09T00:42:02.573+08:00  INFO 18888 --- [carpool] [http-nio-8080-exec-3] c.e.c.c.LogLevelCountController          : 尝试读取日志统计文件...
2026-01-09T00:42:02.573+08:00  INFO 18888 --- [carpool] [http-nio-8080-exec-3] c.e.c.c.LogLevelCountController          : 找到日志统计文件: C:\Users\HS\Desktop\carpool\carpool-b\log_level_count.txt
2026-01-09T00:42:02.586+08:00  INFO 18888 --- [carpool] [http-nio-8080-exec-3] c.e.c.c.LogLevelCountController          : 成功读取日志统计文件，内容长度: 1793
2026-01-09T00:42:03.574+08:00  INFO 18888 --- [carpool] [http-nio-8080-exec-9] c.e.c.c.LogLevelCountController          : 尝试读取日志统计文件...
2026-01-09T00:42:03.574+08:00  INFO 18888 --- [carpool] [http-nio-8080-exec-9] c.e.c.c.LogLevelCountController          : 找到日志统计文件: C:\Users\HS\Desktop\carpool\carpool-b\log_level_count.txt
2026-01-09T00:42:03.584+08:00  INFO 18888 --- [carpool] [http-nio-8080-exec-9] c.e.c.c.LogLevelCountController          : 成功读取日志统计文件，内容长度: 1793
2026-01-09T00:42:04.573+08:00  INFO 18888 --- [carpool] [http-nio-8080-exec-10] c.e.c.c.LogLevelCountController          : 尝试读取日志统计文件...
2026-01-09T00:42:04.573+08:00  INFO 18888 --- [carpool] [http-nio-8080-exec-10] c.e.c.c.LogLevelCountController          : 找到日志统计文件: C:\Users\HS\Desktop\carpool\carpool-b\log_level_count.txt
2026-01-09T00:42:04.573+08:00  INFO 18888 --- [carpool] [http-nio-8080-exec-10] c.e.c.c.LogLevelCountController          : 成功读取日志统计文件，内容长度: 1793
2026-01-09T00:42:05.573+08:00  INFO 18888 --- [carpool] [http-nio-8080-exec-2] c.e.c.c.LogLevelCountController          : 尝试读取日志统计文件...
2026-01-09T00:42:05.573+08:00  INFO 18888 --- [carpool] [http-nio-8080-exec-2] c.e.c.c.LogLevelCountController          : 找到日志统计文件: C:\Users\HS\Desktop\carpool\carpool-b\log_level_count.txt
2026-01-09T00:42:05.583+08:00  INFO 18888 --- [carpool] [http-nio-8080-exec-2] c.e.c.c.LogLevelCountController          : 成功读取日志统计文件，内容长度: 1794
2026-01-09T00:42:06.576+08:00  INFO 18888 --- [carpool] [http-nio-8080-exec-5] c.e.c.c.LogLevelCountController          : 尝试读取日志统计文件...
2026-01-09T00:42:06.576+08:00  INFO 18888 --- [carpool] [http-nio-8080-exec-5] c.e.c.c.LogLevelCountController          : 找到日志统计文件: C:\Users\HS\Desktop\carpool\carpool-b\log_level_count.txt
2026-01-09T00:42:06.588+08:00  INFO 18888 --- [carpool] [http-nio-8080-exec-5] c.e.c.c.LogLevelCountController          : 成功读取日志统计文件，内容长度: 1793
2026-01-09T00:42:07.573+08:00  INFO 18888 --- [carpool] [http-nio-8080-exec-7] c.e.c.c.LogLevelCountController          : 尝试读取日志统计文件...
2026-01-09T00:42:07.573+08:00  INFO 18888 --- [carpool] [http-nio-8080-exec-7] c.e.c.c.LogLevelCountController          : 找到日志统计文件: C:\Users\HS\Desktop\carpool\carpool-b\log_level_count.txt
2026-01-09T00:42:07.584+08:00  INFO 18888 --- [carpool] [http-nio-8080-exec-7] c.e.c.c.LogLevelCountController          : 成功读取日志统计文件，内容长度: 1793
2026-01-09T00:42:08.578+08:00  INFO 18888 --- [carpool] [http-nio-8080-exec-8] c.e.c.c.LogLevelCountController          : 尝试读取日志统计文件...
2026-01-09T00:42:08.578+08:00  INFO 18888 --- [carpool] [http-nio-8080-exec-8] c.e.c.c.LogLevelCountController          : 找到日志统计文件: C:\Users\HS\Desktop\carpool\carpool-b\log_level_count.txt
2026-01-09T00:42:08.578+08:00  INFO 18888 --- [carpool] [http-nio-8080-exec-8] c.e.c.c.LogLevelCountController          : 成功读取日志统计文件，内容长度: 1793
2026-01-09T00:42:09.573+08:00  INFO 18888 --- [carpool] [http-nio-8080-exec-1] c.e.c.c.LogLevelCountController          : 尝试读取日志统计文件...
2026-01-09T00:42:09.574+08:00  INFO 18888 --- [carpool] [http-nio-8080-exec-1] c.e.c.c.LogLevelCountController          : 找到日志统计文件: C:\Users\HS\Desktop\carpool\carpool-b\log_level_count.txt
2026-01-09T00:42:09.584+08:00  INFO 18888 --- [carpool] [http-nio-8080-exec-1] c.e.c.c.LogLevelCountController          : 成功读取日志统计文件，内容长度: 1794
2026-01-09T00:42:10.573+08:00  INFO 18888 --- [carpool] [http-nio-8080-exec-4] c.e.c.c.LogLevelCountController          : 尝试读取日志统计文件...
2026-01-09T00:42:10.574+08:00  INFO 18888 --- [carpool] [http-nio-8080-exec-4] c.e.c.c.LogLevelCountController          : 找到日志统计文件: C:\Users\HS\Desktop\carpool\carpool-b\log_level_count.txt
2026-01-09T00:42:10.584+08:00  INFO 18888 --- [carpool] [http-nio-8080-exec-4] c.e.c.c.LogLevelCountController          : 成功读取日志统计文件，内容长度: 1793
2026-01-09T00:42:11.582+08:00  INFO 18888 --- [carpool] [http-nio-8080-exec-6] c.e.c.c.LogLevelCountController          : 尝试读取日志统计文件...
2026-01-09T00:42:11.582+08:00  INFO 18888 --- [carpool] [http-nio-8080-exec-6] c.e.c.c.LogLevelCountController          : 找到日志统计文件: C:\Users\HS\Desktop\carpool\carpool-b\log_level_count.txt
2026-01-09T00:42:11.594+08:00  INFO 18888 --- [carpool] [http-nio-8080-exec-6] c.e.c.c.LogLevelCountController          : 成功读取日志统计文件，内容长度: 1793
2026-01-09T00:42:12.776+08:00  INFO 18888 --- [carpool] [http-nio-8080-exec-3] c.e.c.c.LogLevelCountController          : 尝试读取日志统计文件...
2026-01-09T00:42:12.776+08:00  INFO 18888 --- [carpool] [http-nio-8080-exec-3] c.e.c.c.LogLevelCountController          : 找到日志统计文件: C:\Users\HS\Desktop\carpool\carpool-b\log_level_count.txt
2026-01-09T00:42:12.777+08:00  INFO 18888 --- [carpool] [http-nio-8080-exec-3] c.e.c.c.LogLevelCountController          : 成功读取日志统计文件，内容长度: 1793
2026-01-09T00:42:13.565+08:00  INFO 18888 --- [carpool] [http-nio-8080-exec-9] c.e.c.c.LogLevelCountController          : 尝试读取日志统计文件...
2026-01-09T00:42:13.565+08:00  INFO 18888 --- [carpool] [http-nio-8080-exec-9] c.e.c.c.LogLevelCountController          : 找到日志统计文件: C:\Users\HS\Desktop\carpool\carpool-b\log_level_count.txt
2026-01-09T00:42:13.581+08:00  INFO 18888 --- [carpool] [http-nio-8080-exec-9] c.e.c.c.LogLevelCountController          : 成功读取日志统计文件，内容长度: 1794
2026-01-09T00:42:14.870+08:00  INFO 18888 --- [carpool] [http-nio-8080-exec-10] c.e.c.c.LogLevelCountController          : 尝试读取日志统计文件...
2026-01-09T00:42:14.870+08:00  INFO 18888 --- [carpool] [http-nio-8080-exec-10] c.e.c.c.LogLevelCountController          : 找到日志统计文件: C:\Users\HS\Desktop\carpool\carpool-b\log_level_count.txt
2026-01-09T00:42:14.887+08:00  INFO 18888 --- [carpool] [http-nio-8080-exec-10] c.e.c.c.LogLevelCountController          : 成功读取日志统计文件，内容长度: 1793
2026-01-09T00:42:15.907+08:00  INFO 18888 --- [carpool] [http-nio-8080-exec-2] c.e.c.c.LogLevelCountController          : 尝试读取日志统计文件...
2026-01-09T00:42:15.907+08:00  INFO 18888 --- [carpool] [http-nio-8080-exec-2] c.e.c.c.LogLevelCountController          : 找到日志统计文件: C:\Users\HS\Desktop\carpool\carpool-b\log_level_count.txt
2026-01-09T00:42:15.921+08:00  INFO 18888 --- [carpool] [http-nio-8080-exec-2] c.e.c.c.LogLevelCountController          : 成功读取日志统计文件，内容长度: 1793
2026-01-09T00:42:16.921+08:00  INFO 18888 --- [carpool] [http-nio-8080-exec-5] c.e.c.c.LogLevelCountController          : 尝试读取日志统计文件...
2026-01-09T00:42:16.921+08:00  INFO 18888 --- [carpool] [http-nio-8080-exec-5] c.e.c.c.LogLevelCountController          : 找到日志统计文件: C:\Users\HS\Desktop\carpool\carpool-b\log_level_count.txt
2026-01-09T00:42:16.921+08:00  INFO 18888 --- [carpool] [http-nio-8080-exec-5] c.e.c.c.LogLevelCountController          : 成功读取日志统计文件，内容长度: 1793
2026-01-09T00:42:17.912+08:00  INFO 18888 --- [carpool] [http-nio-8080-exec-7] c.e.c.c.LogLevelCountController          : 尝试读取日志统计文件...
2026-01-09T00:42:17.912+08:00  INFO 18888 --- [carpool] [http-nio-8080-exec-7] c.e.c.c.LogLevelCountController          : 找到日志统计文件: C:\Users\HS\Desktop\carpool\carpool-b\log_level_count.txt
2026-01-09T00:42:17.923+08:00  INFO 18888 --- [carpool] [http-nio-8080-exec-7] c.e.c.c.LogLevelCountController          : 成功读取日志统计文件，内容长度: 1794
2026-01-09T00:42:18.921+08:00  INFO 18888 --- [carpool] [http-nio-8080-exec-8] c.e.c.c.LogLevelCountController          : 尝试读取日志统计文件...
2026-01-09T00:42:18.921+08:00  INFO 18888 --- [carpool] [http-nio-8080-exec-8] c.e.c.c.LogLevelCountController          : 找到日志统计文件: C:\Users\HS\Desktop\carpool\carpool-b\log_level_count.txt
2026-01-09T00:42:18.933+08:00  INFO 18888 --- [carpool] [http-nio-8080-exec-8] c.e.c.c.LogLevelCountController          : 成功读取日志统计文件，内容长度: 1793
2026-01-09T00:42:19.915+08:00  INFO 18888 --- [carpool] [http-nio-8080-exec-1] c.e.c.c.LogLevelCountController          : 尝试读取日志统计文件...
2026-01-09T00:42:19.915+08:00  INFO 18888 --- [carpool] [http-nio-8080-exec-1] c.e.c.c.LogLevelCountController          : 找到日志统计文件: C:\Users\HS\Desktop\carpool\carpool-b\log_level_count.txt
2026-01-09T00:42:19.926+08:00  INFO 18888 --- [carpool] [http-nio-8080-exec-1] c.e.c.c.LogLevelCountController          : 成功读取日志统计文件，内容长度: 1793
2026-01-09T00:42:20.912+08:00  INFO 18888 --- [carpool] [http-nio-8080-exec-4] c.e.c.c.LogLevelCountController          : 尝试读取日志统计文件...
2026-01-09T00:42:20.913+08:00  INFO 18888 --- [carpool] [http-nio-8080-exec-4] c.e.c.c.LogLevelCountController          : 找到日志统计文件: C:\Users\HS\Desktop\carpool\carpool-b\log_level_count.txt
2026-01-09T00:42:20.913+08:00  INFO 18888 --- [carpool] [http-nio-8080-exec-4] c.e.c.c.LogLevelCountController          : 成功读取日志统计文件，内容长度: 1793
2026-01-09T00:42:21.907+08:00  INFO 18888 --- [carpool] [http-nio-8080-exec-6] c.e.c.c.LogLevelCountController          : 尝试读取日志统计文件...
2026-01-09T00:42:21.908+08:00  INFO 18888 --- [carpool] [http-nio-8080-exec-6] c.e.c.c.LogLevelCountController          : 找到日志统计文件: C:\Users\HS\Desktop\carpool\carpool-b\log_level_count.txt
2026-01-09T00:42:21.921+08:00  INFO 18888 --- [carpool] [http-nio-8080-exec-6] c.e.c.c.LogLevelCountController          : 成功读取日志统计文件，内容长度: 1794
2026-01-09T00:42:22.914+08:00  INFO 18888 --- [carpool] [http-nio-8080-exec-3] c.e.c.c.LogLevelCountController          : 尝试读取日志统计文件...
2026-01-09T00:42:22.915+08:00  INFO 18888 --- [carpool] [http-nio-8080-exec-3] c.e.c.c.LogLevelCountController          : 找到日志统计文件: C:\Users\HS\Desktop\carpool\carpool-b\log_level_count.txt
2026-01-09T00:42:22.926+08:00  INFO 18888 --- [carpool] [http-nio-8080-exec-3] c.e.c.c.LogLevelCountController          : 成功读取日志统计文件，内容长度: 1793
2026-01-09T00:42:23.909+08:00  INFO 18888 --- [carpool] [http-nio-8080-exec-9] c.e.c.c.LogLevelCountController          : 尝试读取日志统计文件...
2026-01-09T00:42:23.909+08:00  INFO 18888 --- [carpool] [http-nio-8080-exec-9] c.e.c.c.LogLevelCountController          : 找到日志统计文件: C:\Users\HS\Desktop\carpool\carpool-b\log_level_count.txt
2026-01-09T00:42:23.920+08:00  INFO 18888 --- [carpool] [http-nio-8080-exec-9] c.e.c.c.LogLevelCountController          : 成功读取日志统计文件，内容长度: 1793
2026-01-09T00:42:24.905+08:00  INFO 18888 --- [carpool] [http-nio-8080-exec-10] c.e.c.c.LogLevelCountController          : 尝试读取日志统计文件...
2026-01-09T00:42:24.905+08:00  INFO 18888 --- [carpool] [http-nio-8080-exec-10] c.e.c.c.LogLevelCountController          : 找到日志统计文件: C:\Users\HS\Desktop\carpool\carpool-b\log_level_count.txt
2026-01-09T00:42:24.907+08:00  INFO 18888 --- [carpool] [http-nio-8080-exec-10] c.e.c.c.LogLevelCountController          : 成功读取日志统计文件，内容长度: 1793
2026-01-09T00:42:25.909+08:00  INFO 18888 --- [carpool] [http-nio-8080-exec-2] c.e.c.c.LogLevelCountController          : 尝试读取日志统计文件...
2026-01-09T00:42:25.910+08:00  INFO 18888 --- [carpool] [http-nio-8080-exec-2] c.e.c.c.LogLevelCountController          : 找到日志统计文件: C:\Users\HS\Desktop\carpool\carpool-b\log_level_count.txt
2026-01-09T00:42:25.921+08:00  INFO 18888 --- [carpool] [http-nio-8080-exec-2] c.e.c.c.LogLevelCountController          : 成功读取日志统计文件，内容长度: 1794
2026-01-09T00:42:26.906+08:00  INFO 18888 --- [carpool] [http-nio-8080-exec-5] c.e.c.c.LogLevelCountController          : 尝试读取日志统计文件...
2026-01-09T00:42:26.906+08:00  INFO 18888 --- [carpool] [http-nio-8080-exec-5] c.e.c.c.LogLevelCountController          : 找到日志统计文件: C:\Users\HS\Desktop\carpool\carpool-b\log_level_count.txt
2026-01-09T00:42:26.918+08:00  INFO 18888 --- [carpool] [http-nio-8080-exec-5] c.e.c.c.LogLevelCountController          : 成功读取日志统计文件，内容长度: 1793
2026-01-09T00:42:27.909+08:00  INFO 18888 --- [carpool] [http-nio-8080-exec-7] c.e.c.c.LogLevelCountController          : 尝试读取日志统计文件...
2026-01-09T00:42:27.909+08:00  INFO 18888 --- [carpool] [http-nio-8080-exec-7] c.e.c.c.LogLevelCountController          : 找到日志统计文件: C:\Users\HS\Desktop\carpool\carpool-b\log_level_count.txt
2026-01-09T00:42:27.909+08:00  INFO 18888 --- [carpool] [http-nio-8080-exec-7] c.e.c.c.LogLevelCountController          : 成功读取日志统计文件，内容长度: 1793
2026-01-09T00:42:28.910+08:00  INFO 18888 --- [carpool] [http-nio-8080-exec-8] c.e.c.c.LogLevelCountController          : 尝试读取日志统计文件...
2026-01-09T00:42:28.911+08:00  INFO 18888 --- [carpool] [http-nio-8080-exec-8] c.e.c.c.LogLevelCountController          : 找到日志统计文件: C:\Users\HS\Desktop\carpool\carpool-b\log_level_count.txt
2026-01-09T00:42:28.921+08:00  INFO 18888 --- [carpool] [http-nio-8080-exec-8] c.e.c.c.LogLevelCountController          : 成功读取日志统计文件，内容长度: 1794
2026-01-09T00:42:29.909+08:00  INFO 18888 --- [carpool] [http-nio-8080-exec-1] c.e.c.c.LogLevelCountController          : 尝试读取日志统计文件...
2026-01-09T00:42:29.909+08:00  INFO 18888 --- [carpool] [http-nio-8080-exec-1] c.e.c.c.LogLevelCountController          : 找到日志统计文件: C:\Users\HS\Desktop\carpool\carpool-b\log_level_count.txt
2026-01-09T00:42:29.920+08:00  INFO 18888 --- [carpool] [http-nio-8080-exec-1] c.e.c.c.LogLevelCountController          : 成功读取日志统计文件，内容长度: 1793
2026-01-09T00:42:30.908+08:00  INFO 18888 --- [carpool] [http-nio-8080-exec-4] c.e.c.c.LogLevelCountController          : 尝试读取日志统计文件...
2026-01-09T00:42:30.908+08:00  INFO 18888 --- [carpool] [http-nio-8080-exec-4] c.e.c.c.LogLevelCountController          : 找到日志统计文件: C:\Users\HS\Desktop\carpool\carpool-b\log_level_count.txt
2026-01-09T00:42:30.918+08:00  INFO 18888 --- [carpool] [http-nio-8080-exec-4] c.e.c.c.LogLevelCountController          : 成功读取日志统计文件，内容长度: 1793
2026-01-09T00:42:31.921+08:00  INFO 18888 --- [carpool] [http-nio-8080-exec-6] c.e.c.c.LogLevelCountController          : 尝试读取日志统计文件...
2026-01-09T00:42:31.921+08:00  INFO 18888 --- [carpool] [http-nio-8080-exec-6] c.e.c.c.LogLevelCountController          : 找到日志统计文件: C:\Users\HS\Desktop\carpool\carpool-b\log_level_count.txt
2026-01-09T00:42:31.921+08:00  INFO 18888 --- [carpool] [http-nio-8080-exec-6] c.e.c.c.LogLevelCountController          : 成功读取日志统计文件，内容长度: 1793
2026-01-09T00:42:32.075+08:00  INFO 18888 --- [carpool] [http-nio-8080-exec-3] c.e.c.c.LogLevelCountController          : 尝试读取日志统计文件...
2026-01-09T00:42:32.075+08:00  INFO 18888 --- [carpool] [http-nio-8080-exec-3] c.e.c.c.LogLevelCountController          : 找到日志统计文件: C:\Users\HS\Desktop\carpool\carpool-b\log_level_count.txt
2026-01-09T00:42:32.076+08:00  INFO 18888 --- [carpool] [http-nio-8080-exec-3] c.e.c.c.LogLevelCountController          : 成功读取日志统计文件，内容长度: 1793
2026-01-09T00:42:32.915+08:00  INFO 18888 --- [carpool] [http-nio-8080-exec-9] c.e.c.c.LogLevelCountController          : 尝试读取日志统计文件...
2026-01-09T00:42:32.915+08:00  INFO 18888 --- [carpool] [http-nio-8080-exec-9] c.e.c.c.LogLevelCountController          : 找到日志统计文件: C:\Users\HS\Desktop\carpool\carpool-b\log_level_count.txt
2026-01-09T00:42:32.927+08:00  INFO 18888 --- [carpool] [http-nio-8080-exec-9] c.e.c.c.LogLevelCountController          : 成功读取日志统计文件，内容长度: 1794
2026-01-09T00:42:33.909+08:00  INFO 18888 --- [carpool] [http-nio-8080-exec-10] c.e.c.c.LogLevelCountController          : 尝试读取日志统计文件...
2026-01-09T00:42:33.909+08:00  INFO 18888 --- [carpool] [http-nio-8080-exec-10] c.e.c.c.LogLevelCountController          : 找到日志统计文件: C:\Users\HS\Desktop\carpool\carpool-b\log_level_count.txt
2026-01-09T00:42:33.920+08:00  INFO 18888 --- [carpool] [http-nio-8080-exec-10] c.e.c.c.LogLevelCountController          : 成功读取日志统计文件，内容长度: 1793
2026-01-09T00:42:34.909+08:00  INFO 18888 --- [carpool] [http-nio-8080-exec-2] c.e.c.c.LogLevelCountController          : 尝试读取日志统计文件...
2026-01-09T00:42:34.909+08:00  INFO 18888 --- [carpool] [http-nio-8080-exec-2] c.e.c.c.LogLevelCountController          : 找到日志统计文件: C:\Users\HS\Desktop\carpool\carpool-b\log_level_count.txt
2026-01-09T00:42:34.921+08:00  INFO 18888 --- [carpool] [http-nio-8080-exec-2] c.e.c.c.LogLevelCountController          : 成功读取日志统计文件，内容长度: 1793
2026-01-09T00:42:35.907+08:00  INFO 18888 --- [carpool] [http-nio-8080-exec-5] c.e.c.c.LogLevelCountController          : 尝试读取日志统计文件...
2026-01-09T00:42:35.908+08:00  INFO 18888 --- [carpool] [http-nio-8080-exec-5] c.e.c.c.LogLevelCountController          : 找到日志统计文件: C:\Users\HS\Desktop\carpool\carpool-b\log_level_count.txt
2026-01-09T00:42:35.908+08:00  INFO 18888 --- [carpool] [http-nio-8080-exec-5] c.e.c.c.LogLevelCountController          : 成功读取日志统计文件，内容长度: 1793
2026-01-09T00:42:36.907+08:00  INFO 18888 --- [carpool] [http-nio-8080-exec-7] c.e.c.c.LogLevelCountController          : 尝试读取日志统计文件...
2026-01-09T00:42:36.907+08:00  INFO 18888 --- [carpool] [http-nio-8080-exec-7] c.e.c.c.LogLevelCountController          : 找到日志统计文件: C:\Users\HS\Desktop\carpool\carpool-b\log_level_count.txt
2026-01-09T00:42:36.921+08:00  INFO 18888 --- [carpool] [http-nio-8080-exec-7] c.e.c.c.LogLevelCountController          : 成功读取日志统计文件，内容长度: 1794
2026-01-09T00:42:37.913+08:00  INFO 18888 --- [carpool] [http-nio-8080-exec-8] c.e.c.c.LogLevelCountController          : 尝试读取日志统计文件...
2026-01-09T00:42:37.913+08:00  INFO 18888 --- [carpool] [http-nio-8080-exec-8] c.e.c.c.LogLevelCountController          : 找到日志统计文件: C:\Users\HS\Desktop\carpool\carpool-b\log_level_count.txt
2026-01-09T00:42:37.926+08:00  INFO 18888 --- [carpool] [http-nio-8080-exec-8] c.e.c.c.LogLevelCountController          : 成功读取日志统计文件，内容长度: 1793
2026-01-09T00:42:38.910+08:00  INFO 18888 --- [carpool] [http-nio-8080-exec-1] c.e.c.c.LogLevelCountController          : 尝试读取日志统计文件...
2026-01-09T00:42:38.911+08:00  INFO 18888 --- [carpool] [http-nio-8080-exec-1] c.e.c.c.LogLevelCountController          : 找到日志统计文件: C:\Users\HS\Desktop\carpool\carpool-b\log_level_count.txt
2026-01-09T00:42:38.911+08:00  INFO 18888 --- [carpool] [http-nio-8080-exec-1] c.e.c.c.LogLevelCountController          : 成功读取日志统计文件，内容长度: 1793
2026-01-09T00:42:39.906+08:00  INFO 18888 --- [carpool] [http-nio-8080-exec-4] c.e.c.c.LogLevelCountController          : 尝试读取日志统计文件...
2026-01-09T00:42:39.906+08:00  INFO 18888 --- [carpool] [http-nio-8080-exec-4] c.e.c.c.LogLevelCountController          : 找到日志统计文件: C:\Users\HS\Desktop\carpool\carpool-b\log_level_count.txt
2026-01-09T00:42:39.918+08:00  INFO 18888 --- [carpool] [http-nio-8080-exec-4] c.e.c.c.LogLevelCountController          : 成功读取日志统计文件，内容长度: 1794
2026-01-09T00:42:40.913+08:00  INFO 18888 --- [carpool] [http-nio-8080-exec-6] c.e.c.c.LogLevelCountController          : 尝试读取日志统计文件...
2026-01-09T00:42:40.913+08:00  INFO 18888 --- [carpool] [http-nio-8080-exec-6] c.e.c.c.LogLevelCountController          : 找到日志统计文件: C:\Users\HS\Desktop\carpool\carpool-b\log_level_count.txt
2026-01-09T00:42:40.926+08:00  INFO 18888 --- [carpool] [http-nio-8080-exec-6] c.e.c.c.LogLevelCountController          : 成功读取日志统计文件，内容长度: 1793
2026-01-09T00:42:41.911+08:00  INFO 18888 --- [carpool] [http-nio-8080-exec-3] c.e.c.c.LogLevelCountController          : 尝试读取日志统计文件...
2026-01-09T00:42:41.911+08:00  INFO 18888 --- [carpool] [http-nio-8080-exec-3] c.e.c.c.LogLevelCountController          : 找到日志统计文件: C:\Users\HS\Desktop\carpool\carpool-b\log_level_count.txt
2026-01-09T00:42:41.911+08:00  INFO 18888 --- [carpool] [http-nio-8080-exec-3] c.e.c.c.LogLevelCountController          : 成功读取日志统计文件，内容长度: 1793
2026-01-09T00:42:42.909+08:00  INFO 18888 --- [carpool] [http-nio-8080-exec-9] c.e.c.c.LogLevelCountController          : 尝试读取日志统计文件...
2026-01-09T00:42:42.910+08:00  INFO 18888 --- [carpool] [http-nio-8080-exec-9] c.e.c.c.LogLevelCountController          : 找到日志统计文件: C:\Users\HS\Desktop\carpool\carpool-b\log_level_count.txt
2026-01-09T00:42:42.922+08:00  INFO 18888 --- [carpool] [http-nio-8080-exec-9] c.e.c.c.LogLevelCountController          : 成功读取日志统计文件，内容长度: 1794
2026-01-09T00:42:43.916+08:00  INFO 18888 --- [carpool] [http-nio-8080-exec-10] c.e.c.c.LogLevelCountController          : 尝试读取日志统计文件...
2026-01-09T00:42:43.916+08:00  INFO 18888 --- [carpool] [http-nio-8080-exec-10] c.e.c.c.LogLevelCountController          : 找到日志统计文件: C:\Users\HS\Desktop\carpool\carpool-b\log_level_count.txt
2026-01-09T00:42:43.927+08:00  INFO 18888 --- [carpool] [http-nio-8080-exec-10] c.e.c.c.LogLevelCountController          : 成功读取日志统计文件，内容长度: 1793
2026-01-09T00:42:44.907+08:00  INFO 18888 --- [carpool] [http-nio-8080-exec-2] c.e.c.c.LogLevelCountController          : 尝试读取日志统计文件...
2026-01-09T00:42:44.909+08:00  INFO 18888 --- [carpool] [http-nio-8080-exec-2] c.e.c.c.LogLevelCountController          : 找到日志统计文件: C:\Users\HS\Desktop\carpool\carpool-b\log_level_count.txt
2026-01-09T00:42:44.920+08:00  INFO 18888 --- [carpool] [http-nio-8080-exec-2] c.e.c.c.LogLevelCountController          : 成功读取日志统计文件，内容长度: 1793
2026-01-09T00:42:45.908+08:00  INFO 18888 --- [carpool] [http-nio-8080-exec-5] c.e.c.c.LogLevelCountController          : 尝试读取日志统计文件...
2026-01-09T00:42:45.908+08:00  INFO 18888 --- [carpool] [http-nio-8080-exec-5] c.e.c.c.LogLevelCountController          : 找到日志统计文件: C:\Users\HS\Desktop\carpool\carpool-b\log_level_count.txt
2026-01-09T00:42:45.909+08:00  INFO 18888 --- [carpool] [http-nio-8080-exec-5] c.e.c.c.LogLevelCountController          : 成功读取日志统计文件，内容长度: 1793
2026-01-09T00:42:46.920+08:00  INFO 18888 --- [carpool] [http-nio-8080-exec-7] c.e.c.c.LogLevelCountController          : 尝试读取日志统计文件...
2026-01-09T00:42:46.920+08:00  INFO 18888 --- [carpool] [http-nio-8080-exec-7] c.e.c.c.LogLevelCountController          : 找到日志统计文件: C:\Users\HS\Desktop\carpool\carpool-b\log_level_count.txt
2026-01-09T00:42:46.932+08:00  INFO 18888 --- [carpool] [http-nio-8080-exec-7] c.e.c.c.LogLevelCountController          : 成功读取日志统计文件，内容长度: 1794
2026-01-09T00:42:47.907+08:00  INFO 18888 --- [carpool] [http-nio-8080-exec-8] c.e.c.c.LogLevelCountController          : 尝试读取日志统计文件...
2026-01-09T00:42:47.908+08:00  INFO 18888 --- [carpool] [http-nio-8080-exec-8] c.e.c.c.LogLevelCountController          : 找到日志统计文件: C:\Users\HS\Desktop\carpool\carpool-b\log_level_count.txt
2026-01-09T00:42:47.919+08:00  INFO 18888 --- [carpool] [http-nio-8080-exec-8] c.e.c.c.LogLevelCountController          : 成功读取日志统计文件，内容长度: 1793
2026-01-09T00:42:48.918+08:00  INFO 18888 --- [carpool] [http-nio-8080-exec-1] c.e.c.c.LogLevelCountController          : 尝试读取日志统计文件...
2026-01-09T00:42:48.919+08:00  INFO 18888 --- [carpool] [http-nio-8080-exec-1] c.e.c.c.LogLevelCountController          : 找到日志统计文件: C:\Users\HS\Desktop\carpool\carpool-b\log_level_count.txt
2026-01-09T00:42:48.919+08:00  INFO 18888 --- [carpool] [http-nio-8080-exec-1] c.e.c.c.LogLevelCountController          : 成功读取日志统计文件，内容长度: 1793
2026-01-09T00:42:49.917+08:00  INFO 18888 --- [carpool] [http-nio-8080-exec-4] c.e.c.c.LogLevelCountController          : 尝试读取日志统计文件...
2026-01-09T00:42:49.917+08:00  INFO 18888 --- [carpool] [http-nio-8080-exec-4] c.e.c.c.LogLevelCountController          : 找到日志统计文件: C:\Users\HS\Desktop\carpool\carpool-b\log_level_count.txt
2026-01-09T00:42:49.929+08:00  INFO 18888 --- [carpool] [http-nio-8080-exec-4] c.e.c.c.LogLevelCountController          : 成功读取日志统计文件，内容长度: 1794
2026-01-09T00:42:50.907+08:00  INFO 18888 --- [carpool] [http-nio-8080-exec-6] c.e.c.c.LogLevelCountController          : 尝试读取日志统计文件...
2026-01-09T00:42:50.909+08:00  INFO 18888 --- [carpool] [http-nio-8080-exec-6] c.e.c.c.LogLevelCountController          : 找到日志统计文件: C:\Users\HS\Desktop\carpool\carpool-b\log_level_count.txt
2026-01-09T00:42:50.919+08:00  INFO 18888 --- [carpool] [http-nio-8080-exec-6] c.e.c.c.LogLevelCountController          : 成功读取日志统计文件，内容长度: 1793
2026-01-09T00:42:51.908+08:00  INFO 18888 --- [carpool] [http-nio-8080-exec-3] c.e.c.c.LogLevelCountController          : 尝试读取日志统计文件...
2026-01-09T00:42:51.909+08:00  INFO 18888 --- [carpool] [http-nio-8080-exec-3] c.e.c.c.LogLevelCountController          : 找到日志统计文件: C:\Users\HS\Desktop\carpool\carpool-b\log_level_count.txt
2026-01-09T00:42:51.921+08:00  INFO 18888 --- [carpool] [http-nio-8080-exec-3] c.e.c.c.LogLevelCountController          : 成功读取日志统计文件，内容长度: 1793
2026-01-09T00:42:52.907+08:00  INFO 18888 --- [carpool] [http-nio-8080-exec-9] c.e.c.c.LogLevelCountController          : 尝试读取日志统计文件...
2026-01-09T00:42:52.907+08:00  INFO 18888 --- [carpool] [http-nio-8080-exec-9] c.e.c.c.LogLevelCountController          : 找到日志统计文件: C:\Users\HS\Desktop\carpool\carpool-b\log_level_count.txt
2026-01-09T00:42:52.909+08:00  INFO 18888 --- [carpool] [http-nio-8080-exec-9] c.e.c.c.LogLevelCountController          : 成功读取日志统计文件，内容长度: 1793
2026-01-09T00:42:53.921+08:00  INFO 18888 --- [carpool] [http-nio-8080-exec-10] c.e.c.c.LogLevelCountController          : 尝试读取日志统计文件...
2026-01-09T00:42:53.921+08:00  INFO 18888 --- [carpool] [http-nio-8080-exec-10] c.e.c.c.LogLevelCountController          : 找到日志统计文件: C:\Users\HS\Desktop\carpool\carpool-b\log_level_count.txt
2026-01-09T00:42:53.930+08:00  INFO 18888 --- [carpool] [http-nio-8080-exec-10] c.e.c.c.LogLevelCountController          : 成功读取日志统计文件，内容长度: 1794
2026-01-09T00:42:55.069+08:00  INFO 18888 --- [carpool] [http-nio-8080-exec-2] c.e.c.c.LogLevelCountController          : 尝试读取日志统计文件...
2026-01-09T00:42:55.069+08:00  INFO 18888 --- [carpool] [http-nio-8080-exec-2] c.e.c.c.LogLevelCountController          : 找到日志统计文件: C:\Users\HS\Desktop\carpool\carpool-b\log_level_count.txt
2026-01-09T00:42:55.082+08:00  INFO 18888 --- [carpool] [http-nio-8080-exec-2] c.e.c.c.LogLevelCountController          : 成功读取日志统计文件，内容长度: 1793
2026-01-09T00:42:56.080+08:00  INFO 18888 --- [carpool] [http-nio-8080-exec-5] c.e.c.c.LogLevelCountController          : 尝试读取日志统计文件...
2026-01-09T00:42:56.080+08:00  INFO 18888 --- [carpool] [http-nio-8080-exec-5] c.e.c.c.LogLevelCountController          : 找到日志统计文件: C:\Users\HS\Desktop\carpool\carpool-b\log_level_count.txt
2026-01-09T00:42:56.090+08:00  INFO 18888 --- [carpool] [http-nio-8080-exec-5] c.e.c.c.LogLevelCountController          : 成功读取日志统计文件，内容长度: 1793
2026-01-09T00:42:57.074+08:00  INFO 18888 --- [carpool] [http-nio-8080-exec-7] c.e.c.c.LogLevelCountController          : 尝试读取日志统计文件...
2026-01-09T00:42:57.074+08:00  INFO 18888 --- [carpool] [http-nio-8080-exec-7] c.e.c.c.LogLevelCountController          : 找到日志统计文件: C:\Users\HS\Desktop\carpool\carpool-b\log_level_count.txt
2026-01-09T00:42:57.074+08:00  INFO 18888 --- [carpool] [http-nio-8080-exec-7] c.e.c.c.LogLevelCountController          : 成功读取日志统计文件，内容长度: 1793
2026-01-09T00:42:58.069+08:00  INFO 18888 --- [carpool] [http-nio-8080-exec-8] c.e.c.c.LogLevelCountController          : 尝试读取日志统计文件...
2026-01-09T00:42:58.070+08:00  INFO 18888 --- [carpool] [http-nio-8080-exec-8] c.e.c.c.LogLevelCountController          : 找到日志统计文件: C:\Users\HS\Desktop\carpool\carpool-b\log_level_count.txt
2026-01-09T00:42:58.080+08:00  INFO 18888 --- [carpool] [http-nio-8080-exec-8] c.e.c.c.LogLevelCountController          : 成功读取日志统计文件，内容长度: 1794
2026-01-09T00:42:59.075+08:00  INFO 18888 --- [carpool] [http-nio-8080-exec-1] c.e.c.c.LogLevelCountController          : 尝试读取日志统计文件...
2026-01-09T00:42:59.075+08:00  INFO 18888 --- [carpool] [http-nio-8080-exec-1] c.e.c.c.LogLevelCountController          : 找到日志统计文件: C:\Users\HS\Desktop\carpool\carpool-b\log_level_count.txt
2026-01-09T00:42:59.087+08:00  INFO 18888 --- [carpool] [http-nio-8080-exec-1] c.e.c.c.LogLevelCountController          : 成功读取日志统计文件，内容长度: 1793
2026-01-09T00:43:00.069+08:00  INFO 18888 --- [carpool] [http-nio-8080-exec-4] c.e.c.c.LogLevelCountController          : 尝试读取日志统计文件...
2026-01-09T00:43:00.070+08:00  INFO 18888 --- [carpool] [http-nio-8080-exec-4] c.e.c.c.LogLevelCountController          : 找到日志统计文件: C:\Users\HS\Desktop\carpool\carpool-b\log_level_count.txt
2026-01-09T00:43:00.080+08:00  INFO 18888 --- [carpool] [http-nio-8080-exec-4] c.e.c.c.LogLevelCountController          : 成功读取日志统计文件，内容长度: 1793
2026-01-09T00:43:01.083+08:00  INFO 18888 --- [carpool] [http-nio-8080-exec-6] c.e.c.c.LogLevelCountController          : 尝试读取日志统计文件...
2026-01-09T00:43:01.083+08:00  INFO 18888 --- [carpool] [http-nio-8080-exec-6] c.e.c.c.LogLevelCountController          : 找到日志统计文件: C:\Users\HS\Desktop\carpool\carpool-b\log_level_count.txt
2026-01-09T00:43:01.083+08:00  INFO 18888 --- [carpool] [http-nio-8080-exec-6] c.e.c.c.LogLevelCountController          : 成功读取日志统计文件，内容长度: 1793
2026-01-09T00:43:02.078+08:00  INFO 18888 --- [carpool] [http-nio-8080-exec-3] c.e.c.c.LogLevelCountController          : 尝试读取日志统计文件...
2026-01-09T00:43:02.078+08:00  INFO 18888 --- [carpool] [http-nio-8080-exec-3] c.e.c.c.LogLevelCountController          : 找到日志统计文件: C:\Users\HS\Desktop\carpool\carpool-b\log_level_count.txt
2026-01-09T00:43:02.087+08:00  INFO 18888 --- [carpool] [http-nio-8080-exec-3] c.e.c.c.LogLevelCountController          : 成功读取日志统计文件，内容长度: 1794
2026-01-09T00:43:03.084+08:00  INFO 18888 --- [carpool] [http-nio-8080-exec-9] c.e.c.c.LogLevelCountController          : 尝试读取日志统计文件...
2026-01-09T00:43:03.084+08:00  INFO 18888 --- [carpool] [http-nio-8080-exec-9] c.e.c.c.LogLevelCountController          : 找到日志统计文件: C:\Users\HS\Desktop\carpool\carpool-b\log_level_count.txt
2026-01-09T00:43:03.095+08:00  INFO 18888 --- [carpool] [http-nio-8080-exec-9] c.e.c.c.LogLevelCountController          : 成功读取日志统计文件，内容长度: 1793
2026-01-09T00:43:04.078+08:00  INFO 18888 --- [carpool] [http-nio-8080-exec-10] c.e.c.c.LogLevelCountController          : 尝试读取日志统计文件...
2026-01-09T00:43:04.078+08:00  INFO 18888 --- [carpool] [http-nio-8080-exec-10] c.e.c.c.LogLevelCountController          : 找到日志统计文件: C:\Users\HS\Desktop\carpool\carpool-b\log_level_count.txt
2026-01-09T00:43:04.086+08:00  INFO 18888 --- [carpool] [http-nio-8080-exec-10] c.e.c.c.LogLevelCountController          : 成功读取日志统计文件，内容长度: 73
2026-01-09T00:43:05.085+08:00  INFO 18888 --- [carpool] [http-nio-8080-exec-2] c.e.c.c.LogLevelCountController          : 尝试读取日志统计文件...
2026-01-09T00:43:05.085+08:00  INFO 18888 --- [carpool] [http-nio-8080-exec-2] c.e.c.c.LogLevelCountController          : 找到日志统计文件: C:\Users\HS\Desktop\carpool\carpool-b\log_level_count.txt
2026-01-09T00:43:05.096+08:00  INFO 18888 --- [carpool] [http-nio-8080-exec-2] c.e.c.c.LogLevelCountController          : 成功读取日志统计文件，内容长度: 1793
2026-01-09T00:43:06.080+08:00  INFO 18888 --- [carpool] [http-nio-8080-exec-5] c.e.c.c.LogLevelCountController          : 尝试读取日志统计文件...
2026-01-09T00:43:06.080+08:00  INFO 18888 --- [carpool] [http-nio-8080-exec-5] c.e.c.c.LogLevelCountController          : 找到日志统计文件: C:\Users\HS\Desktop\carpool\carpool-b\log_level_count.txt
2026-01-09T00:43:06.088+08:00  INFO 18888 --- [carpool] [http-nio-8080-exec-5] c.e.c.c.LogLevelCountController          : 成功读取日志统计文件，内容长度: 1794
2026-01-09T00:43:07.073+08:00  INFO 18888 --- [carpool] [http-nio-8080-exec-7] c.e.c.c.LogLevelCountController          : 尝试读取日志统计文件...
2026-01-09T00:43:07.073+08:00  INFO 18888 --- [carpool] [http-nio-8080-exec-7] c.e.c.c.LogLevelCountController          : 找到日志统计文件: C:\Users\HS\Desktop\carpool\carpool-b\log_level_count.txt
2026-01-09T00:43:07.074+08:00  INFO 18888 --- [carpool] [http-nio-8080-exec-7] c.e.c.c.LogLevelCountController          : 成功读取日志统计文件，内容长度: 1793
2026-01-09T00:43:08.072+08:00  INFO 18888 --- [carpool] [http-nio-8080-exec-8] c.e.c.c.LogLevelCountController          : 尝试读取日志统计文件...
2026-01-09T00:43:08.073+08:00  INFO 18888 --- [carpool] [http-nio-8080-exec-8] c.e.c.c.LogLevelCountController          : 找到日志统计文件: C:\Users\HS\Desktop\carpool\carpool-b\log_level_count.txt
2026-01-09T00:43:08.073+08:00  INFO 18888 --- [carpool] [http-nio-8080-exec-8] c.e.c.c.LogLevelCountController          : 成功读取日志统计文件，内容长度: 1793
2026-01-09T00:43:09.069+08:00  INFO 18888 --- [carpool] [http-nio-8080-exec-1] c.e.c.c.LogLevelCountController          : 尝试读取日志统计文件...
2026-01-09T00:43:09.069+08:00  INFO 18888 --- [carpool] [http-nio-8080-exec-1] c.e.c.c.LogLevelCountController          : 找到日志统计文件: C:\Users\HS\Desktop\carpool\carpool-b\log_level_count.txt
2026-01-09T00:43:09.081+08:00  INFO 18888 --- [carpool] [http-nio-8080-exec-1] c.e.c.c.LogLevelCountController          : 成功读取日志统计文件，内容长度: 1794
2026-01-09T00:43:10.078+08:00  INFO 18888 --- [carpool] [http-nio-8080-exec-4] c.e.c.c.LogLevelCountController          : 尝试读取日志统计文件...
2026-01-09T00:43:10.078+08:00  INFO 18888 --- [carpool] [http-nio-8080-exec-4] c.e.c.c.LogLevelCountController          : 找到日志统计文件: C:\Users\HS\Desktop\carpool\carpool-b\log_level_count.txt
2026-01-09T00:43:10.090+08:00  INFO 18888 --- [carpool] [http-nio-8080-exec-4] c.e.c.c.LogLevelCountController          : 成功读取日志统计文件，内容长度: 1793
2026-01-09T00:43:11.070+08:00  INFO 18888 --- [carpool] [http-nio-8080-exec-6] c.e.c.c.LogLevelCountController          : 尝试读取日志统计文件...
2026-01-09T00:43:11.071+08:00  INFO 18888 --- [carpool] [http-nio-8080-exec-6] c.e.c.c.LogLevelCountController          : 找到日志统计文件: C:\Users\HS\Desktop\carpool\carpool-b\log_level_count.txt
2026-01-09T00:43:11.071+08:00  INFO 18888 --- [carpool] [http-nio-8080-exec-6] c.e.c.c.LogLevelCountController          : 成功读取日志统计文件，内容长度: 1793
2026-01-09T00:43:12.082+08:00  INFO 18888 --- [carpool] [http-nio-8080-exec-3] c.e.c.c.LogLevelCountController          : 尝试读取日志统计文件...
2026-01-09T00:43:12.082+08:00  INFO 18888 --- [carpool] [http-nio-8080-exec-3] c.e.c.c.LogLevelCountController          : 找到日志统计文件: C:\Users\HS\Desktop\carpool\carpool-b\log_level_count.txt
2026-01-09T00:43:12.091+08:00  INFO 18888 --- [carpool] [http-nio-8080-exec-3] c.e.c.c.LogLevelCountController          : 成功读取日志统计文件，内容长度: 1794
2026-01-09T00:43:13.072+08:00  INFO 18888 --- [carpool] [http-nio-8080-exec-9] c.e.c.c.LogLevelCountController          : 尝试读取日志统计文件...
2026-01-09T00:43:13.073+08:00  INFO 18888 --- [carpool] [http-nio-8080-exec-9] c.e.c.c.LogLevelCountController          : 找到日志统计文件: C:\Users\HS\Desktop\carpool\carpool-b\log_level_count.txt
2026-01-09T00:43:13.083+08:00  INFO 18888 --- [carpool] [http-nio-8080-exec-9] c.e.c.c.LogLevelCountController          : 成功读取日志统计文件，内容长度: 1793
2026-01-09T00:43:14.082+08:00  INFO 18888 --- [carpool] [http-nio-8080-exec-10] c.e.c.c.LogLevelCountController          : 尝试读取日志统计文件...
2026-01-09T00:43:14.082+08:00  INFO 18888 --- [carpool] [http-nio-8080-exec-10] c.e.c.c.LogLevelCountController          : 找到日志统计文件: C:\Users\HS\Desktop\carpool\carpool-b\log_level_count.txt
2026-01-09T00:43:14.093+08:00  INFO 18888 --- [carpool] [http-nio-8080-exec-10] c.e.c.c.LogLevelCountController          : 成功读取日志统计文件，内容长度: 1793
2026-01-09T00:43:15.079+08:00  INFO 18888 --- [carpool] [http-nio-8080-exec-2] c.e.c.c.LogLevelCountController          : 尝试读取日志统计文件...
2026-01-09T00:43:15.079+08:00  INFO 18888 --- [carpool] [http-nio-8080-exec-2] c.e.c.c.LogLevelCountController          : 找到日志统计文件: C:\Users\HS\Desktop\carpool\carpool-b\log_level_count.txt
2026-01-09T00:43:15.079+08:00  INFO 18888 --- [carpool] [http-nio-8080-exec-2] c.e.c.c.LogLevelCountController          : 成功读取日志统计文件，内容长度: 1793
2026-01-09T00:43:16.078+08:00  INFO 18888 --- [carpool] [http-nio-8080-exec-5] c.e.c.c.LogLevelCountController          : 尝试读取日志统计文件...
2026-01-09T00:43:16.078+08:00  INFO 18888 --- [carpool] [http-nio-8080-exec-5] c.e.c.c.LogLevelCountController          : 找到日志统计文件: C:\Users\HS\Desktop\carpool\carpool-b\log_level_count.txt
2026-01-09T00:43:16.089+08:00  INFO 18888 --- [carpool] [http-nio-8080-exec-5] c.e.c.c.LogLevelCountController          : 成功读取日志统计文件，内容长度: 1794
2026-01-09T00:43:17.073+08:00  INFO 18888 --- [carpool] [http-nio-8080-exec-7] c.e.c.c.LogLevelCountController          : 尝试读取日志统计文件...
2026-01-09T00:43:17.074+08:00  INFO 18888 --- [carpool] [http-nio-8080-exec-7] c.e.c.c.LogLevelCountController          : 找到日志统计文件: C:\Users\HS\Desktop\carpool\carpool-b\log_level_count.txt
2026-01-09T00:43:17.086+08:00  INFO 18888 --- [carpool] [http-nio-8080-exec-7] c.e.c.c.LogLevelCountController          : 成功读取日志统计文件，内容长度: 1793
2026-01-09T00:43:18.082+08:00  INFO 18888 --- [carpool] [http-nio-8080-exec-8] c.e.c.c.LogLevelCountController          : 尝试读取日志统计文件...
2026-01-09T00:43:18.082+08:00  INFO 18888 --- [carpool] [http-nio-8080-exec-8] c.e.c.c.LogLevelCountController          : 找到日志统计文件: C:\Users\HS\Desktop\carpool\carpool-b\log_level_count.txt
2026-01-09T00:43:18.092+08:00  INFO 18888 --- [carpool] [http-nio-8080-exec-8] c.e.c.c.LogLevelCountController          : 成功读取日志统计文件，内容长度: 1793
2026-01-09T00:43:19.079+08:00  INFO 18888 --- [carpool] [http-nio-8080-exec-1] c.e.c.c.LogLevelCountController          : 尝试读取日志统计文件...
2026-01-09T00:43:19.080+08:00  INFO 18888 --- [carpool] [http-nio-8080-exec-1] c.e.c.c.LogLevelCountController          : 找到日志统计文件: C:\Users\HS\Desktop\carpool\carpool-b\log_level_count.txt
2026-01-09T00:43:19.080+08:00  INFO 18888 --- [carpool] [http-nio-8080-exec-1] c.e.c.c.LogLevelCountController          : 成功读取日志统计文件，内容长度: 1793
2026-01-09T00:43:20.073+08:00  INFO 18888 --- [carpool] [http-nio-8080-exec-4] c.e.c.c.LogLevelCountController          : 尝试读取日志统计文件...
2026-01-09T00:43:20.073+08:00  INFO 18888 --- [carpool] [http-nio-8080-exec-4] c.e.c.c.LogLevelCountController          : 找到日志统计文件: C:\Users\HS\Desktop\carpool\carpool-b\log_level_count.txt
2026-01-09T00:43:20.085+08:00  INFO 18888 --- [carpool] [http-nio-8080-exec-4] c.e.c.c.LogLevelCountController          : 成功读取日志统计文件，内容长度: 1794
2026-01-09T00:43:20.908+08:00  INFO 18888 --- [carpool] [http-nio-8080-exec-6] c.e.c.c.LogLevelCountController          : 尝试读取日志统计文件...
2026-01-09T00:43:20.909+08:00  INFO 18888 --- [carpool] [http-nio-8080-exec-6] c.e.c.c.LogLevelCountController          : 找到日志统计文件: C:\Users\HS\Desktop\carpool\carpool-b\log_level_count.txt
2026-01-09T00:43:20.919+08:00  INFO 18888 --- [carpool] [http-nio-8080-exec-6] c.e.c.c.LogLevelCountController          : 成功读取日志统计文件，内容长度: 1793
2026-01-09T00:43:21.919+08:00  INFO 18888 --- [carpool] [http-nio-8080-exec-3] c.e.c.c.LogLevelCountController          : 尝试读取日志统计文件...
2026-01-09T00:43:21.919+08:00  INFO 18888 --- [carpool] [http-nio-8080-exec-3] c.e.c.c.LogLevelCountController          : 找到日志统计文件: C:\Users\HS\Desktop\carpool\carpool-b\log_level_count.txt
2026-01-09T00:43:21.920+08:00  INFO 18888 --- [carpool] [http-nio-8080-exec-3] c.e.c.c.LogLevelCountController          : 成功读取日志统计文件，内容长度: 1793
2026-01-09T00:43:22.914+08:00  INFO 18888 --- [carpool] [http-nio-8080-exec-9] c.e.c.c.LogLevelCountController          : 尝试读取日志统计文件...
2026-01-09T00:43:22.914+08:00  INFO 18888 --- [carpool] [http-nio-8080-exec-9] c.e.c.c.LogLevelCountController          : 找到日志统计文件: C:\Users\HS\Desktop\carpool\carpool-b\log_level_count.txt
2026-01-09T00:43:22.927+08:00  INFO 18888 --- [carpool] [http-nio-8080-exec-9] c.e.c.c.LogLevelCountController          : 成功读取日志统计文件，内容长度: 1794
2026-01-09T00:43:23.907+08:00  INFO 18888 --- [carpool] [http-nio-8080-exec-10] c.e.c.c.LogLevelCountController          : 尝试读取日志统计文件...
2026-01-09T00:43:23.907+08:00  INFO 18888 --- [carpool] [http-nio-8080-exec-10] c.e.c.c.LogLevelCountController          : 找到日志统计文件: C:\Users\HS\Desktop\carpool\carpool-b\log_level_count.txt
2026-01-09T00:43:23.917+08:00  INFO 18888 --- [carpool] [http-nio-8080-exec-10] c.e.c.c.LogLevelCountController          : 成功读取日志统计文件，内容长度: 1793
2026-01-09T00:43:24.912+08:00  INFO 18888 --- [carpool] [http-nio-8080-exec-2] c.e.c.c.LogLevelCountController          : 尝试读取日志统计文件...
2026-01-09T00:43:24.913+08:00  INFO 18888 --- [carpool] [http-nio-8080-exec-2] c.e.c.c.LogLevelCountController          : 找到日志统计文件: C:\Users\HS\Desktop\carpool\carpool-b\log_level_count.txt
2026-01-09T00:43:24.913+08:00  INFO 18888 --- [carpool] [http-nio-8080-exec-2] c.e.c.c.LogLevelCountController          : 成功读取日志统计文件，内容长度: 1793
2026-01-09T00:43:26.083+08:00  INFO 18888 --- [carpool] [http-nio-8080-exec-5] c.e.c.c.LogLevelCountController          : 尝试读取日志统计文件...
2026-01-09T00:43:26.083+08:00  INFO 18888 --- [carpool] [http-nio-8080-exec-5] c.e.c.c.LogLevelCountController          : 找到日志统计文件: C:\Users\HS\Desktop\carpool\carpool-b\log_level_count.txt
2026-01-09T00:43:26.093+08:00  INFO 18888 --- [carpool] [http-nio-8080-exec-5] c.e.c.c.LogLevelCountController          : 成功读取日志统计文件，内容长度: 1794
2026-01-09T00:43:27.081+08:00  INFO 18888 --- [carpool] [http-nio-8080-exec-7] c.e.c.c.LogLevelCountController          : 尝试读取日志统计文件...
2026-01-09T00:43:27.082+08:00  INFO 18888 --- [carpool] [http-nio-8080-exec-7] c.e.c.c.LogLevelCountController          : 找到日志统计文件: C:\Users\HS\Desktop\carpool\carpool-b\log_level_count.txt
2026-01-09T00:43:27.093+08:00  INFO 18888 --- [carpool] [http-nio-8080-exec-7] c.e.c.c.LogLevelCountController          : 成功读取日志统计文件，内容长度: 1793
2026-01-09T00:43:28.076+08:00  INFO 18888 --- [carpool] [http-nio-8080-exec-8] c.e.c.c.LogLevelCountController          : 尝试读取日志统计文件...
2026-01-09T00:43:28.077+08:00  INFO 18888 --- [carpool] [http-nio-8080-exec-8] c.e.c.c.LogLevelCountController          : 找到日志统计文件: C:\Users\HS\Desktop\carpool\carpool-b\log_level_count.txt
2026-01-09T00:43:28.087+08:00  INFO 18888 --- [carpool] [http-nio-8080-exec-8] c.e.c.c.LogLevelCountController          : 成功读取日志统计文件，内容长度: 1793
2026-01-09T00:43:29.084+08:00  INFO 18888 --- [carpool] [http-nio-8080-exec-1] c.e.c.c.LogLevelCountController          : 尝试读取日志统计文件...
2026-01-09T00:43:29.084+08:00  INFO 18888 --- [carpool] [http-nio-8080-exec-1] c.e.c.c.LogLevelCountController          : 找到日志统计文件: C:\Users\HS\Desktop\carpool\carpool-b\log_level_count.txt
2026-01-09T00:43:29.084+08:00  INFO 18888 --- [carpool] [http-nio-8080-exec-1] c.e.c.c.LogLevelCountController          : 成功读取日志统计文件，内容长度: 1793
2026-01-09T00:43:30.081+08:00  INFO 18888 --- [carpool] [http-nio-8080-exec-4] c.e.c.c.LogLevelCountController          : 尝试读取日志统计文件...
2026-01-09T00:43:30.081+08:00  INFO 18888 --- [carpool] [http-nio-8080-exec-4] c.e.c.c.LogLevelCountController          : 找到日志统计文件: C:\Users\HS\Desktop\carpool\carpool-b\log_level_count.txt
2026-01-09T00:43:30.093+08:00  INFO 18888 --- [carpool] [http-nio-8080-exec-4] c.e.c.c.LogLevelCountController          : 成功读取日志统计文件，内容长度: 1794
2026-01-09T00:43:31.078+08:00  INFO 18888 --- [carpool] [http-nio-8080-exec-6] c.e.c.c.LogLevelCountController          : 尝试读取日志统计文件...
2026-01-09T00:43:31.080+08:00  INFO 18888 --- [carpool] [http-nio-8080-exec-6] c.e.c.c.LogLevelCountController          : 找到日志统计文件: C:\Users\HS\Desktop\carpool\carpool-b\log_level_count.txt
2026-01-09T00:43:31.089+08:00  INFO 18888 --- [carpool] [http-nio-8080-exec-6] c.e.c.c.LogLevelCountController          : 成功读取日志统计文件，内容长度: 1793
2026-01-09T00:43:32.075+08:00  INFO 18888 --- [carpool] [http-nio-8080-exec-3] c.e.c.c.LogLevelCountController          : 尝试读取日志统计文件...
2026-01-09T00:43:32.076+08:00  INFO 18888 --- [carpool] [http-nio-8080-exec-3] c.e.c.c.LogLevelCountController          : 找到日志统计文件: C:\Users\HS\Desktop\carpool\carpool-b\log_level_count.txt
2026-01-09T00:43:32.076+08:00  INFO 18888 --- [carpool] [http-nio-8080-exec-3] c.e.c.c.LogLevelCountController          : 成功读取日志统计文件，内容长度: 1793
2026-01-09T00:43:32.078+08:00  INFO 18888 --- [carpool] [http-nio-8080-exec-9] c.e.c.c.LogLevelCountController          : 尝试读取日志统计文件...
2026-01-09T00:43:32.078+08:00  INFO 18888 --- [carpool] [http-nio-8080-exec-9] c.e.c.c.LogLevelCountController          : 找到日志统计文件: C:\Users\HS\Desktop\carpool\carpool-b\log_level_count.txt
2026-01-09T00:43:32.078+08:00  INFO 18888 --- [carpool] [http-nio-8080-exec-9] c.e.c.c.LogLevelCountController          : 成功读取日志统计文件，内容长度: 1793
2026-01-09T00:43:33.082+08:00  INFO 18888 --- [carpool] [http-nio-8080-exec-10] c.e.c.c.LogLevelCountController          : 尝试读取日志统计文件...
2026-01-09T00:43:33.082+08:00  INFO 18888 --- [carpool] [http-nio-8080-exec-10] c.e.c.c.LogLevelCountController          : 找到日志统计文件: C:\Users\HS\Desktop\carpool\carpool-b\log_level_count.txt
2026-01-09T00:43:33.093+08:00  INFO 18888 --- [carpool] [http-nio-8080-exec-10] c.e.c.c.LogLevelCountController          : 成功读取日志统计文件，内容长度: 1794
2026-01-09T00:43:34.075+08:00  INFO 18888 --- [carpool] [http-nio-8080-exec-2] c.e.c.c.LogLevelCountController          : 尝试读取日志统计文件...
2026-01-09T00:43:34.075+08:00  INFO 18888 --- [carpool] [http-nio-8080-exec-2] c.e.c.c.LogLevelCountController          : 找到日志统计文件: C:\Users\HS\Desktop\carpool\carpool-b\log_level_count.txt
2026-01-09T00:43:34.085+08:00  INFO 18888 --- [carpool] [http-nio-8080-exec-2] c.e.c.c.LogLevelCountController          : 成功读取日志统计文件，内容长度: 1793
2026-01-09T00:43:35.072+08:00  INFO 18888 --- [carpool] [http-nio-8080-exec-5] c.e.c.c.LogLevelCountController          : 尝试读取日志统计文件...
2026-01-09T00:43:35.072+08:00  INFO 18888 --- [carpool] [http-nio-8080-exec-5] c.e.c.c.LogLevelCountController          : 找到日志统计文件: C:\Users\HS\Desktop\carpool\carpool-b\log_level_count.txt
2026-01-09T00:43:35.082+08:00  INFO 18888 --- [carpool] [http-nio-8080-exec-5] c.e.c.c.LogLevelCountController          : 成功读取日志统计文件，内容长度: 1793
2026-01-09T00:43:36.071+08:00  INFO 18888 --- [carpool] [http-nio-8080-exec-7] c.e.c.c.LogLevelCountController          : 尝试读取日志统计文件...
2026-01-09T00:43:36.071+08:00  INFO 18888 --- [carpool] [http-nio-8080-exec-7] c.e.c.c.LogLevelCountController          : 找到日志统计文件: C:\Users\HS\Desktop\carpool\carpool-b\log_level_count.txt
2026-01-09T00:43:36.071+08:00  INFO 18888 --- [carpool] [http-nio-8080-exec-7] c.e.c.c.LogLevelCountController          : 成功读取日志统计文件，内容长度: 1793
2026-01-09T00:43:37.083+08:00  INFO 18888 --- [carpool] [http-nio-8080-exec-8] c.e.c.c.LogLevelCountController          : 尝试读取日志统计文件...
2026-01-09T00:43:37.083+08:00  INFO 18888 --- [carpool] [http-nio-8080-exec-8] c.e.c.c.LogLevelCountController          : 找到日志统计文件: C:\Users\HS\Desktop\carpool\carpool-b\log_level_count.txt
2026-01-09T00:43:37.095+08:00  INFO 18888 --- [carpool] [http-nio-8080-exec-8] c.e.c.c.LogLevelCountController          : 成功读取日志统计文件，内容长度: 1794
2026-01-09T00:43:38.075+08:00  INFO 18888 --- [carpool] [http-nio-8080-exec-1] c.e.c.c.LogLevelCountController          : 尝试读取日志统计文件...
2026-01-09T00:43:38.075+08:00  INFO 18888 --- [carpool] [http-nio-8080-exec-1] c.e.c.c.LogLevelCountController          : 找到日志统计文件: C:\Users\HS\Desktop\carpool\carpool-b\log_level_count.txt
2026-01-09T00:43:38.085+08:00  INFO 18888 --- [carpool] [http-nio-8080-exec-1] c.e.c.c.LogLevelCountController          : 成功读取日志统计文件，内容长度: 1793
2026-01-09T00:43:39.074+08:00  INFO 18888 --- [carpool] [http-nio-8080-exec-4] c.e.c.c.LogLevelCountController          : 尝试读取日志统计文件...
2026-01-09T00:43:39.074+08:00  INFO 18888 --- [carpool] [http-nio-8080-exec-4] c.e.c.c.LogLevelCountController          : 找到日志统计文件: C:\Users\HS\Desktop\carpool\carpool-b\log_level_count.txt
2026-01-09T00:43:39.084+08:00  INFO 18888 --- [carpool] [http-nio-8080-exec-4] c.e.c.c.LogLevelCountController          : 成功读取日志统计文件，内容长度: 1793
2026-01-09T00:43:40.084+08:00  INFO 18888 --- [carpool] [http-nio-8080-exec-6] c.e.c.c.LogLevelCountController          : 尝试读取日志统计文件...
2026-01-09T00:43:40.084+08:00  INFO 18888 --- [carpool] [http-nio-8080-exec-6] c.e.c.c.LogLevelCountController          : 找到日志统计文件: C:\Users\HS\Desktop\carpool\carpool-b\log_level_count.txt
2026-01-09T00:43:40.084+08:00  INFO 18888 --- [carpool] [http-nio-8080-exec-6] c.e.c.c.LogLevelCountController          : 成功读取日志统计文件，内容长度: 1793
2026-01-09T00:43:41.079+08:00  INFO 18888 --- [carpool] [http-nio-8080-exec-3] c.e.c.c.LogLevelCountController          : 尝试读取日志统计文件...
2026-01-09T00:43:41.080+08:00  INFO 18888 --- [carpool] [http-nio-8080-exec-3] c.e.c.c.LogLevelCountController          : 找到日志统计文件: C:\Users\HS\Desktop\carpool\carpool-b\log_level_count.txt
2026-01-09T00:43:41.098+08:00  INFO 18888 --- [carpool] [http-nio-8080-exec-3] c.e.c.c.LogLevelCountController          : 成功读取日志统计文件，内容长度: 1794
2026-01-09T00:43:42.070+08:00  INFO 18888 --- [carpool] [http-nio-8080-exec-9] c.e.c.c.LogLevelCountController          : 尝试读取日志统计文件...
2026-01-09T00:43:42.070+08:00  INFO 18888 --- [carpool] [http-nio-8080-exec-9] c.e.c.c.LogLevelCountController          : 找到日志统计文件: C:\Users\HS\Desktop\carpool\carpool-b\log_level_count.txt
2026-01-09T00:43:42.082+08:00  INFO 18888 --- [carpool] [http-nio-8080-exec-9] c.e.c.c.LogLevelCountController          : 成功读取日志统计文件，内容长度: 1793
2026-01-09T00:43:43.078+08:00  INFO 18888 --- [carpool] [http-nio-8080-exec-10] c.e.c.c.LogLevelCountController          : 尝试读取日志统计文件...
2026-01-09T00:43:43.079+08:00  INFO 18888 --- [carpool] [http-nio-8080-exec-10] c.e.c.c.LogLevelCountController          : 找到日志统计文件: C:\Users\HS\Desktop\carpool\carpool-b\log_level_count.txt
2026-01-09T00:43:43.079+08:00  INFO 18888 --- [carpool] [http-nio-8080-exec-10] c.e.c.c.LogLevelCountController          : 成功读取日志统计文件，内容长度: 1793
2026-01-09T00:43:44.071+08:00  INFO 18888 --- [carpool] [http-nio-8080-exec-2] c.e.c.c.LogLevelCountController          : 尝试读取日志统计文件...
2026-01-09T00:43:44.071+08:00  INFO 18888 --- [carpool] [http-nio-8080-exec-2] c.e.c.c.LogLevelCountController          : 找到日志统计文件: C:\Users\HS\Desktop\carpool\carpool-b\log_level_count.txt
2026-01-09T00:43:44.081+08:00  INFO 18888 --- [carpool] [http-nio-8080-exec-2] c.e.c.c.LogLevelCountController          : 成功读取日志统计文件，内容长度: 1794
2026-01-09T00:43:45.083+08:00  INFO 18888 --- [carpool] [http-nio-8080-exec-5] c.e.c.c.LogLevelCountController          : 尝试读取日志统计文件...
2026-01-09T00:43:45.083+08:00  INFO 18888 --- [carpool] [http-nio-8080-exec-5] c.e.c.c.LogLevelCountController          : 找到日志统计文件: C:\Users\HS\Desktop\carpool\carpool-b\log_level_count.txt
2026-01-09T00:43:45.093+08:00  INFO 18888 --- [carpool] [http-nio-8080-exec-5] c.e.c.c.LogLevelCountController          : 成功读取日志统计文件，内容长度: 1793
2026-01-09T00:43:46.077+08:00  INFO 18888 --- [carpool] [http-nio-8080-exec-7] c.e.c.c.LogLevelCountController          : 尝试读取日志统计文件...
2026-01-09T00:43:46.077+08:00  INFO 18888 --- [carpool] [http-nio-8080-exec-7] c.e.c.c.LogLevelCountController          : 找到日志统计文件: C:\Users\HS\Desktop\carpool\carpool-b\log_level_count.txt
2026-01-09T00:43:46.089+08:00  INFO 18888 --- [carpool] [http-nio-8080-exec-7] c.e.c.c.LogLevelCountController          : 成功读取日志统计文件，内容长度: 1793
2026-01-09T00:43:47.081+08:00  INFO 18888 --- [carpool] [http-nio-8080-exec-8] c.e.c.c.LogLevelCountController          : 尝试读取日志统计文件...
2026-01-09T00:43:47.082+08:00  INFO 18888 --- [carpool] [http-nio-8080-exec-8] c.e.c.c.LogLevelCountController          : 找到日志统计文件: C:\Users\HS\Desktop\carpool\carpool-b\log_level_count.txt
2026-01-09T00:43:47.082+08:00  INFO 18888 --- [carpool] [http-nio-8080-exec-8] c.e.c.c.LogLevelCountController          : 成功读取日志统计文件，内容长度: 1793
2026-01-09T00:43:48.074+08:00  INFO 18888 --- [carpool] [http-nio-8080-exec-1] c.e.c.c.LogLevelCountController          : 尝试读取日志统计文件...
2026-01-09T00:43:48.074+08:00  INFO 18888 --- [carpool] [http-nio-8080-exec-1] c.e.c.c.LogLevelCountController          : 找到日志统计文件: C:\Users\HS\Desktop\carpool\carpool-b\log_level_count.txt
2026-01-09T00:43:48.085+08:00  INFO 18888 --- [carpool] [http-nio-8080-exec-1] c.e.c.c.LogLevelCountController          : 成功读取日志统计文件，内容长度: 1794
2026-01-09T00:43:49.069+08:00  INFO 18888 --- [carpool] [http-nio-8080-exec-4] c.e.c.c.LogLevelCountController          : 尝试读取日志统计文件...
2026-01-09T00:43:49.069+08:00  INFO 18888 --- [carpool] [http-nio-8080-exec-4] c.e.c.c.LogLevelCountController          : 找到日志统计文件: C:\Users\HS\Desktop\carpool\carpool-b\log_level_count.txt
2026-01-09T00:43:49.079+08:00  INFO 18888 --- [carpool] [http-nio-8080-exec-4] c.e.c.c.LogLevelCountController          : 成功读取日志统计文件，内容长度: 1793
2026-01-09T00:43:50.075+08:00  INFO 18888 --- [carpool] [http-nio-8080-exec-6] c.e.c.c.LogLevelCountController          : 尝试读取日志统计文件...
2026-01-09T00:43:50.075+08:00  INFO 18888 --- [carpool] [http-nio-8080-exec-6] c.e.c.c.LogLevelCountController          : 找到日志统计文件: C:\Users\HS\Desktop\carpool\carpool-b\log_level_count.txt
2026-01-09T00:43:50.075+08:00  INFO 18888 --- [carpool] [http-nio-8080-exec-6] c.e.c.c.LogLevelCountController          : 成功读取日志统计文件，内容长度: 1793
2026-01-09T00:43:51.085+08:00  INFO 18888 --- [carpool] [http-nio-8080-exec-3] c.e.c.c.LogLevelCountController          : 尝试读取日志统计文件...
2026-01-09T00:43:51.085+08:00  INFO 18888 --- [carpool] [http-nio-8080-exec-3] c.e.c.c.LogLevelCountController          : 找到日志统计文件: C:\Users\HS\Desktop\carpool\carpool-b\log_level_count.txt
2026-01-09T00:43:51.096+08:00  INFO 18888 --- [carpool] [http-nio-8080-exec-3] c.e.c.c.LogLevelCountController          : 成功读取日志统计文件，内容长度: 1794
2026-01-09T00:43:52.080+08:00  INFO 18888 --- [carpool] [http-nio-8080-exec-9] c.e.c.c.LogLevelCountController          : 尝试读取日志统计文件...
2026-01-09T00:43:52.080+08:00  INFO 18888 --- [carpool] [http-nio-8080-exec-9] c.e.c.c.LogLevelCountController          : 找到日志统计文件: C:\Users\HS\Desktop\carpool\carpool-b\log_level_count.txt
2026-01-09T00:43:52.091+08:00  INFO 18888 --- [carpool] [http-nio-8080-exec-9] c.e.c.c.LogLevelCountController          : 成功读取日志统计文件，内容长度: 1793
2026-01-09T00:43:53.077+08:00  INFO 18888 --- [carpool] [http-nio-8080-exec-10] c.e.c.c.LogLevelCountController          : 尝试读取日志统计文件...
2026-01-09T00:43:53.077+08:00  INFO 18888 --- [carpool] [http-nio-8080-exec-10] c.e.c.c.LogLevelCountController          : 找到日志统计文件: C:\Users\HS\Desktop\carpool\carpool-b\log_level_count.txt
2026-01-09T00:43:53.089+08:00  INFO 18888 --- [carpool] [http-nio-8080-exec-10] c.e.c.c.LogLevelCountController          : 成功读取日志统计文件，内容长度: 1793
2026-01-09T00:43:54.073+08:00  INFO 18888 --- [carpool] [http-nio-8080-exec-2] c.e.c.c.LogLevelCountController          : 尝试读取日志统计文件...
2026-01-09T00:43:54.074+08:00  INFO 18888 --- [carpool] [http-nio-8080-exec-2] c.e.c.c.LogLevelCountController          : 找到日志统计文件: C:\Users\HS\Desktop\carpool\carpool-b\log_level_count.txt
2026-01-09T00:43:54.074+08:00  INFO 18888 --- [carpool] [http-nio-8080-exec-2] c.e.c.c.LogLevelCountController          : 成功读取日志统计文件，内容长度: 1793
2026-01-09T00:43:55.082+08:00  INFO 18888 --- [carpool] [http-nio-8080-exec-5] c.e.c.c.LogLevelCountController          : 尝试读取日志统计文件...
2026-01-09T00:43:55.083+08:00  INFO 18888 --- [carpool] [http-nio-8080-exec-5] c.e.c.c.LogLevelCountController          : 找到日志统计文件: C:\Users\HS\Desktop\carpool\carpool-b\log_level_count.txt
2026-01-09T00:43:55.093+08:00  INFO 18888 --- [carpool] [http-nio-8080-exec-5] c.e.c.c.LogLevelCountController          : 成功读取日志统计文件，内容长度: 1794
2026-01-09T00:43:56.080+08:00  INFO 18888 --- [carpool] [http-nio-8080-exec-7] c.e.c.c.LogLevelCountController          : 尝试读取日志统计文件...
2026-01-09T00:43:56.080+08:00  INFO 18888 --- [carpool] [http-nio-8080-exec-7] c.e.c.c.LogLevelCountController          : 找到日志统计文件: C:\Users\HS\Desktop\carpool\carpool-b\log_level_count.txt
2026-01-09T00:43:56.090+08:00  INFO 18888 --- [carpool] [http-nio-8080-exec-7] c.e.c.c.LogLevelCountController          : 成功读取日志统计文件，内容长度: 1793
2026-01-09T00:43:57.075+08:00  INFO 18888 --- [carpool] [http-nio-8080-exec-8] c.e.c.c.LogLevelCountController          : 尝试读取日志统计文件...
2026-01-09T00:43:57.075+08:00  INFO 18888 --- [carpool] [http-nio-8080-exec-8] c.e.c.c.LogLevelCountController          : 找到日志统计文件: C:\Users\HS\Desktop\carpool\carpool-b\log_level_count.txt
2026-01-09T00:43:57.076+08:00  INFO 18888 --- [carpool] [http-nio-8080-exec-8] c.e.c.c.LogLevelCountController          : 成功读取日志统计文件，内容长度: 1793
2026-01-09T00:43:58.070+08:00  INFO 18888 --- [carpool] [http-nio-8080-exec-1] c.e.c.c.LogLevelCountController          : 尝试读取日志统计文件...
2026-01-09T00:43:58.070+08:00  INFO 18888 --- [carpool] [http-nio-8080-exec-1] c.e.c.c.LogLevelCountController          : 找到日志统计文件: C:\Users\HS\Desktop\carpool\carpool-b\log_level_count.txt
2026-01-09T00:43:58.082+08:00  INFO 18888 --- [carpool] [http-nio-8080-exec-1] c.e.c.c.LogLevelCountController          : 成功读取日志统计文件，内容长度: 1794
2026-01-09T00:43:59.080+08:00  INFO 18888 --- [carpool] [http-nio-8080-exec-4] c.e.c.c.LogLevelCountController          : 尝试读取日志统计文件...
2026-01-09T00:43:59.080+08:00  INFO 18888 --- [carpool] [http-nio-8080-exec-4] c.e.c.c.LogLevelCountController          : 找到日志统计文件: C:\Users\HS\Desktop\carpool\carpool-b\log_level_count.txt
2026-01-09T00:43:59.091+08:00  INFO 18888 --- [carpool] [http-nio-8080-exec-4] c.e.c.c.LogLevelCountController          : 成功读取日志统计文件，内容长度: 1793
2026-01-09T00:44:00.071+08:00  INFO 18888 --- [carpool] [http-nio-8080-exec-6] c.e.c.c.LogLevelCountController          : 尝试读取日志统计文件...
2026-01-09T00:44:00.072+08:00  INFO 18888 --- [carpool] [http-nio-8080-exec-6] c.e.c.c.LogLevelCountController          : 找到日志统计文件: C:\Users\HS\Desktop\carpool\carpool-b\log_level_count.txt
2026-01-09T00:44:00.084+08:00  INFO 18888 --- [carpool] [http-nio-8080-exec-6] c.e.c.c.LogLevelCountController          : 成功读取日志统计文件，内容长度: 1793
2026-01-09T00:44:01.078+08:00  INFO 18888 --- [carpool] [http-nio-8080-exec-3] c.e.c.c.LogLevelCountController          : 尝试读取日志统计文件...
2026-01-09T00:44:01.080+08:00  INFO 18888 --- [carpool] [http-nio-8080-exec-3] c.e.c.c.LogLevelCountController          : 找到日志统计文件: C:\Users\HS\Desktop\carpool\carpool-b\log_level_count.txt
2026-01-09T00:44:01.090+08:00  INFO 18888 --- [carpool] [http-nio-8080-exec-3] c.e.c.c.LogLevelCountController          : 成功读取日志统计文件，内容长度: 1793
2026-01-09T00:44:02.078+08:00  INFO 18888 --- [carpool] [http-nio-8080-exec-9] c.e.c.c.LogLevelCountController          : 尝试读取日志统计文件...
2026-01-09T00:44:02.079+08:00  INFO 18888 --- [carpool] [http-nio-8080-exec-9] c.e.c.c.LogLevelCountController          : 找到日志统计文件: C:\Users\HS\Desktop\carpool\carpool-b\log_level_count.txt
2026-01-09T00:44:02.091+08:00  INFO 18888 --- [carpool] [http-nio-8080-exec-9] c.e.c.c.LogLevelCountController          : 成功读取日志统计文件，内容长度: 1794
2026-01-09T00:44:03.074+08:00  INFO 18888 --- [carpool] [http-nio-8080-exec-10] c.e.c.c.LogLevelCountController          : 尝试读取日志统计文件...
2026-01-09T00:44:03.074+08:00  INFO 18888 --- [carpool] [http-nio-8080-exec-10] c.e.c.c.LogLevelCountController          : 找到日志统计文件: C:\Users\HS\Desktop\carpool\carpool-b\log_level_count.txt
2026-01-09T00:44:03.083+08:00  INFO 18888 --- [carpool] [http-nio-8080-exec-10] c.e.c.c.LogLevelCountController          : 成功读取日志统计文件，内容长度: 1793
2026-01-09T00:44:04.083+08:00  INFO 18888 --- [carpool] [http-nio-8080-exec-2] c.e.c.c.LogLevelCountController          : 尝试读取日志统计文件...
2026-01-09T00:44:04.083+08:00  INFO 18888 --- [carpool] [http-nio-8080-exec-2] c.e.c.c.LogLevelCountController          : 找到日志统计文件: C:\Users\HS\Desktop\carpool\carpool-b\log_level_count.txt
2026-01-09T00:44:04.083+08:00  INFO 18888 --- [carpool] [http-nio-8080-exec-2] c.e.c.c.LogLevelCountController          : 成功读取日志统计文件，内容长度: 1793
2026-01-09T00:44:05.078+08:00  INFO 18888 --- [carpool] [http-nio-8080-exec-5] c.e.c.c.LogLevelCountController          : 尝试读取日志统计文件...
2026-01-09T00:44:05.078+08:00  INFO 18888 --- [carpool] [http-nio-8080-exec-5] c.e.c.c.LogLevelCountController          : 找到日志统计文件: C:\Users\HS\Desktop\carpool\carpool-b\log_level_count.txt
2026-01-09T00:44:05.090+08:00  INFO 18888 --- [carpool] [http-nio-8080-exec-5] c.e.c.c.LogLevelCountController          : 成功读取日志统计文件，内容长度: 1794
2026-01-09T00:44:06.073+08:00  INFO 18888 --- [carpool] [http-nio-8080-exec-7] c.e.c.c.LogLevelCountController          : 尝试读取日志统计文件...
2026-01-09T00:44:06.074+08:00  INFO 18888 --- [carpool] [http-nio-8080-exec-7] c.e.c.c.LogLevelCountController          : 找到日志统计文件: C:\Users\HS\Desktop\carpool\carpool-b\log_level_count.txt
2026-01-09T00:44:06.083+08:00  INFO 18888 --- [carpool] [http-nio-8080-exec-7] c.e.c.c.LogLevelCountController          : 成功读取日志统计文件，内容长度: 1793
2026-01-09T00:44:06.916+08:00  INFO 18888 --- [carpool] [http-nio-8080-exec-8] c.e.c.c.LogLevelCountController          : 尝试读取日志统计文件...
2026-01-09T00:44:06.916+08:00  INFO 18888 --- [carpool] [http-nio-8080-exec-8] c.e.c.c.LogLevelCountController          : 找到日志统计文件: C:\Users\HS\Desktop\carpool\carpool-b\log_level_count.txt
2026-01-09T00:44:06.916+08:00  INFO 18888 --- [carpool] [http-nio-8080-exec-8] c.e.c.c.LogLevelCountController          : 成功读取日志统计文件，内容长度: 1793
2026-01-09T00:44:07.909+08:00  INFO 18888 --- [carpool] [http-nio-8080-exec-1] c.e.c.c.LogLevelCountController          : 尝试读取日志统计文件...
2026-01-09T00:44:07.909+08:00  INFO 18888 --- [carpool] [http-nio-8080-exec-1] c.e.c.c.LogLevelCountController          : 找到日志统计文件: C:\Users\HS\Desktop\carpool\carpool-b\log_level_count.txt
2026-01-09T00:44:07.919+08:00  INFO 18888 --- [carpool] [http-nio-8080-exec-1] c.e.c.c.LogLevelCountController          : 成功读取日志统计文件，内容长度: 1794
2026-01-09T00:44:08.907+08:00  INFO 18888 --- [carpool] [http-nio-8080-exec-4] c.e.c.c.LogLevelCountController          : 尝试读取日志统计文件...
2026-01-09T00:44:08.908+08:00  INFO 18888 --- [carpool] [http-nio-8080-exec-4] c.e.c.c.LogLevelCountController          : 找到日志统计文件: C:\Users\HS\Desktop\carpool\carpool-b\log_level_count.txt
2026-01-09T00:44:08.917+08:00  INFO 18888 --- [carpool] [http-nio-8080-exec-4] c.e.c.c.LogLevelCountController          : 成功读取日志统计文件，内容长度: 1793
2026-01-09T00:44:09.916+08:00  INFO 18888 --- [carpool] [http-nio-8080-exec-6] c.e.c.c.LogLevelCountController          : 尝试读取日志统计文件...
2026-01-09T00:44:09.918+08:00  INFO 18888 --- [carpool] [http-nio-8080-exec-6] c.e.c.c.LogLevelCountController          : 找到日志统计文件: C:\Users\HS\Desktop\carpool\carpool-b\log_level_count.txt
2026-01-09T00:44:09.918+08:00  INFO 18888 --- [carpool] [http-nio-8080-exec-6] c.e.c.c.LogLevelCountController          : 成功读取日志统计文件，内容长度: 1793
2026-01-09T00:44:10.909+08:00  INFO 18888 --- [carpool] [http-nio-8080-exec-3] c.e.c.c.LogLevelCountController          : 尝试读取日志统计文件...
2026-01-09T00:44:10.910+08:00  INFO 18888 --- [carpool] [http-nio-8080-exec-3] c.e.c.c.LogLevelCountController          : 找到日志统计文件: C:\Users\HS\Desktop\carpool\carpool-b\log_level_count.txt
2026-01-09T00:44:10.921+08:00  INFO 18888 --- [carpool] [http-nio-8080-exec-3] c.e.c.c.LogLevelCountController          : 成功读取日志统计文件，内容长度: 1794
2026-01-09T00:44:11.908+08:00  INFO 18888 --- [carpool] [http-nio-8080-exec-9] c.e.c.c.LogLevelCountController          : 尝试读取日志统计文件...
2026-01-09T00:44:11.908+08:00  INFO 18888 --- [carpool] [http-nio-8080-exec-9] c.e.c.c.LogLevelCountController          : 找到日志统计文件: C:\Users\HS\Desktop\carpool\carpool-b\log_level_count.txt
2026-01-09T00:44:11.918+08:00  INFO 18888 --- [carpool] [http-nio-8080-exec-9] c.e.c.c.LogLevelCountController          : 成功读取日志统计文件，内容长度: 1793
2026-01-09T00:44:12.906+08:00  INFO 18888 --- [carpool] [http-nio-8080-exec-10] c.e.c.c.LogLevelCountController          : 尝试读取日志统计文件...
2026-01-09T00:44:12.906+08:00  INFO 18888 --- [carpool] [http-nio-8080-exec-10] c.e.c.c.LogLevelCountController          : 找到日志统计文件: C:\Users\HS\Desktop\carpool\carpool-b\log_level_count.txt
2026-01-09T00:44:12.916+08:00  INFO 18888 --- [carpool] [http-nio-8080-exec-10] c.e.c.c.LogLevelCountController          : 成功读取日志统计文件，内容长度: 1793
2026-01-09T00:44:13.916+08:00  INFO 18888 --- [carpool] [http-nio-8080-exec-2] c.e.c.c.LogLevelCountController          : 尝试读取日志统计文件...
2026-01-09T00:44:13.916+08:00  INFO 18888 --- [carpool] [http-nio-8080-exec-2] c.e.c.c.LogLevelCountController          : 找到日志统计文件: C:\Users\HS\Desktop\carpool\carpool-b\log_level_count.txt
2026-01-09T00:44:13.916+08:00  INFO 18888 --- [carpool] [http-nio-8080-exec-2] c.e.c.c.LogLevelCountController          : 成功读取日志统计文件，内容长度: 1793
2026-01-09T00:44:14.911+08:00  INFO 18888 --- [carpool] [http-nio-8080-exec-5] c.e.c.c.LogLevelCountController          : 尝试读取日志统计文件...
2026-01-09T00:44:14.912+08:00  INFO 18888 --- [carpool] [http-nio-8080-exec-5] c.e.c.c.LogLevelCountController          : 找到日志统计文件: C:\Users\HS\Desktop\carpool\carpool-b\log_level_count.txt
2026-01-09T00:44:14.922+08:00  INFO 18888 --- [carpool] [http-nio-8080-exec-5] c.e.c.c.LogLevelCountController          : 成功读取日志统计文件，内容长度: 1794
2026-01-09T00:44:16.072+08:00  INFO 18888 --- [carpool] [http-nio-8080-exec-7] c.e.c.c.LogLevelCountController          : 尝试读取日志统计文件...
2026-01-09T00:44:16.073+08:00  INFO 18888 --- [carpool] [http-nio-8080-exec-7] c.e.c.c.LogLevelCountController          : 找到日志统计文件: C:\Users\HS\Desktop\carpool\carpool-b\log_level_count.txt
2026-01-09T00:44:16.084+08:00  INFO 18888 --- [carpool] [http-nio-8080-exec-7] c.e.c.c.LogLevelCountController          : 成功读取日志统计文件，内容长度: 1793
2026-01-09T00:44:17.083+08:00  INFO 18888 --- [carpool] [http-nio-8080-exec-8] c.e.c.c.LogLevelCountController          : 尝试读取日志统计文件...
2026-01-09T00:44:17.083+08:00  INFO 18888 --- [carpool] [http-nio-8080-exec-8] c.e.c.c.LogLevelCountController          : 找到日志统计文件: C:\Users\HS\Desktop\carpool\carpool-b\log_level_count.txt
2026-01-09T00:44:17.095+08:00  INFO 18888 --- [carpool] [http-nio-8080-exec-8] c.e.c.c.LogLevelCountController          : 成功读取日志统计文件，内容长度: 1793
